﻿{
  "$schema": "http://schema.management.azure.com/schemas/2015-01-01/deploymentTemplate.json#",
  "contentVersion": "1.0.0.0",
  "variables": {
    "resourcesApiVersion": "2016-09-01",
    "defaultDependency": [
      {
        "name": "[if(parameters('deployExmDds'), 'application-exm', 'application')]"
      }
    ],
    "dependencies": "[concat(variables('defaultDependency'), parameters('modules').items)]"
  },
  "parameters": {
    "modules": {
      "type": "secureObject",
      "defaultValue": {
        "items": [
          {
            "name": "empty",
            "templateLink": "[concat(uri(parameters('templateLinkBase'), 'nested/emptyAddon.json'), parameters('templateLinkAccessToken'))]",
            "parameters": {
            }
          }
        ]
      }
    },

    "templateLinkBase": {
      "type": "string",
      "minLength": 1,
      "defaultValue": "[uri(replace(json(string(deployment().properties.templateLink)).uri,' ','%20'), '.')]"
    },
    "templateLinkAccessToken": {
      "type": "securestring",
      "defaultValue": ""
    },

    "deploymentId": {
      "type": "string",
      "defaultValue": "[resourceGroup().name]"
    },
    "location": {
      "type": "string",
      "minLength": 1,
      "defaultValue": "[resourceGroup().location]"
    },

    "sitecoreAdminPassword": {
      "type": "securestring",
      "minLength": 8
    },
    "licenseXml": {
      "type": "securestring",
      "minLength": 1
    },
    "sitecoreSKU": {
      "type": "string",
      "allowedValues": [ "Extra Small", "Small", "Medium", "Large", "Extra Large" ],
      "defaultValue": "Extra Small",
      "metadata": {
        "description": "Sitecore SKU controls the sizes and service levels of the provisioned resources"
      }
    },
    "repAuthenticationApiKey": {
      "type": "securestring",
      "minLength": 32
    },

    "sqlServerName": {
      "type": "string",
      "minLength": 1,
      "defaultValue": "[concat(parameters('deploymentId'), '-sql')]"
    },
    "sqlServerLogin": {
      "type": "string",
      "minLength": 1
    },
    "sqlServerPassword": {
      "type": "securestring",
      "minLength": 8
    },

    "sqlServerVersion": {
      "type": "string",
      "minLength": 1,
      "defaultValue": "12.0"
    },
    "sqlDatabaseCollation": {
      "type": "string",
      "minLength": 1,
      "defaultValue": "SQL_Latin1_General_CP1_CI_AS"
    },

    "coreSqlDatabaseName": {
      "type": "string",
      "minLength": 1,
      "defaultValue": "[concat(parameters('deploymentId'), '-core-db')]"
    },
    "masterSqlDatabaseName": {
      "type": "string",
      "minLength": 1,
      "defaultValue": "[concat(parameters('deploymentId'), '-master-db')]"
    },
    "webSqlDatabaseName": {
      "type": "string",
      "minLength": 1,
      "defaultValue": "[concat(parameters('deploymentId'), '-web-db')]"
    },
    "reportingSqlDatabaseName": {
      "type": "string",
      "minLength": 1,
      "defaultValue": "[concat(parameters('deploymentId'), '-reporting-db')]"
    },
    "poolsSqlDatabaseName": {
      "type": "string",
      "minLength": 1,
      "defaultValue": "[concat(parameters('deploymentId'), '-pools-db')]"
    },
    "tasksSqlDatabaseName": {
      "type": "string",
      "minLength": 1,
      "defaultValue": "[concat(parameters('deploymentId'), '-tasks-db')]"
    },
    "formsSqlDatabaseName": {
      "type": "string",
      "minLength": 1,
      "defaultValue": "[concat(parameters('deploymentId'), '-forms-db')]"
    },
    "exmMasterSqlDatabaseName": {
      "type": "string",
      "minLength": 1,
      "defaultValue": "[concat(parameters('deploymentId'), '-exmmaster-db')]"
    },
    "shardMapManagerSqlDatabaseName": {
      "type": "string",
      "minLength": 1,
      "defaultValue": "[concat(parameters('deploymentId'), '-smm-db')]"
    },
    "shard0SqlDatabaseName": {
      "type": "string",
      "minLength": 1,
      "defaultValue": "[concat(parameters('deploymentId'), '-shard0-db')]"
    },
    "shard1SqlDatabaseName": {
      "type": "string",
      "minLength": 1,
      "defaultValue": "[concat(parameters('deploymentId'), '-shard1-db')]"
    },
    "refDataSqlDatabaseName": {
      "type": "string",
      "minLength": 1,
      "defaultValue": "[concat(parameters('deploymentId'), '-refdata-db')]"
    },
    "maSqlDatabaseName": {
      "type": "string",
      "minLength": 1,
      "defaultValue": "[concat(parameters('deploymentId'), '-ma-db')]"
    },
    "messagingSqlDatabaseName": {
      "type": "string",
      "minLength": 1,
      "defaultValue": "[concat(parameters('deploymentId'), '-messaging-db')]"
    },

    "coreSqlDatabaseUserName": {
      "type": "string",
      "minLength": 1,
      "defaultValue": "coreuser"
    },
    "coreSqlDatabasePassword": {
      "type": "securestring",
      "minLength": 8,
      "defaultValue": "[concat(toUpper(uniqueString('core', parameters('passwordSalt'))), uniqueString('core', parameters('sqlServerPassword'), parameters('passwordSalt')), toUpper(uniqueString('core', parameters('sitecoreAdminPassword'), parameters('passwordSalt'))), '4@')]"
    },
    "masterSqlDatabaseUserName": {
      "type": "string",
      "minLength": 1,
      "defaultValue": "masteruser"
    },
    "masterSqlDatabasePassword": {
      "type": "securestring",
      "minLength": 8,
      "defaultValue": "[concat(toUpper(uniqueString('master', parameters('passwordSalt'))), uniqueString('master', parameters('sqlServerPassword'), parameters('passwordSalt')), toUpper(uniqueString('master', parameters('sitecoreAdminPassword'), parameters('passwordSalt'))), '4@')]"
    },
    "webSqlDatabaseUserName": {
      "type": "string",
      "minLength": 1,
      "defaultValue": "webuser"
    },
    "webSqlDatabasePassword": {
      "type": "securestring",
      "minLength": 8,
      "defaultValue": "[concat(toUpper(uniqueString('web', parameters('passwordSalt'))), uniqueString('web', parameters('sqlServerPassword'), parameters('passwordSalt')), toUpper(uniqueString('web', parameters('sitecoreAdminPassword'), parameters('passwordSalt'))), '4@')]"
    },
    "formsSqlDatabaseUserName": {
      "type": "string",
      "minLength": 1,
      "defaultValue": "formsuser"
    },
    "formsSqlDatabasePassword": {
      "type": "securestring",
      "minLength": 8,
      "defaultValue": "[concat(toUpper(uniqueString('forms', parameters('passwordSalt'))), uniqueString('forms', parameters('sqlServerPassword'), parameters('passwordSalt')), toUpper(uniqueString('forms', parameters('sitecoreAdminPassword'), parameters('passwordSalt'))), '4@')]"
    },
    "exmMasterSqlDatabaseUserName": {
      "type": "string",
      "minLength": 1,
      "defaultValue": "exmmasteruser"
    },
    "exmMasterSqlDatabasePassword": {
      "type": "securestring",
      "minLength": 8,
      "defaultValue": "[concat(toUpper(uniqueString('exmmaster', parameters('passwordSalt'))), uniqueString('exmmaster', parameters('sqlServerPassword'), parameters('passwordSalt')), toUpper(uniqueString('exmmaster', parameters('sitecoreAdminPassword'), parameters('passwordSalt'))), '4@')]"
    },
    "reportingSqlDatabaseUserName": {
      "type": "string",
      "minLength": 1,
      "defaultValue": "reportinguser"
    },
    "reportingSqlDatabasePassword": {
      "type": "securestring",
      "minLength": 8,
      "defaultValue": "[concat(toUpper(uniqueString('reporting', parameters('passwordSalt'))), uniqueString('reporting', parameters('sqlServerPassword'), parameters('passwordSalt')), toUpper(uniqueString('reporting', parameters('sitecoreAdminPassword'), parameters('passwordSalt'))), '4@')]"
    },
    "poolsSqlDatabaseUserName": {
      "type": "string",
      "minLength": 1,
      "defaultValue": "poolsuser"
    },
    "poolsSqlDatabasePassword": {
      "type": "securestring",
      "minLength": 8,
      "defaultValue": "[concat(toUpper(uniqueString('pools', parameters('passwordSalt'))), uniqueString('pools', parameters('sqlServerPassword'), parameters('passwordSalt')), toUpper(uniqueString('pools', parameters('sitecoreAdminPassword'), parameters('passwordSalt'))), '4@')]"
    },
    "tasksSqlDatabaseUserName": {
      "type": "string",
      "minLength": 1,
      "defaultValue": "tasksuser"
    },
    "tasksSqlDatabasePassword": {
      "type": "securestring",
      "minLength": 8,
      "defaultValue": "[concat(toUpper(uniqueString('tasks', parameters('passwordSalt'))), uniqueString('tasks', parameters('sqlServerPassword'), parameters('passwordSalt')), toUpper(uniqueString('tasks', parameters('sitecoreAdminPassword'), parameters('passwordSalt'))), '4@')]"
    },
    "xcRefDataSqlDatabaseUserName": {
      "type": "string",
      "minLength": 1,
      "defaultValue": "xcrefdatauser"
    },
    "xcRefDataSqlDatabasePassword": {
      "type": "securestring",
      "minLength": 8,
      "defaultValue": "[concat(toUpper(uniqueString('xcrefdata', parameters('passwordSalt'))), uniqueString('xcrefdata', parameters('sqlServerPassword'), parameters('passwordSalt')), toUpper(uniqueString('xcrefdata', parameters('sitecoreAdminPassword'), parameters('passwordSalt'))), '4@')]"
    },
    "xcShardMapManagerSqlDatabaseUserName": {
      "type": "string",
      "minLength": 1,
      "defaultValue": "xcsmmuser"
    },
    "xcShardMapManagerSqlDatabasePassword": {
      "type": "securestring",
      "minLength": 8,
      "defaultValue": "[concat(toUpper(uniqueString('xcsmm', parameters('passwordSalt'))), uniqueString('xcsmm', parameters('sqlServerPassword'), parameters('passwordSalt')), toUpper(uniqueString('xcsmm', parameters('sitecoreAdminPassword'), parameters('passwordSalt'))), '4@')]"
    },
    "xcMaSqlDatabaseUserName": {
      "type": "string",
      "minLength": 1,
      "defaultValue": "xcmauser"
    },
    "xcMaSqlDatabasePassword": {
      "type": "securestring",
      "minLength": 8,
      "defaultValue": "[concat(toUpper(uniqueString('xcma', parameters('passwordSalt'))), uniqueString('xcma', parameters('sqlServerPassword'), parameters('passwordSalt')), toUpper(uniqueString('xcma', parameters('sitecoreAdminPassword'), parameters('passwordSalt'))), '4@')]"
    },
    "messagingSqlDatabaseUserName": {
      "type": "string",
      "minLength": 1,
      "defaultValue": "messaginguser"
    },
    "messagingSqlDatabasePassword": {
      "type": "securestring",
      "minLength": 8,
      "defaultValue": "[concat(toUpper(uniqueString('messaging', parameters('passwordSalt'))), uniqueString('messaging', parameters('sqlServerPassword'), parameters('passwordSalt')), toUpper(uniqueString('messaging', parameters('sitecoreAdminPassword'), parameters('passwordSalt'))), '4@')]"
    },

    "redisCacheName": {
      "type": "string",
      "minLength": 1,
      "defaultValue": "[concat(parameters('deploymentId'), '-redis')]"
    },

    "searchServiceName": {
      "type": "string",
      "defaultValue": "[concat(parameters('deploymentId'), '-as')]"
    },
    "searchServiceLocation": {
      "type": "string",
      "defaultValue": "[parameters('location')]"
    },
    "searchServiceReplicaCount": {
      "type": "int",
      "defaultValue": 1
    },

    "xcSearchIndexName": {
      "type": "string",
      "minLength": 1,
      "defaultValue": "xdb"
    },

    "solrConnectionString": {
      "type": "securestring",
      "defaultValue": ""
    },
    "xcSolrConnectionString": {
      "type": "securestring",
      "defaultValue": "[parameters('solrConnectionString')]"
    },

    "applicationInsightsName": {
      "type": "string",
      "minLength": 1,
      "defaultValue": "[concat(parameters('deploymentId'), '-ai')]"
    },
    "applicationInsightsLocation": {
      "type": "string",
      "defaultValue": "East US"
    },
    "applicationInsightsPricePlan": {
      "type": "string",
      "minLength": 1,
      "defaultValue": "[concat(parameters('deploymentId'), '-ai-pp')]"
    },
    "applicationInsightsDataVolumeCap": {
      "type": "string",
      "defaultValue": ""
    },

    "cmHostingPlanName": {
      "type": "string",
      "minLength": 1,
      "defaultValue": "[concat(parameters('deploymentId'), '-cm-hp')]"
    },
    "cdHostingPlanName": {
      "type": "string",
      "minLength": 1,
      "defaultValue": "[concat(parameters('deploymentId'), '-cd-hp')]"
    },
    "prcHostingPlanName": {
      "type": "string",
      "minLength": 1,
      "defaultValue": "[concat(parameters('deploymentId'), '-prc-hp')]"
    },
    "repHostingPlanName": {
      "type": "string",
      "minLength": 1,
      "defaultValue": "[concat(parameters('deploymentId'), '-rep-hp')]"
    },
    "xcBasicHostingPlanName": {
      "type": "string",
      "minLength": 1,
      "defaultValue": "[concat(parameters('deploymentId'), '-xc-basic-hp')]"
    },
    "xcResourceIntensiveHostingPlanName": {
      "type": "string",
      "minLength": 1,
      "defaultValue": "[concat(parameters('deploymentId'), '-xc-resourceintensive-hp')]"
    },
    "exmDdsHostingPlanName": {
      "type": "string",
      "defaultValue": "[concat(parameters('deploymentId'), '-exm-dds-hp')]"
    },

    "cmWebAppName": {
      "type": "string",
      "minLength": 1,
      "defaultValue": "[concat(parameters('deploymentId'), '-cm')]"
    },
    "cdWebAppName": {
      "type": "string",
      "minLength": 1,
      "defaultValue": "[concat(parameters('deploymentId'), '-cd')]"
    },
    "prcWebAppName": {
      "type": "string",
      "minLength": 1,
      "defaultValue": "[concat(parameters('deploymentId'), '-prc')]"
    },
    "repWebAppName": {
      "type": "string",
      "minLength": 1,
      "defaultValue": "[concat(parameters('deploymentId'), '-rep')]"
    },
    "xcRefDataWebAppName": {
      "type": "string",
      "minLength": 1,
      "defaultValue": "[concat(parameters('deploymentId'), '-xc-refdata')]"
    },
    "xcCollectWebAppName": {
      "type": "string",
      "minLength": 1,
      "defaultValue": "[concat(parameters('deploymentId'), '-xc-collect')]"
    },
    "xcSearchWebAppName": {
      "type": "string",
      "minLength": 1,
      "defaultValue": "[concat(parameters('deploymentId'), '-xc-search')]"
    },
    "maOpsWebAppName": {
      "type": "string",
      "minLength": 1,
      "defaultValue": "[concat(parameters('deploymentId'), '-ma-ops')]"
    },
    "maRepWebAppName": {
      "type": "string",
      "minLength": 1,
      "defaultValue": "[concat(parameters('deploymentId'), '-ma-rep')]"
    },
    "exmDdsWebAppName": {
      "type": "string",
      "defaultValue": "[concat(parameters('deploymentId'), '-exm-dds')]"
    },

    "cmMsDeployPackageUrl": {
      "type": "securestring"
    },
    "cdMsDeployPackageUrl": {
      "type": "securestring"
    },
    "prcMsDeployPackageUrl": {
      "type": "securestring"
    },
    "repMsDeployPackageUrl": {
      "type": "securestring"
    },
    "xcRefDataMsDeployPackageUrl": {
      "type": "securestring"
    },
    "xcCollectMsDeployPackageUrl": {
      "type": "securestring"
    },
    "xcSearchMsDeployPackageUrl": {
      "type": "securestring"
    },
    "maOpsMsDeployPackageUrl": {
      "type": "securestring"
    },
    "maRepMsDeployPackageUrl": {
      "type": "securestring"
    },
    "exmDdsMsDeployPackageUrl": {
      "type": "securestring",
      "defaultValue": ""
    },
    "exmCmMsDeployPackageUrl": {
      "type": "securestring",
      "defaultValue": ""
    },
    "bootloaderMsDeployPackageUrl": {
      "type": "securestring",
      "defaultValue": ""
    },

    "exmCryptographicKey": {
      "type": "securestring",
      "minLength": 64,
      "defaultValue": "[toUpper(replace(concat(guid(uniqueString('exmCryptographicKey', parameters('sitecoreAdminPassword'), parameters('passwordSalt'))), guid(uniqueString('exmCryptographicKey', parameters('sqlServerPassword'), parameters('passwordSalt')))), '-',''))]"
    },
    "exmAuthenticationKey": {
      "type": "securestring",
      "minLength": 64,
      "defaultValue": "[toUpper(replace(concat(guid(uniqueString('exmAuthenticationKey', parameters('sitecoreAdminPassword'), parameters('passwordSalt'))), guid(uniqueString('exmAuthenticationKey', parameters('sqlServerPassword'), parameters('passwordSalt')))), '-',''))]"
    },
    "exmInternalApiKey": {
      "type": "securestring",
      "minLength": 64,
      "defaultValue": "[toUpper(replace(concat(guid(uniqueString('exmInternalApiKey', parameters('sitecoreAdminPassword'), parameters('passwordSalt'))), guid(uniqueString('exmInternalApiKey', parameters('sqlServerPassword'), parameters('passwordSalt')))), '-',''))]"
    },

    "securityClientIp": {
      "type": "string",
      "minLength": 1,
      "defaultValue": "0.0.0.0"
    },
    "securityClientIpMask": {
      "type": "string",
      "minLength": 1,
      "defaultValue": "0.0.0.0"
    },

    "telerikEncryptionKey": {
      "type": "securestring",
      "minLength": 8,
      "defaultValue": "[concat(toUpper(uniqueString('telerik', parameters('passwordSalt'))), uniqueString('telerik', parameters('sqlServerPassword'), parameters('passwordSalt')), toUpper(uniqueString('telerik', parameters('sitecoreAdminPassword'), parameters('passwordSalt'))), '4@')]"
    },

    "allowInvalidClientCertificates": {
      "type": "bool",
      "defaultValue": false
    },

    "passwordSalt": {
      "type": "securestring",
      "minLength": 1,
      "defaultValue": "[resourceGroup().id]"
    },

    "xcServerConfigurationEnvironment": {
      "type": "string",
      "defaultValue": "Production",
      "allowedValues": [ "Development", "Production" ]
    },
    "authCertificateName": {
      "type": "string",
      "minLength": 1,
      "defaultValue": "[concat(parameters('deploymentId'), '-auth')]"
    },
    "authCertificateBlob": {
      "type": "securestring",
      "minLength": 1,
      "defaultValue": ""
    },
    "authCertificatePassword": {
      "type": "securestring",
      "minLength": 1,
      "defaultValue": ""
    },
    "exmEdsProvider": {
      "type": "string",
      "minLength": 1,
      "allowedValues": [ "CustomSMTP", "EmailCloud" ],
      "defaultValue": "CustomSMTP"
    },

    "deployPlatform": {
      "type": "bool",
      "defaultValue": true
    },
    "deployXConnect": {
      "type": "bool",
      "defaultValue": true
    },
    "deployExmDds": {
      "type": "bool",
      "defaultValue": false
    }

  },
  "resources": [
    {
      "apiVersion": "[variables('resourcesApiVersion')]",
      "name": "[concat(parameters('deploymentId'), '-infrastructure')]",
      "type": "Microsoft.Resources/deployments",
      "properties": {
        "mode": "Incremental",
        "templateLink": {
          "uri": "[concat(uri(parameters('templateLinkBase'), 'nested/infrastructure.json'), parameters('templateLinkAccessToken'))]"
        },
        "parameters": {
          "deploymentId": {
            "value": "[parameters('deploymentId')]"
          },
          "location": {
            "value": "[parameters('location')]"
          },
          "sitecoreSKU": {
            "value": "[parameters('sitecoreSKU')]"
          },

          "sqlServerName": {
            "value": "[parameters('sqlServerName')]"
          },
          "sqlServerLogin": {
            "value": "[parameters('sqlServerLogin')]"
          },
          "sqlServerPassword": {
            "value": "[parameters('sqlServerPassword')]"
          },

          "sqlServerVersion": {
            "value": "[parameters('sqlServerVersion')]"
          },
          "sqlDatabaseCollation": {
            "value": "[parameters('sqlDatabaseCollation')]"
          },

          "coreSqlDatabaseName": {
            "value": "[parameters('coreSqlDatabaseName')]"
          },
          "masterSqlDatabaseName": {
            "value": "[parameters('masterSqlDatabaseName')]"
          },
          "webSqlDatabaseName": {
            "value": "[parameters('webSqlDatabaseName')]"
          },
          "reportingSqlDatabaseName": {
            "value": "[parameters('reportingSqlDatabaseName')]"
          },
          "poolsSqlDatabaseName": {
            "value": "[parameters('poolsSqlDatabaseName')]"
          },
          "tasksSqlDatabaseName": {
            "value": "[parameters('tasksSqlDatabaseName')]"
          },
          "formsSqlDatabaseName": {
            "value": "[parameters('formsSqlDatabaseName')]"
          },
          "exmMasterSqlDatabaseName": {
            "value": "[parameters('exmMasterSqlDatabaseName')]"
          },

          "deployAzureSearch": {
            "value": "[empty(parameters('solrConnectionString'))]"
          },

          "searchServiceName": {
            "value": "[parameters('searchServiceName')]"
          },
          "searchServiceLocation": {
            "value": "[parameters('searchServiceLocation')]"
          },
          "searchServiceReplicaCount": {
            "value": "[parameters('searchServiceReplicaCount')]"
          },
          "redisCacheName": {
            "value": "[parameters('redisCacheName')]"
          },
          "applicationInsightsName": {
            "value": "[parameters('applicationInsightsName')]"
          },
          "applicationInsightsLocation": {
            "value": "[parameters('applicationInsightsLocation')]"
          },
          "applicationInsightsPricePlan": {
            "value": "[parameters('applicationInsightsPricePlan')]"
          },
          "applicationInsightsDataVolumeCap": {
            "value": "[parameters('applicationInsightsDataVolumeCap')]"
          },

          "cmHostingPlanName": {
            "value": "[parameters('cmHostingPlanName')]"
          },
          "cdHostingPlanName": {
            "value": "[parameters('cdHostingPlanName')]"
          },
          "prcHostingPlanName": {
            "value": "[parameters('prcHostingPlanName')]"
          },
          "repHostingPlanName": {
            "value": "[parameters('repHostingPlanName')]"
          },

          "cmWebAppName": {
            "value": "[parameters('cmWebAppName')]"
          },
          "cdWebAppName": {
            "value": "[parameters('cdWebAppName')]"
          },
          "prcWebAppName": {
            "value": "[parameters('prcWebAppName')]"
          },
          "repWebAppName": {
            "value": "[parameters('repWebAppName')]"
          },

          "authCertificateName": {
            "value": "[parameters('authCertificateName')]"
          },
          "authCertificateBlob": {
            "value": "[parameters('authCertificateBlob')]"
          },
          "authCertificatePassword": {
            "value": "[parameters('authCertificatePassword')]"
          }
        }
      }
    },
    {
      "apiVersion": "[variables('resourcesApiVersion')]",
      "name": "[concat(parameters('deploymentId'), '-infrastructure-xc')]",
      "type": "Microsoft.Resources/deployments",
      "properties": {
        "mode": "Incremental",
        "templateLink": {
          "uri": "[concat(uri(parameters('templateLinkBase'), 'nested/infrastructure-xc.json'), parameters('templateLinkAccessToken'))]"
        },
        "parameters": {
          "deploymentId": {
            "value": "[parameters('deploymentId')]"
          },
          "location": {
            "value": "[parameters('location')]"
          },
          "sitecoreSKU": {
            "value": "[parameters('sitecoreSKU')]"
          },

          "sqlServerName": {
            "value": "[parameters('sqlServerName')]"
          },

          "sqlDatabaseCollation": {
            "value": "[parameters('sqlDatabaseCollation')]"
          },

          "shardMapManagerSqlDatabaseName": {
            "value": "[parameters('shardMapManagerSqlDatabaseName')]"
          },
          "shard0SqlDatabaseName": {
            "value": "[parameters('shard0SqlDatabaseName')]"
          },
          "shard1SqlDatabaseName": {
            "value": "[parameters('shard1SqlDatabaseName')]"
          },
          "refDataSqlDatabaseName": {
            "value": "[parameters('refDataSqlDatabaseName')]"
          },
          "messagingSqlDatabaseName": {
            "value": "[parameters('messagingSqlDatabaseName')]"
          },

          "xcBasicHostingPlanName": {
            "value": "[parameters('xcBasicHostingPlanName')]"
          },
          "xcResourceIntensiveHostingPlanName": {
            "value": "[parameters('xcResourceIntensiveHostingPlanName')]"
          },

          "xcRefDataWebAppName": {
            "value": "[parameters('xcRefDataWebAppName')]"
          },
          "xcCollectWebAppName": {
            "value": "[parameters('xcCollectWebAppName')]"
          },
          "xcSearchWebAppName": {
            "value": "[parameters('xcSearchWebAppName')]"
          }
        }
      },
      "dependsOn": [
        "[resourceId('Microsoft.Resources/deployments', concat(parameters('deploymentId'), '-infrastructure'))]"
      ]
    },
    {
      "apiVersion": "[variables('resourcesApiVersion')]",
      "name": "[concat(parameters('deploymentId'), '-infrastructure-exm')]",
      "condition": "[parameters('deployExmDds')]",
      "type": "Microsoft.Resources/deployments",
      "properties": {
        "mode": "Incremental",
        "templateLink": {
          "uri": "[concat(uri(parameters('templateLinkBase'), 'nested/infrastructure-exm.json'), parameters('templateLinkAccessToken'))]"
        },
        "parameters": {
          "deploymentId": {
            "value": "[parameters('deploymentId')]"
          },
          "location": {
            "value": "[parameters('location')]"
          },

          "exmDdsHostingPlanName": {
            "value": "[parameters('exmDdsHostingPlanName')]"
          },

          "exmDdsWebAppName": {
            "value": "[parameters('exmDdsWebAppName')]"
          }
        }
      }
    },
    {
      "apiVersion": "[variables('resourcesApiVersion')]",
      "name": "[concat(parameters('deploymentId'), '-infrastructure-ma')]",
      "type": "Microsoft.Resources/deployments",
      "properties": {
        "mode": "Incremental",
        "templateLink": {
          "uri": "[concat(uri(parameters('templateLinkBase'), 'nested/infrastructure-ma.json'), parameters('templateLinkAccessToken'))]"
        },
        "parameters": {
          "deploymentId": {
            "value": "[parameters('deploymentId')]"
          },
          "location": {
            "value": "[parameters('location')]"
          },
          "sitecoreSKU": {
            "value": "[parameters('sitecoreSKU')]"
          },

          "sqlServerName": {
            "value": "[parameters('sqlServerName')]"
          },

          "sqlDatabaseCollation": {
            "value": "[parameters('sqlDatabaseCollation')]"
          },

          "maSqlDatabaseName": {
            "value": "[parameters('maSqlDatabaseName')]"
          },

          "xcBasicHostingPlanName": {
            "value": "[parameters('xcBasicHostingPlanName')]"
          },

          "maOpsWebAppName": {
            "value": "[parameters('maOpsWebAppName')]"
          },
          "maRepWebAppName": {
            "value": "[parameters('maRepWebAppName')]"
          }
        }
      },
      "dependsOn": [
        "[resourceId('Microsoft.Resources/deployments',concat(parameters('deploymentId'), '-infrastructure-xc'))]"
      ]
    },
    {
      "apiVersion": "[variables('resourcesApiVersion')]",
      "name": "[concat(parameters('deploymentId'), '-application')]",
      "condition": "[parameters('deployPlatform')]",
      "type": "Microsoft.Resources/deployments",
      "properties": {
        "mode": "Incremental",
        "templateLink": {
          "uri": "[concat(uri(parameters('templateLinkBase'), 'nested/application.json'), parameters('templateLinkAccessToken'))]"
        },
        "parameters": {
          "infrastructure": {
            "value": "[reference(concat(parameters('deploymentId'), '-infrastructure')).outputs.infrastructure.value]"
          },

          "deploymentId": {
            "value": "[parameters('deploymentId')]"
          },
          "location": {
            "value": "[parameters('location')]"
          },

          "sitecoreAdminPassword": {
            "value": "[parameters('sitecoreAdminPassword')]"
          },
          "licenseXml": {
            "value": "[parameters('licenseXml')]"
          },
          "repAuthenticationApiKey": {
            "value": "[parameters('repAuthenticationApiKey')]"
          },

          "sqlServerLogin": {
            "value": "[parameters('sqlServerLogin')]"
          },
          "sqlServerPassword": {
            "value": "[parameters('sqlServerPassword')]"
          },

          "coreSqlDatabaseName": {
            "value": "[parameters('coreSqlDatabaseName')]"
          },
          "masterSqlDatabaseName": {
            "value": "[parameters('masterSqlDatabaseName')]"
          },
          "webSqlDatabaseName": {
            "value": "[parameters('webSqlDatabaseName')]"
          },
          "reportingSqlDatabaseName": {
            "value": "[parameters('reportingSqlDatabaseName')]"
          },
          "poolsSqlDatabaseName": {
            "value": "[parameters('poolsSqlDatabaseName')]"
          },
          "tasksSqlDatabaseName": {
            "value": "[parameters('tasksSqlDatabaseName')]"
          },
          "refDataSqlDatabaseName": {
            "value": "[parameters('refDataSqlDatabaseName')]"
          },
          "formsSqlDatabaseName": {
            "value": "[parameters('formsSqlDatabaseName')]"
          },
          "exmMasterSqlDatabaseName": {
            "value": "[parameters('exmMasterSqlDatabaseName')]"
          },
          "messagingSqlDatabaseName": {
            "value": "[parameters('messagingSqlDatabaseName')]"
          },

          "coreSqlDatabaseUserName": {
            "value": "[parameters('coreSqlDatabaseUserName')]"
          },
          "coreSqlDatabasePassword": {
            "value": "[parameters('coreSqlDatabasePassword')]"
          },
          "masterSqlDatabaseUserName": {
            "value": "[parameters('masterSqlDatabaseUserName')]"
          },
          "masterSqlDatabasePassword": {
            "value": "[parameters('masterSqlDatabasePassword')]"
          },
          "webSqlDatabaseUserName": {
            "value": "[parameters('webSqlDatabaseUserName')]"
          },
          "webSqlDatabasePassword": {
            "value": "[parameters('webSqlDatabasePassword')]"
          },
          "formsSqlDatabaseUserName": {
            "value": "[parameters('formsSqlDatabaseUserName')]"
          },
          "formsSqlDatabasePassword": {
            "value": "[parameters('formsSqlDatabasePassword')]"
          },
          "exmMasterSqlDatabaseUserName": {
            "value": "[parameters('exmMasterSqlDatabaseUserName')]"
          },
          "exmMasterSqlDatabasePassword": {
            "value": "[parameters('exmMasterSqlDatabasePassword')]"
          },
          "reportingSqlDatabaseUserName": {
            "value": "[parameters('reportingSqlDatabaseUserName')]"
          },
          "reportingSqlDatabasePassword": {
            "value": "[parameters('reportingSqlDatabasePassword')]"
          },
          "poolsSqlDatabaseUserName": {
            "value": "[parameters('poolsSqlDatabaseUserName')]"
          },
          "poolsSqlDatabasePassword": {
            "value": "[parameters('poolsSqlDatabasePassword')]"
          },
          "tasksSqlDatabaseUserName": {
            "value": "[parameters('tasksSqlDatabaseUserName')]"
          },
          "tasksSqlDatabasePassword": {
            "value": "[parameters('tasksSqlDatabasePassword')]"
          },
          "xcRefDataSqlDatabaseUserName": {
            "value": "[parameters('xcRefDataSqlDatabaseUserName')]"
          },
          "xcRefDataSqlDatabasePassword": {
            "value": "[parameters('xcRefDataSqlDatabasePassword')]"
          },
          "messagingSqlDatabaseUserName": {
            "value": "[parameters('messagingSqlDatabaseUserName')]"
          },
          "messagingSqlDatabasePassword": {
            "value": "[parameters('messagingSqlDatabasePassword')]"
          },

          "redisCacheName": {
            "value": "[parameters('redisCacheName')]"
          },
          "searchServiceName": {
            "value": "[parameters('searchServiceName')]"
          },

          "solrConnectionString": {
            "value": "[parameters('solrConnectionString')]"
          },

          "applicationInsightsName": {
            "value": "[parameters('applicationInsightsName')]"
          },

          "cmWebAppName": {
            "value": "[parameters('cmWebAppName')]"
          },
          "cdWebAppName": {
            "value": "[parameters('cdWebAppName')]"
          },
          "prcWebAppName": {
            "value": "[parameters('prcWebAppName')]"
          },
          "repWebAppName": {
            "value": "[parameters('repWebAppName')]"
          },
          "xcCollectWebAppName": {
            "value": "[parameters('xcCollectWebAppName')]"
          },
          "xcSearchWebAppName": {
            "value": "[parameters('xcSearchWebAppName')]"
          },
          "maOpsWebAppName": {
            "value": "[parameters('maOpsWebAppName')]"
          },
          "maRepWebAppName": {
            "value": "[parameters('maRepWebAppName')]"
          },
          "xcRefDataWebAppName": {
            "value": "[parameters('xcRefDataWebAppName')]"
          },

          "cmMsDeployPackageUrl": {
            "value": "[parameters('cmMsDeployPackageUrl')]"
          },
          "cdMsDeployPackageUrl": {
            "value": "[parameters('cdMsDeployPackageUrl')]"
          },
          "prcMsDeployPackageUrl": {
            "value": "[parameters('prcMsDeployPackageUrl')]"
          },
          "repMsDeployPackageUrl": {
            "value": "[parameters('repMsDeployPackageUrl')]"
          },

          "securityClientIp": {
            "value": "[parameters('securityClientIp')]"
          },
          "securityClientIpMask": {
            "value": "[parameters('securityClientIpMask')]"
          },

          "exmCryptographicKey": {
            "value": "[parameters('exmCryptographicKey')]"
          },
          "exmAuthenticationKey": {
            "value": "[parameters('exmAuthenticationKey')]"
          },

          "telerikEncryptionKey": {
            "value": "[parameters('telerikEncryptionKey')]"
          },

          "allowInvalidClientCertificates": {
            "value": "[parameters('allowInvalidClientCertificates')]"
          },

          "passwordSalt": {
            "value": "[parameters('passwordSalt')]"
          },

          "exmEdsProvider": {
            "value": "[parameters('exmEdsProvider')]"
          }
        }
      },
      "dependsOn": [
        "[resourceId('Microsoft.Resources/deployments', concat(parameters('deploymentId'), '-application-ma'))]"
      ]
    },
    {
      "apiVersion": "[variables('resourcesApiVersion')]",
      "name": "[concat(parameters('deploymentId'), '-application-xc')]",
      "condition": "[parameters('deployXConnect')]",
      "type": "Microsoft.Resources/deployments",
      "properties": {
        "mode": "Incremental",
        "templateLink": {
          "uri": "[concat(uri(parameters('templateLinkBase'), 'nested/application-xc.json'), parameters('templateLinkAccessToken'))]"
        },
        "parameters": {
          "infrastructure": {
            "value": "[reference(concat(parameters('deploymentId'), '-infrastructure')).outputs.infrastructure.value]"
          },

          "templateLinkAccessToken": {
            "value": "[parameters('templateLinkAccessToken')]"
          },

          "deploymentId": {
            "value": "[parameters('deploymentId')]"
          },
          "location": {
            "value": "[parameters('location')]"
          },

          "sitecoreAdminPassword": {
            "value": "[parameters('sitecoreAdminPassword')]"
          },
          "licenseXml": {
            "value": "[parameters('licenseXml')]"
          },

          "sqlServerLogin": {
            "value": "[parameters('sqlServerLogin')]"
          },
          "sqlServerPassword": {
            "value": "[parameters('sqlServerPassword')]"
          },

          "poolsSqlDatabaseName": {
            "value": "[parameters('poolsSqlDatabaseName')]"
          },
          "shardMapManagerSqlDatabaseName": {
            "value": "[parameters('shardMapManagerSqlDatabaseName')]"
          },
          "shard0SqlDatabaseName": {
            "value": "[parameters('shard0SqlDatabaseName')]"
          },
          "shard1SqlDatabaseName": {
            "value": "[parameters('shard1SqlDatabaseName')]"
          },
          "refDataSqlDatabaseName": {
            "value": "[parameters('refDataSqlDatabaseName')]"
          },
          "maSqlDatabaseName": {
            "value": "[parameters('maSqlDatabaseName')]"
          },
          "messagingSqlDatabaseName": {
            "value": "[parameters('messagingSqlDatabaseName')]"
          },

          "poolsSqlDatabaseUserName": {
            "value": "[parameters('poolsSqlDatabaseUserName')]"
          },
          "poolsSqlDatabasePassword": {
            "value": "[parameters('poolsSqlDatabasePassword')]"
          },
          "xcRefDataSqlDatabaseUserName": {
            "value": "[parameters('xcRefDataSqlDatabaseUserName')]"
          },
          "xcRefDataSqlDatabasePassword": {
            "value": "[parameters('xcRefDataSqlDatabasePassword')]"
          },
          "xcShardMapManagerSqlDatabaseUserName": {
            "value": "[parameters('xcShardMapManagerSqlDatabaseUserName')]"
          },
          "xcShardMapManagerSqlDatabasePassword": {
            "value": "[parameters('xcShardMapManagerSqlDatabasePassword')]"
          },
          "xcMaSqlDatabaseUserName": {
            "value": "[parameters('xcMaSqlDatabaseUserName')]"
          },
          "xcMaSqlDatabasePassword": {
            "value": "[parameters('xcMaSqlDatabasePassword')]"
          },
          "messagingSqlDatabaseUserName": {
            "value": "[parameters('messagingSqlDatabaseUserName')]"
          },
          "messagingSqlDatabasePassword": {
            "value": "[parameters('messagingSqlDatabasePassword')]"
          },

          "searchServiceName": {
            "value": "[parameters('searchServiceName')]"
          },
          "xcSearchIndexName": {
            "value": "[parameters('xcSearchIndexName')]"
          },

          "xcSolrConnectionString": {
            "value": "[parameters('xcSolrConnectionString')]"
          },
          
          "applicationInsightsName": {
            "value": "[parameters('applicationInsightsName')]"
          },

          "xcRefDataWebAppName": {
            "value": "[parameters('xcRefDataWebAppName')]"
          },
          "xcCollectWebAppName": {
            "value": "[parameters('xcCollectWebAppName')]"
          },
          "xcSearchWebAppName": {
            "value": "[parameters('xcSearchWebAppName')]"
          },

          "xcRefDataMsDeployPackageUrl": {
            "value": "[parameters('xcRefDataMsDeployPackageUrl')]"
          },
          "xcCollectMsDeployPackageUrl": {
            "value": "[parameters('xcCollectMsDeployPackageUrl')]"
          },
          "xcSearchMsDeployPackageUrl": {
            "value": "[parameters('xcSearchMsDeployPackageUrl')]"
          },

          "allowInvalidClientCertificates": {
            "value": "[parameters('allowInvalidClientCertificates')]"
          },

          "passwordSalt": {
            "value": "[parameters('passwordSalt')]"
          },

          "xcServerConfigurationEnvironment": {
            "value": "[parameters('xcServerConfigurationEnvironment')]"
          }
        }
      },
      "dependsOn": [
        "[resourceId('Microsoft.Resources/deployments', concat(parameters('deploymentId'), '-infrastructure-ma'))]"
      ]
    },
    {
      "apiVersion": "[variables('resourcesApiVersion')]",
      "name": "[concat(parameters('deploymentId'), '-application-ma')]",
      "condition": "[parameters('deployXConnect')]",
      "type": "Microsoft.Resources/deployments",
      "properties": {
        "mode": "Incremental",
        "templateLink": {
          "uri": "[concat(uri(parameters('templateLinkBase'), 'nested/application-ma.json'), parameters('templateLinkAccessToken'))]"
        },
        "parameters": {
          "infrastructure": {
            "value": "[reference(concat(parameters('deploymentId'), '-infrastructure')).outputs.infrastructure.value]"
          },

          "deploymentId": {
            "value": "[parameters('deploymentId')]"
          },
          "location": {
            "value": "[parameters('location')]"
          },

          "sitecoreAdminPassword": {
            "value": "[parameters('sitecoreAdminPassword')]"
          },
          "licenseXml": {
            "value": "[parameters('licenseXml')]"
          },

          "sqlServerLogin": {
            "value": "[parameters('sqlServerLogin')]"
          },
          "sqlServerPassword": {
            "value": "[parameters('sqlServerPassword')]"
          },

          "poolsSqlDatabaseName": {
            "value": "[parameters('poolsSqlDatabaseName')]"
          },
          "maSqlDatabaseName": {
            "value": "[parameters('maSqlDatabaseName')]"
          },
          "refDataSqlDatabaseName": {
            "value": "[parameters('refDataSqlDatabaseName')]"
          },
          "shardMapManagerSqlDatabaseName": {
            "value": "[parameters('shardMapManagerSqlDatabaseName')]"
          },
          "messagingSqlDatabaseName" : {
            "value" : "[parameters('messagingSqlDatabaseName')]"
          },

          "poolsSqlDatabaseUserName": {
            "value": "[parameters('poolsSqlDatabaseUserName')]"
          },
          "poolsSqlDatabasePassword": {
            "value": "[parameters('poolsSqlDatabasePassword')]"
          },
          "xcRefDataSqlDatabaseUserName": {
            "value": "[parameters('xcRefDataSqlDatabaseUserName')]"
          },
          "xcRefDataSqlDatabasePassword": {
            "value": "[parameters('xcRefDataSqlDatabasePassword')]"
          },
          "xcMaSqlDatabaseUserName": {
            "value": "[parameters('xcMaSqlDatabaseUserName')]"
          },
          "xcMaSqlDatabasePassword": {
            "value": "[parameters('xcMaSqlDatabasePassword')]"
          },
          "xcShardMapManagerSqlDatabaseUserName": {
            "value": "[parameters('xcShardMapManagerSqlDatabaseUserName')]"
          },
          "xcShardMapManagerSqlDatabasePassword": {
            "value": "[parameters('xcShardMapManagerSqlDatabasePassword')]"
          },
          "messagingSqlDatabaseUserName" : {
            "value" : "[parameters('messagingSqlDatabaseUserName')]"
          },
          "messagingSqlDatabasePassword" : {
            "value" : "[parameters('messagingSqlDatabasePassword')]"
          },

          "applicationInsightsName": {
            "value": "[parameters('applicationInsightsName')]"
          },

          "xcRefDataWebAppName": {
            "value": "[parameters('xcRefDataWebAppName')]"
          },
          "xcCollectWebAppName": {
            "value": "[parameters('xcCollectWebAppName')]"
          },
          "maOpsWebAppName": {
            "value": "[parameters('maOpsWebAppName')]"
          },
          "maRepWebAppName": {
            "value": "[parameters('maRepWebAppName')]"
          },

          "maOpsMsDeployPackageUrl": {
            "value": "[parameters('maOpsMsDeployPackageUrl')]"
          },
          "maRepMsDeployPackageUrl": {
            "value": "[parameters('maRepMsDeployPackageUrl')]"
          },

          "allowInvalidClientCertificates": {
            "value": "[parameters('allowInvalidClientCertificates')]"
          },

          "passwordSalt": {
            "value": "[parameters('passwordSalt')]"
          },

          "xcServerConfigurationEnvironment": {
            "value": "[parameters('xcServerConfigurationEnvironment')]"
          }
        }
      },
      "dependsOn": [
        "[resourceId('Microsoft.Resources/deployments', concat(parameters('deploymentId'), '-application-xc'))]"
      ]
    },
    {
      "apiVersion": "[variables('resourcesApiVersion')]",
      "name": "[concat(parameters('deploymentId'), '-application-exm')]",
      "condition": "[parameters('deployExmDds')]",
      "type": "Microsoft.Resources/deployments",
      "properties": {
        "mode": "Incremental",
        "templateLink": {
          "uri": "[concat(uri(parameters('templateLinkBase'), 'nested/application-exm.json'), parameters('templateLinkAccessToken'))]"
        },
        "parameters": {
          "infrastructure": {
            "value": "[reference(concat(parameters('deploymentId'), '-infrastructure')).outputs.infrastructure.value]"
          },

          "sitecoreAdminPassword": {
            "value": "[parameters('sitecoreAdminPassword')]"
          },
          "deploymentId": {
            "value": "[parameters('deploymentId')]"
          },
          "location": {
            "value": "[parameters('location')]"
          },

          "licenseXml": {
            "value": "[parameters('licenseXml')]"
          },
          "repAuthenticationApiKey": {
            "value": "[parameters('repAuthenticationApiKey')]"
          },

          "sqlServerLogin": {
            "value": "[parameters('sqlServerLogin')]"
          },
          "sqlServerPassword": {
            "value": "[parameters('sqlServerPassword')]"
          },

          "coreSqlDatabaseName": {
            "value": "[parameters('coreSqlDatabaseName')]"
          },
          "masterSqlDatabaseName": {
            "value": "[parameters('masterSqlDatabaseName')]"
          },
          "webSqlDatabaseName": {
            "value": "[parameters('webSqlDatabaseName')]"
          },
          "refDataSqlDatabaseName": {
            "value": "[parameters('refDataSqlDatabaseName')]"
          },
          "formsSqlDatabaseName": {
            "value": "[parameters('formsSqlDatabaseName')]"
          },
          "coreSqlDatabaseUserName": {
            "value": "[parameters('coreSqlDatabaseUserName')]"
          },
          "coreSqlDatabasePassword": {
            "value": "[parameters('coreSqlDatabasePassword')]"
          },
          "masterSqlDatabaseUserName": {
            "value": "[parameters('masterSqlDatabaseUserName')]"
          },
          "masterSqlDatabasePassword": {
            "value": "[parameters('masterSqlDatabasePassword')]"
          },
          "webSqlDatabaseUserName": {
            "value": "[parameters('webSqlDatabaseUserName')]"
          },
          "webSqlDatabasePassword": {
            "value": "[parameters('webSqlDatabasePassword')]"
          },
          "formsSqlDatabaseUserName": {
            "value": "[parameters('formsSqlDatabaseUserName')]"
          },
          "formsSqlDatabasePassword": {
            "value": "[parameters('formsSqlDatabasePassword')]"
          },
          "xcRefDataSqlDatabaseUserName": {
            "value": "[parameters('xcRefDataSqlDatabaseUserName')]"
          },
          "xcRefDataSqlDatabasePassword": {
            "value": "[parameters('xcRefDataSqlDatabasePassword')]"
          },

          "searchServiceName": {
            "value": "[parameters('searchServiceName')]"
          },

          "solrConnectionString": {
            "value": "[parameters('solrConnectionString')]"
          },
          
          "applicationInsightsName": {
            "value": "[parameters('applicationInsightsName')]"
          },

          "cmWebAppName": {
            "value": "[parameters('cmWebAppName')]"
          },
          "prcWebAppName": {
            "value": "[parameters('prcWebAppName')]"
          },
          "repWebAppName": {
            "value": "[parameters('repWebAppName')]"
          },
          "xcSearchWebAppName": {
            "value": "[parameters('xcSearchWebAppName')]"
          },
          "maOpsWebAppName": {
            "value": "[parameters('maOpsWebAppName')]"
          },
          "maRepWebAppName": {
            "value": "[parameters('maRepWebAppName')]"
          },
          "xcRefDataWebAppName": {
            "value": "[parameters('xcRefDataWebAppName')]"
          },
          "exmDdsWebAppName": {
            "value": "[parameters('exmDdsWebAppName')]"
          },

          "exmDdsMsDeployPackageUrl": {
            "value": "[parameters('exmDdsMsDeployPackageUrl')]"
          },
          "exmCmMsDeployPackageUrl": {
            "value": "[parameters('exmCmMsDeployPackageUrl')]"
          },
          "bootloaderMsDeployPackageUrl": {
            "value": "[parameters('bootloaderMsDeployPackageUrl')]"
          },

          "securityClientIp": {
            "value": "[parameters('securityClientIp')]"
          },
          "securityClientIpMask": {
            "value": "[parameters('securityClientIpMask')]"
          },

          "exmCryptographicKey": {
            "value": "[parameters('exmCryptographicKey')]"
          },
          "exmAuthenticationKey": {
            "value": "[parameters('exmAuthenticationKey')]"
          },
          "exmInternalApiKey": {
            "value": "[parameters('exmInternalApiKey')]"
          },

          "exmEdsProvider": {
            "value": "[parameters('exmEdsProvider')]"
          },

          "telerikEncryptionKey": {
            "value": "[parameters('telerikEncryptionKey')]"
          },

          "allowInvalidClientCertificates": {
            "value": "[parameters('allowInvalidClientCertificates')]"
          },

          "passwordSalt": {
            "value": "[parameters('passwordSalt')]"
          }
        }
      },
      "dependsOn": [
        "[resourceId('Microsoft.Resources/deployments', concat(parameters('deploymentId'), '-infrastructure'))]",
        "[resourceId('Microsoft.Resources/deployments', concat(parameters('deploymentId'), '-infrastructure-exm'))]",
        "[resourceId('Microsoft.Resources/deployments', concat(parameters('deploymentId'), '-application'))]"
      ]
    },
    {
      "copy": {
        "name": "modules",
        "count": "[length(parameters('modules').items)]"
      },
      "name": "[concat(parameters('deploymentId'), '-', parameters('modules').items[copyIndex()].name)]",
      "condition": "[parameters('deployPlatform')]",
      "apiVersion": "[variables('resourcesApiVersion')]",
      "type": "Microsoft.Resources/deployments",
      "properties": {
        "mode": "Incremental",
        "templateLink": {
          "uri": "[parameters('modules').items[copyIndex()].templateLink]"
        },
        "parameters": {
          "standard": {
            "value": {
              "infrastructure": "[reference(concat(parameters('deploymentId'), '-infrastructure')).outputs.infrastructure.value]",

              "deploymentId": "[parameters('deploymentId')]",
              "location": "[parameters('location')]",

              "sitecoreAdminPassword": "[parameters('sitecoreAdminPassword')]",
              "licenseXml": "[parameters('licenseXml')]",
              "sitecoreSKU": "[parameters('sitecoreSKU')]",
              "repAuthenticationApiKey": "[parameters('repAuthenticationApiKey')]",

              "sqlServerName": "[parameters('sqlServerName')]",
              "sqlServerLogin": "[parameters('sqlServerLogin')]",
              "sqlServerPassword": "[parameters('sqlServerPassword')]",
              "sqlServerVersion": "[parameters('sqlServerVersion')]",
              "sqlDatabaseCollation": "[parameters('sqlDatabaseCollation')]",

              "coreSqlDatabaseName": "[parameters('coreSqlDatabaseName')]",
              "masterSqlDatabaseName": "[parameters('masterSqlDatabaseName')]",
              "webSqlDatabaseName": "[parameters('webSqlDatabaseName')]",
              "reportingSqlDatabaseName": "[parameters('reportingSqlDatabaseName')]",
              "poolsSqlDatabaseName": "[parameters('poolsSqlDatabaseName')]",
              "tasksSqlDatabaseName": "[parameters('tasksSqlDatabaseName')]",
              "shardMapManagerSqlDatabaseName": "[parameters('shardMapManagerSqlDatabaseName')]",
              "shard0SqlDatabaseName": "[parameters('shard0SqlDatabaseName')]",
              "shard1SqlDatabaseName": "[parameters('shard1SqlDatabaseName')]",
              "refDataSqlDatabaseName": "[parameters('refDataSqlDatabaseName')]",
              "messagingSqlDatabaseName": "[parameters('messagingSqlDatabaseName')]",

              "maSqlDatabaseName": "[parameters('maSqlDatabaseName')]",

              "coreSqlDatabaseUserName": "[parameters('coreSqlDatabaseUserName')]",
              "coreSqlDatabasePassword": "[parameters('coreSqlDatabasePassword')]",
              "masterSqlDatabaseUserName": "[parameters('masterSqlDatabaseUserName')]",
              "masterSqlDatabasePassword": "[parameters('masterSqlDatabasePassword')]",
              "webSqlDatabaseUserName": "[parameters('webSqlDatabaseUserName')]",
              "webSqlDatabasePassword": "[parameters('webSqlDatabasePassword')]",
              "reportingSqlDatabaseUserName": "[parameters('reportingSqlDatabaseUserName')]",
              "reportingSqlDatabasePassword": "[parameters('reportingSqlDatabasePassword')]",
              "poolsSqlDatabaseUserName": "[parameters('poolsSqlDatabaseUserName')]",
              "poolsSqlDatabasePassword": "[parameters('poolsSqlDatabasePassword')]",
              "tasksSqlDatabaseUserName": "[parameters('tasksSqlDatabaseUserName')]",
              "tasksSqlDatabasePassword": "[parameters('tasksSqlDatabasePassword')]",
              "xcRefDataSqlDatabaseUserName": "[parameters('xcRefDataSqlDatabaseUserName')]",
              "xcRefDataSqlDatabasePassword": "[parameters('xcRefDataSqlDatabasePassword')]",
              "xcShardMapManagerSqlDatabaseUserName": "[parameters('xcShardMapManagerSqlDatabaseUserName')]",
              "xcShardMapManagerSqlDatabasePassword": "[parameters('xcShardMapManagerSqlDatabasePassword')]",
              "xcMaSqlDatabaseUserName": "[parameters('xcMaSqlDatabaseUserName')]",
              "xcMaSqlDatabasePassword": "[parameters('xcMaSqlDatabasePassword')]",
              "messagingSqlDatabaseUserName": "[parameters('messagingSqlDatabaseUserName')]",
              "messagingSqlDatabasePassword": "[parameters('messagingSqlDatabasePassword')]",

              "searchServiceName": "[parameters('searchServiceName')]",
              "searchServiceLocation": "[parameters('searchServiceLocation')]",
              "xcSearchIndexName": "[parameters('xcSearchIndexName')]",              

              "solrConnectionString": "[parameters('solrConnectionString')]",
              "xcSolrConnectionString": "[parameters('xcSolrConnectionString')]",

              "redisCacheName": "[parameters('redisCacheName')]",
              
              "applicationInsightsName": "[parameters('applicationInsightsName')]",
              "applicationInsightsLocation": "[parameters('applicationInsightsLocation')]",

              "cmHostingPlanName": "[parameters('cmHostingPlanName')]",
              "cdHostingPlanName": "[parameters('cdHostingPlanName')]",
              "prcHostingPlanName": "[parameters('prcHostingPlanName')]",
              "repHostingPlanName": "[parameters('repHostingPlanName')]",
              "xcBasicHostingPlanName": "[parameters('xcBasicHostingPlanName')]",
              "xcResourceIntensiveHostingPlanName": "[parameters('xcResourceIntensiveHostingPlanName')]",

              "cmWebAppName": "[parameters('cmWebAppName')]",
              "cdWebAppName": "[parameters('cdWebAppName')]",
              "prcWebAppName": "[parameters('prcWebAppName')]",
              "repWebAppName": "[parameters('repWebAppName')]",
              "xcRefDataWebAppName": "[parameters('xcRefDataWebAppName')]",
              "xcCollectWebAppName": "[parameters('xcCollectWebAppName')]",
              "xcSearchWebAppName": "[parameters('xcSearchWebAppName')]",
              "maOpsWebAppName": "[parameters('maOpsWebAppName')]",
              "maRepWebAppName": "[parameters('maRepWebAppName')]",

              "securityClientIp": "[parameters('securityClientIp')]",
              "securityClientIpMask": "[parameters('securityClientIpMask')]",

              "passwordSalt": "[parameters('passwordSalt')]",

              "xcServerConfigurationEnvironment": "[parameters('xcServerConfigurationEnvironment')]",

              "authCertificateBlob": "[parameters('authCertificateBlob')]",
              "authCertificatePassword": "[parameters('authCertificatePassword')]"
            }
          },
          "extension": { "value": "[parameters('modules').items[copyIndex()].parameters]" }
        }
      },
      "dependsOn": [
        "[concat(parameters('deploymentId'), '-' , variables('dependencies')[copyIndex()].name)]"
      ]
    }
  ]
}
