<?xml version="1.0" encoding="utf-8"?> <?xml-stylesheet type="text/xsl" href="http://www.sitecore.net/licenseviewer/license.xsl"?><signedlicense id="20171213013608"><Signature><SignedInfo xmlns="http://www.w3.org/2000/09/xmldsig#"><CanonicalizationMethod Algorithm="http://www.w3.org/TR/2001/REC-xml-c14n-20010315" /><SignatureMethod Algorithm="http://www.w3.org/2000/09/xmldsig#rsa-sha1" /><Reference URI="#SiteCore.License"><DigestMethod Algorithm="http://www.w3.org/2000/09/xmldsig#sha1" /><DigestValue>80FxUr62+G5YaOVTfYk++tNmiho=</DigestValue></Reference></SignedInfo><SignatureValue xmlns="http://www.w3.org/2000/09/xmldsig#">J+gLE0kS1zG7u9a2G/rZ8/3WB0XgnszINDXnYAFxtOgUIS5kNFadfqp1nWeXf2sacz9REnmeIVCe8OcXtYDPqknyp23W7Y8U6T1ppjQiVLQF2EBWjMWYDh7qbj1cGAUyLgLCyE6PdsVBu/bt7pnyN1hSUnY/HtkotemnrpvMIBI=</SignatureValue><KeyInfo xmlns="http://www.w3.org/2000/09/xmldsig#"><KeyValue><RSAKeyValue><Modulus>wRSGFs73V0JMKVVRCX9pEVmluvNojvtDvzHduZ+pX458q9THGbti8zEty6ydF7nxVFCRriONFm6w+PtcZhRT+eXMb21jzY6biII4BXdh91BmVZ96FyYROMnHS6zjfK7+oDbsVV8XWkZ11DiHa+9wySxQcc4fBd23xGYpo52p2fc=</Modulus><Exponent>AQAB</Exponent></RSAKeyValue></KeyValue></KeyInfo><Object Id="SiteCore.License" xmlns="http://www.w3.org/2000/09/xmldsig#"><license xmlns=""><id>20171213013608</id><expiration>21000101T000000</expiration><version>9</version><urls>?</urls><licensee>Allen &amp; Overy LLP</licensee><companyno /><purpose /><address /><countryiso /><country>United Kingdom</country><reseller /><resellerurl /><licenseagreement id="{41192D07-0B58-4957-BEBB-C4BEEAC3878A}" title="License Agreement"><![CDATA[Your usage rights to the Sitecore Software are as set forth in your license agreement with Sitecore.]]></licenseagreement></license></Object></Signature><Signature><SignedInfo xmlns="http://www.w3.org/2000/09/xmldsig#"><CanonicalizationMethod Algorithm="http://www.w3.org/TR/2001/REC-xml-c14n-20010315" /><SignatureMethod Algorithm="http://www.w3.org/2000/09/xmldsig#rsa-sha1" /><Reference URI="#Sitecore.Automation"><DigestMethod Algorithm="http://www.w3.org/2000/09/xmldsig#sha1" /><DigestValue>2HncPpLoTvcxHCExIkcdfSTgttM=</DigestValue></Reference></SignedInfo><SignatureValue xmlns="http://www.w3.org/2000/09/xmldsig#">njTBiD4xyrN6XX/ujUj5gajTmKH6vF1lwPpu44TRWKSH/RloFok8pstf9LCkR9CUhdyTtn0v6wV0qyhurAIT80LVEiB6WRSglp92FwcKWRr4CXopgEDxJ8ZdhEKPtnN0rQOFIobYU0hob/rpLe/h7YAwDBmzoYgaxRO7vMYte30=</SignatureValue><KeyInfo xmlns="http://www.w3.org/2000/09/xmldsig#"><KeyValue><RSAKeyValue><Modulus>wRSGFs73V0JMKVVRCX9pEVmluvNojvtDvzHduZ+pX458q9THGbti8zEty6ydF7nxVFCRriONFm6w+PtcZhRT+eXMb21jzY6biII4BXdh91BmVZ96FyYROMnHS6zjfK7+oDbsVV8XWkZ11DiHa+9wySxQcc4fBd23xGYpo52p2fc=</Modulus><Exponent>AQAB</Exponent></RSAKeyValue></KeyValue></KeyInfo><Object Id="Sitecore.Automation" xmlns="http://www.w3.org/2000/09/xmldsig#"><module xmlns=""><idref>20171213013608</idref><name>Sitecore.Automation</name><count>1</count><expiration>21000101T000000</expiration><version>9</version><comment /><licenseagreement>?</licenseagreement></module></Object></Signature><Signature><SignedInfo xmlns="http://www.w3.org/2000/09/xmldsig#"><CanonicalizationMethod Algorithm="http://www.w3.org/TR/2001/REC-xml-c14n-20010315" /><SignatureMethod Algorithm="http://www.w3.org/2000/09/xmldsig#rsa-sha1" /><Reference URI="#Sitecore.Calendar"><DigestMethod Algorithm="http://www.w3.org/2000/09/xmldsig#sha1" /><DigestValue>mQZ0Lx9VBnXbxGorPBd2SWFMVX0=</DigestValue></Reference></SignedInfo><SignatureValue xmlns="http://www.w3.org/2000/09/xmldsig#">sGsFGjHJ/o2z8WIhgNgxh0jiYQp2rnVOJuVDXOEx2sHjuP0/aV2vwAQSYJk4GEoAj1E8AjuSQUcjYEuozI9kD7RH23SOpJWymhBJ00EbyDwHbtVUOcI1Pu3Zkc0+vB3jq3654KlGhYX3IZAV6+fbIgvEOYXKUQ0lKUbhVjRFCGU=</SignatureValue><KeyInfo xmlns="http://www.w3.org/2000/09/xmldsig#"><KeyValue><RSAKeyValue><Modulus>wRSGFs73V0JMKVVRCX9pEVmluvNojvtDvzHduZ+pX458q9THGbti8zEty6ydF7nxVFCRriONFm6w+PtcZhRT+eXMb21jzY6biII4BXdh91BmVZ96FyYROMnHS6zjfK7+oDbsVV8XWkZ11DiHa+9wySxQcc4fBd23xGYpo52p2fc=</Modulus><Exponent>AQAB</Exponent></RSAKeyValue></KeyValue></KeyInfo><Object Id="Sitecore.Calendar" xmlns="http://www.w3.org/2000/09/xmldsig#"><module xmlns=""><idref>20171213013608</idref><name>Sitecore.Calendar</name><count>1</count><expiration>21000101T000000</expiration><version>9</version><comment /><licenseagreement>?</licenseagreement></module></Object></Signature><Signature><SignedInfo xmlns="http://www.w3.org/2000/09/xmldsig#"><CanonicalizationMethod Algorithm="http://www.w3.org/TR/2001/REC-xml-c14n-20010315" /><SignatureMethod Algorithm="http://www.w3.org/2000/09/xmldsig#rsa-sha1" /><Reference URI="#SiteCore.ContentManager"><DigestMethod Algorithm="http://www.w3.org/2000/09/xmldsig#sha1" /><DigestValue>/sGqGjyf3GHQe3q/UmLP/T8he1E=</DigestValue></Reference></SignedInfo><SignatureValue xmlns="http://www.w3.org/2000/09/xmldsig#">NjoVZsvX53cm9R5Oq0j1tbPurFH2MgJ271MP2528daJVYikees/IEJ0SP2IjeksOvBibD1FKBXSRNZkZq0H3NAsKgH5RqW8X60BuQo9K8STA56pim16VA6pxF3/ulhiICjA1RcoO8qE0zuUFCP0J7x5HZhYyRCGHuaMXzKkssZM=</SignatureValue><KeyInfo xmlns="http://www.w3.org/2000/09/xmldsig#"><KeyValue><RSAKeyValue><Modulus>wRSGFs73V0JMKVVRCX9pEVmluvNojvtDvzHduZ+pX458q9THGbti8zEty6ydF7nxVFCRriONFm6w+PtcZhRT+eXMb21jzY6biII4BXdh91BmVZ96FyYROMnHS6zjfK7+oDbsVV8XWkZ11DiHa+9wySxQcc4fBd23xGYpo52p2fc=</Modulus><Exponent>AQAB</Exponent></RSAKeyValue></KeyValue></KeyInfo><Object Id="SiteCore.ContentManager" xmlns="http://www.w3.org/2000/09/xmldsig#"><module xmlns=""><idref>20171213013608</idref><name>SiteCore.ContentManager</name><count>1</count><expiration>21000101T000000</expiration><version>9</version><comment /><licenseagreement>?</licenseagreement></module></Object></Signature><Signature><SignedInfo xmlns="http://www.w3.org/2000/09/xmldsig#"><CanonicalizationMethod Algorithm="http://www.w3.org/TR/2001/REC-xml-c14n-20010315" /><SignatureMethod Algorithm="http://www.w3.org/2000/09/xmldsig#rsa-sha1" /><Reference URI="#Sitecore.Environment"><DigestMethod Algorithm="http://www.w3.org/2000/09/xmldsig#sha1" /><DigestValue>rYOJLZceXnfeJPu14lbm7sRgcAk=</DigestValue></Reference></SignedInfo><SignatureValue xmlns="http://www.w3.org/2000/09/xmldsig#">kWbOW+1yqlPnobjm8UNaiM+96EWldj7miTD+o6REUhVjv2DFY+gLvcmILafPNKO3A0mYmcJkRDmxSjdLp7ZckgAvreHzj323+/G+ItOoDHdswrDnQpJVer+PYzvnCPI4FWyUz0pa7cVKwcEgSYLc/59/RhZ38KLZ72nlEAbqTz8=</SignatureValue><KeyInfo xmlns="http://www.w3.org/2000/09/xmldsig#"><KeyValue><RSAKeyValue><Modulus>wRSGFs73V0JMKVVRCX9pEVmluvNojvtDvzHduZ+pX458q9THGbti8zEty6ydF7nxVFCRriONFm6w+PtcZhRT+eXMb21jzY6biII4BXdh91BmVZ96FyYROMnHS6zjfK7+oDbsVV8XWkZ11DiHa+9wySxQcc4fBd23xGYpo52p2fc=</Modulus><Exponent>AQAB</Exponent></RSAKeyValue></KeyValue></KeyInfo><Object Id="Sitecore.Environment" xmlns="http://www.w3.org/2000/09/xmldsig#"><module xmlns=""><idref>20171213013608</idref><name>Sitecore.Environment</name><count>1</count><expiration>21000101T000000</expiration><version>9</version><comment /><licenseagreement>?</licenseagreement></module></Object></Signature><Signature><SignedInfo xmlns="http://www.w3.org/2000/09/xmldsig#"><CanonicalizationMethod Algorithm="http://www.w3.org/TR/2001/REC-xml-c14n-20010315" /><SignatureMethod Algorithm="http://www.w3.org/2000/09/xmldsig#rsa-sha1" /><Reference URI="#Sitecore.MSCRM"><DigestMethod Algorithm="http://www.w3.org/2000/09/xmldsig#sha1" /><DigestValue>Hk9oRjPwokOQyx4V54CKbOOBpVQ=</DigestValue></Reference></SignedInfo><SignatureValue xmlns="http://www.w3.org/2000/09/xmldsig#">Gz7rkwT6hlyeIAv6wpMFgkcIuU86l60Zyvihmh3MXNEteg27V5GNcjtoq+qvMPYBtw0Bpa+ZG/OSNgKdxa49v3Qv843uG6/v+jr1L+9nx6viAoH38ML5Sj0DdxgJ5J7jUqF5vZ5IhhLWdwEcPPHelvAfuqfOtsOyQwJuIFaa5Mg=</SignatureValue><KeyInfo xmlns="http://www.w3.org/2000/09/xmldsig#"><KeyValue><RSAKeyValue><Modulus>wRSGFs73V0JMKVVRCX9pEVmluvNojvtDvzHduZ+pX458q9THGbti8zEty6ydF7nxVFCRriONFm6w+PtcZhRT+eXMb21jzY6biII4BXdh91BmVZ96FyYROMnHS6zjfK7+oDbsVV8XWkZ11DiHa+9wySxQcc4fBd23xGYpo52p2fc=</Modulus><Exponent>AQAB</Exponent></RSAKeyValue></KeyValue></KeyInfo><Object Id="Sitecore.MSCRM" xmlns="http://www.w3.org/2000/09/xmldsig#"><module xmlns=""><idref>20171213013608</idref><name>Sitecore.MSCRM</name><count>1</count><expiration>21000101T000000</expiration><version>9</version><comment /><licenseagreement>?</licenseagreement></module></Object></Signature><Signature><SignedInfo xmlns="http://www.w3.org/2000/09/xmldsig#"><CanonicalizationMethod Algorithm="http://www.w3.org/TR/2001/REC-xml-c14n-20010315" /><SignatureMethod Algorithm="http://www.w3.org/2000/09/xmldsig#rsa-sha1" /><Reference URI="#Sitecore.OMS"><DigestMethod Algorithm="http://www.w3.org/2000/09/xmldsig#sha1" /><DigestValue>mi32BjOT69NlhbyDzovtQZO4HMw=</DigestValue></Reference></SignedInfo><SignatureValue xmlns="http://www.w3.org/2000/09/xmldsig#">FDhJVD93ZGAVWUFJoZkMIIAz1bgJCFMsKM/oVzZ5VjeELtzIm4CauVQf6KV/bL0oSyR/EuXbN9q0R66tYLL9u/RABOrhT9wZ0Lgvnm0xwnNvOeKxZfr9qA3WBlECNfxlvAzf0Mm9XrO3vVBB7WEa9NwltkL9Oro8tdcG8nIAKl0=</SignatureValue><KeyInfo xmlns="http://www.w3.org/2000/09/xmldsig#"><KeyValue><RSAKeyValue><Modulus>wRSGFs73V0JMKVVRCX9pEVmluvNojvtDvzHduZ+pX458q9THGbti8zEty6ydF7nxVFCRriONFm6w+PtcZhRT+eXMb21jzY6biII4BXdh91BmVZ96FyYROMnHS6zjfK7+oDbsVV8XWkZ11DiHa+9wySxQcc4fBd23xGYpo52p2fc=</Modulus><Exponent>AQAB</Exponent></RSAKeyValue></KeyValue></KeyInfo><Object Id="Sitecore.OMS" xmlns="http://www.w3.org/2000/09/xmldsig#"><module xmlns=""><idref>20171213013608</idref><name>Sitecore.OMS</name><count>1</count><expiration>21000101T000000</expiration><version>9</version><comment /><licenseagreement>?</licenseagreement></module></Object></Signature><Signature><SignedInfo xmlns="http://www.w3.org/2000/09/xmldsig#"><CanonicalizationMethod Algorithm="http://www.w3.org/TR/2001/REC-xml-c14n-20010315" /><SignatureMethod Algorithm="http://www.w3.org/2000/09/xmldsig#rsa-sha1" /><Reference URI="#SiteCore.Runtime"><DigestMethod Algorithm="http://www.w3.org/2000/09/xmldsig#sha1" /><DigestValue>AKicgdV8iSKPQ8hHzVeO7R7gVvA=</DigestValue></Reference></SignedInfo><SignatureValue xmlns="http://www.w3.org/2000/09/xmldsig#">nJHxtTsRoZF96R17cehtPfZg4dZAV11HZNb7KalCJ51nW+4MUrYU1pObV7PNSZwctBD0Fw0T2hJIMBaDU5hgJxXSQozEaKHFDJawOFpCC9TjAr38vC9Zk2Jw9PJjfk5DX8B+XQ+jrqFxt5WZMvEoT3Q3h80UurNgYL9wc6eH0f4=</SignatureValue><KeyInfo xmlns="http://www.w3.org/2000/09/xmldsig#"><KeyValue><RSAKeyValue><Modulus>wRSGFs73V0JMKVVRCX9pEVmluvNojvtDvzHduZ+pX458q9THGbti8zEty6ydF7nxVFCRriONFm6w+PtcZhRT+eXMb21jzY6biII4BXdh91BmVZ96FyYROMnHS6zjfK7+oDbsVV8XWkZ11DiHa+9wySxQcc4fBd23xGYpo52p2fc=</Modulus><Exponent>AQAB</Exponent></RSAKeyValue></KeyValue></KeyInfo><Object Id="SiteCore.Runtime" xmlns="http://www.w3.org/2000/09/xmldsig#"><module xmlns=""><idref>20171213013608</idref><name>SiteCore.Runtime</name><count>1</count><expiration>21000101T000000</expiration><version>9</version><comment /><licenseagreement>?</licenseagreement></module></Object></Signature><Signature><SignedInfo xmlns="http://www.w3.org/2000/09/xmldsig#"><CanonicalizationMethod Algorithm="http://www.w3.org/TR/2001/REC-xml-c14n-20010315" /><SignatureMethod Algorithm="http://www.w3.org/2000/09/xmldsig#rsa-sha1" /><Reference URI="#Sitecore.SEO"><DigestMethod Algorithm="http://www.w3.org/2000/09/xmldsig#sha1" /><DigestValue>XjJgZDQEwea1n7s5NDcWhxf5BQg=</DigestValue></Reference></SignedInfo><SignatureValue xmlns="http://www.w3.org/2000/09/xmldsig#">ZjsonifhRDfOwaNXwJz1LpacQoSlVJz/PAmBDbgxbN8psvuwTLibUYUkKhmcAsE2jecHtfE0EQh0HU+RPsx7QP7d/3nLhROzDAKwddo94hH632kXfEunKScbhMA9QuCAoJNKD/kT6szrNGJsaB0NYjxGlRbotXF/DJg6IZ0yhFw=</SignatureValue><KeyInfo xmlns="http://www.w3.org/2000/09/xmldsig#"><KeyValue><RSAKeyValue><Modulus>wRSGFs73V0JMKVVRCX9pEVmluvNojvtDvzHduZ+pX458q9THGbti8zEty6ydF7nxVFCRriONFm6w+PtcZhRT+eXMb21jzY6biII4BXdh91BmVZ96FyYROMnHS6zjfK7+oDbsVV8XWkZ11DiHa+9wySxQcc4fBd23xGYpo52p2fc=</Modulus><Exponent>AQAB</Exponent></RSAKeyValue></KeyValue></KeyInfo><Object Id="Sitecore.SEO" xmlns="http://www.w3.org/2000/09/xmldsig#"><module xmlns=""><idref>20171213013608</idref><name>Sitecore.SEO</name><count>1</count><expiration>21000101T000000</expiration><version>9</version><comment /><licenseagreement>?</licenseagreement></module></Object></Signature><Signature><SignedInfo xmlns="http://www.w3.org/2000/09/xmldsig#"><CanonicalizationMethod Algorithm="http://www.w3.org/TR/2001/REC-xml-c14n-20010315" /><SignatureMethod Algorithm="http://www.w3.org/2000/09/xmldsig#rsa-sha1" /><Reference URI="#Sitecore.Sharepoint"><DigestMethod Algorithm="http://www.w3.org/2000/09/xmldsig#sha1" /><DigestValue>pNzIqys60TTO3mmVMqVFNoM3T4E=</DigestValue></Reference></SignedInfo><SignatureValue xmlns="http://www.w3.org/2000/09/xmldsig#">ViMR/b4oskIP8O2OahEUnZp+DVLWjzVwiZETNGgLtrqeRitQ3JGotWPt8LWEU52qb32jtxP/dHVJnBnyL3yUWD3C2vNamsYQAi/zrVJ8DmbNX7nyh7zQ1OzrlR3L7ClZPi8+a0axw4CrKXStD6FYXWEa/p6z56z50vrrkgTGvLA=</SignatureValue><KeyInfo xmlns="http://www.w3.org/2000/09/xmldsig#"><KeyValue><RSAKeyValue><Modulus>wRSGFs73V0JMKVVRCX9pEVmluvNojvtDvzHduZ+pX458q9THGbti8zEty6ydF7nxVFCRriONFm6w+PtcZhRT+eXMb21jzY6biII4BXdh91BmVZ96FyYROMnHS6zjfK7+oDbsVV8XWkZ11DiHa+9wySxQcc4fBd23xGYpo52p2fc=</Modulus><Exponent>AQAB</Exponent></RSAKeyValue></KeyValue></KeyInfo><Object Id="Sitecore.Sharepoint" xmlns="http://www.w3.org/2000/09/xmldsig#"><module xmlns=""><idref>20171213013608</idref><name>Sitecore.Sharepoint</name><count>1</count><expiration>21000101T000000</expiration><version>9</version><comment /><licenseagreement>?</licenseagreement></module></Object></Signature><Signature><SignedInfo xmlns="http://www.w3.org/2000/09/xmldsig#"><CanonicalizationMethod Algorithm="http://www.w3.org/TR/2001/REC-xml-c14n-20010315" /><SignatureMethod Algorithm="http://www.w3.org/2000/09/xmldsig#rsa-sha1" /><Reference URI="#SiteCore.SQLConnector"><DigestMethod Algorithm="http://www.w3.org/2000/09/xmldsig#sha1" /><DigestValue>kM4ggEW+QgXT9MqARcy0X8zLumY=</DigestValue></Reference></SignedInfo><SignatureValue xmlns="http://www.w3.org/2000/09/xmldsig#">MGqy1WF6nIKy4svwJ0IQ+8hkTT//m1xpGFUy1yPFeYzmSnyihi4zTP/9s1yA2YWFVa/dseS9Be2XmkazSfkq+xySoNLvNBHiVbWSPj1pNacWeoZzx3phdB2jTMdoy6X0ZQu7+RV6zxf8O4Wrnl63/EGpzS349WuZQvEUGJRQWOg=</SignatureValue><KeyInfo xmlns="http://www.w3.org/2000/09/xmldsig#"><KeyValue><RSAKeyValue><Modulus>wRSGFs73V0JMKVVRCX9pEVmluvNojvtDvzHduZ+pX458q9THGbti8zEty6ydF7nxVFCRriONFm6w+PtcZhRT+eXMb21jzY6biII4BXdh91BmVZ96FyYROMnHS6zjfK7+oDbsVV8XWkZ11DiHa+9wySxQcc4fBd23xGYpo52p2fc=</Modulus><Exponent>AQAB</Exponent></RSAKeyValue></KeyValue></KeyInfo><Object Id="SiteCore.SQLConnector" xmlns="http://www.w3.org/2000/09/xmldsig#"><module xmlns=""><idref>20171213013608</idref><name>SiteCore.SQLConnector</name><count>1</count><expiration>21000101T000000</expiration><version>9</version><comment /><licenseagreement>?</licenseagreement></module></Object></Signature><Signature><SignedInfo xmlns="http://www.w3.org/2000/09/xmldsig#"><CanonicalizationMethod Algorithm="http://www.w3.org/TR/2001/REC-xml-c14n-20010315" /><SignatureMethod Algorithm="http://www.w3.org/2000/09/xmldsig#rsa-sha1" /><Reference URI="#Sitecore.SXA"><DigestMethod Algorithm="http://www.w3.org/2000/09/xmldsig#sha1" /><DigestValue>iKP/Wr851yhwnT43xbzx8CFVAnU=</DigestValue></Reference></SignedInfo><SignatureValue xmlns="http://www.w3.org/2000/09/xmldsig#">OxTcZA944vH45l5483uHlkwSieKlNuw2RnuaVpIL5xnFw31YV39uv8PrJizfeXqm6keGUWN+aEOvkse4In8Ajhwuip32VhBmeSuzOnvPsoFowdyJTVr8jqVBC+Z7t061invS/SuH0NsHHwXZWixz8vVwLWq4xYBXcO0RrSPd81M=</SignatureValue><KeyInfo xmlns="http://www.w3.org/2000/09/xmldsig#"><KeyValue><RSAKeyValue><Modulus>wRSGFs73V0JMKVVRCX9pEVmluvNojvtDvzHduZ+pX458q9THGbti8zEty6ydF7nxVFCRriONFm6w+PtcZhRT+eXMb21jzY6biII4BXdh91BmVZ96FyYROMnHS6zjfK7+oDbsVV8XWkZ11DiHa+9wySxQcc4fBd23xGYpo52p2fc=</Modulus><Exponent>AQAB</Exponent></RSAKeyValue></KeyValue></KeyInfo><Object Id="Sitecore.SXA" xmlns="http://www.w3.org/2000/09/xmldsig#"><module xmlns=""><idref>20171213013608</idref><name>Sitecore.SXA</name><count>2</count><expiration>21000101T000000</expiration><version>9</version><comment /><licenseagreement>?</licenseagreement></module></Object></Signature><Signature><SignedInfo xmlns="http://www.w3.org/2000/09/xmldsig#"><CanonicalizationMethod Algorithm="http://www.w3.org/TR/2001/REC-xml-c14n-20010315" /><SignatureMethod Algorithm="http://www.w3.org/2000/09/xmldsig#rsa-sha1" /><Reference URI="#Sitecore.WFFM"><DigestMethod Algorithm="http://www.w3.org/2000/09/xmldsig#sha1" /><DigestValue>rkT+VfeO0T+heJFMbh2LtV0+Lys=</DigestValue></Reference></SignedInfo><SignatureValue xmlns="http://www.w3.org/2000/09/xmldsig#">LmWufOp9h+I0+e8hz7VQYb4ln1cvJhXmSlY78FD6D1cwAYg1qELbosRjE+/ZMv+9piDAGUodNZ2aOqe1BExX9Wu3XeYPTizdTT9qe/fClma306LH6UkgShTE8qA+Q4IFq39PlQ5wds4OinYzpRUeYOEPmp0aRo9ogxFlibq4kXI=</SignatureValue><KeyInfo xmlns="http://www.w3.org/2000/09/xmldsig#"><KeyValue><RSAKeyValue><Modulus>wRSGFs73V0JMKVVRCX9pEVmluvNojvtDvzHduZ+pX458q9THGbti8zEty6ydF7nxVFCRriONFm6w+PtcZhRT+eXMb21jzY6biII4BXdh91BmVZ96FyYROMnHS6zjfK7+oDbsVV8XWkZ11DiHa+9wySxQcc4fBd23xGYpo52p2fc=</Modulus><Exponent>AQAB</Exponent></RSAKeyValue></KeyValue></KeyInfo><Object Id="Sitecore.WFFM" xmlns="http://www.w3.org/2000/09/xmldsig#"><module xmlns=""><idref>20171213013608</idref><name>Sitecore.WFFM</name><count>1</count><expiration>21000101T000000</expiration><version>9</version><comment /><licenseagreement>?</licenseagreement></module></Object></Signature><Signature><SignedInfo xmlns="http://www.w3.org/2000/09/xmldsig#"><CanonicalizationMethod Algorithm="http://www.w3.org/TR/2001/REC-xml-c14n-20010315" /><SignatureMethod Algorithm="http://www.w3.org/2000/09/xmldsig#rsa-sha1" /><Reference URI="#Sitecore.xDB.Base"><DigestMethod Algorithm="http://www.w3.org/2000/09/xmldsig#sha1" /><DigestValue>tfdh/dHT0UU9V56cX+wYSiWbiog=</DigestValue></Reference></SignedInfo><SignatureValue xmlns="http://www.w3.org/2000/09/xmldsig#">BfWmkIXiwEy8VJ0QgInNPsAYWnPrirFvmzXA3WQQYTmLgJ/ZiEhijE7w8A94JCtAFQsrIoQPTC7n0B2A50S53RPWxeHMvnAeeLeY+/ETNtmy70Mxd1+rJysbKPaYX9YoJJeCtdgSf3VmCYjATqHJ4VcG6Ohq9zvndRiHRJNbJz0=</SignatureValue><KeyInfo xmlns="http://www.w3.org/2000/09/xmldsig#"><KeyValue><RSAKeyValue><Modulus>wRSGFs73V0JMKVVRCX9pEVmluvNojvtDvzHduZ+pX458q9THGbti8zEty6ydF7nxVFCRriONFm6w+PtcZhRT+eXMb21jzY6biII4BXdh91BmVZ96FyYROMnHS6zjfK7+oDbsVV8XWkZ11DiHa+9wySxQcc4fBd23xGYpo52p2fc=</Modulus><Exponent>AQAB</Exponent></RSAKeyValue></KeyValue></KeyInfo><Object Id="Sitecore.xDB.Base" xmlns="http://www.w3.org/2000/09/xmldsig#"><module xmlns=""><idref>20171213013608</idref><name>Sitecore.xDB.Base</name><count>1</count><expiration>21000101T000000</expiration><version>9</version><comment /><licenseagreement>?</licenseagreement></module></Object></Signature><Signature><SignedInfo xmlns="http://www.w3.org/2000/09/xmldsig#"><CanonicalizationMethod Algorithm="http://www.w3.org/TR/2001/REC-xml-c14n-20010315" /><SignatureMethod Algorithm="http://www.w3.org/2000/09/xmldsig#rsa-sha1" /><Reference URI="#Sitecore.XP"><DigestMethod Algorithm="http://www.w3.org/2000/09/xmldsig#sha1" /><DigestValue>bYxsQglyN60bLA6RwUEQDbwl9MM=</DigestValue></Reference></SignedInfo><SignatureValue xmlns="http://www.w3.org/2000/09/xmldsig#">ttI8hiDhCskaReu4jJ+EnkJzrEuFzLVOZ9IALqtYkwYCkqP+v77YmQoVVexwA4gC9ALsMDwKwRdTNwla4/Pa0HQgHI70q33qQ3qTgbCqWKi39Nr8MpMGmLafXMbhW7ahcNbhma0+hButpw1t2VYmjtBypPmkX/KRTYpJumdbR/g=</SignatureValue><KeyInfo xmlns="http://www.w3.org/2000/09/xmldsig#"><KeyValue><RSAKeyValue><Modulus>wRSGFs73V0JMKVVRCX9pEVmluvNojvtDvzHduZ+pX458q9THGbti8zEty6ydF7nxVFCRriONFm6w+PtcZhRT+eXMb21jzY6biII4BXdh91BmVZ96FyYROMnHS6zjfK7+oDbsVV8XWkZ11DiHa+9wySxQcc4fBd23xGYpo52p2fc=</Modulus><Exponent>AQAB</Exponent></RSAKeyValue></KeyValue></KeyInfo><Object Id="Sitecore.XP" xmlns="http://www.w3.org/2000/09/xmldsig#"><module xmlns=""><idref>20171213013608</idref><name>Sitecore.XP</name><count>1</count><expiration>21000101T000000</expiration><version>9</version><comment /><licenseagreement>?</licenseagreement></module></Object></Signature><Signature><SignedInfo xmlns="http://www.w3.org/2000/09/xmldsig#"><CanonicalizationMethod Algorithm="http://www.w3.org/TR/2001/REC-xml-c14n-20010315" /><SignatureMethod Algorithm="http://www.w3.org/2000/09/xmldsig#rsa-sha1" /><Reference URI="#Sitecore.Visit"><DigestMethod Algorithm="http://www.w3.org/2000/09/xmldsig#sha1" /><DigestValue>0664y+0dgvIQK1hAE6q0jBhys7E=</DigestValue></Reference></SignedInfo><SignatureValue xmlns="http://www.w3.org/2000/09/xmldsig#">kULvDMg3pXT8Y1Yio932+8emf0VpwaJfkS0khZdhA6bEHxU2ZFM+op6wSMusvgsLZumInurX+6YC8LL7kLSDedTiiDXCDwdA3fAyN1utdWfVsqVDtBCRXabGkdEDnyAxos5xNax+lGtlmUJu/Dq7RYO6fzl3DAsp0TRKoAu6kLM=</SignatureValue><KeyInfo xmlns="http://www.w3.org/2000/09/xmldsig#"><KeyValue><RSAKeyValue><Modulus>wRSGFs73V0JMKVVRCX9pEVmluvNojvtDvzHduZ+pX458q9THGbti8zEty6ydF7nxVFCRriONFm6w+PtcZhRT+eXMb21jzY6biII4BXdh91BmVZ96FyYROMnHS6zjfK7+oDbsVV8XWkZ11DiHa+9wySxQcc4fBd23xGYpo52p2fc=</Modulus><Exponent>AQAB</Exponent></RSAKeyValue></KeyValue></KeyInfo><Object Id="Sitecore.Visit" xmlns="http://www.w3.org/2000/09/xmldsig#"><module xmlns=""><idref>20171213013608</idref><name>Sitecore.Visit</name><count>500000</count><expiration>21000101T000000</expiration><version>9</version><comment /><licenseagreement>?</licenseagreement></module></Object></Signature><Signature><SignedInfo xmlns="http://www.w3.org/2000/09/xmldsig#"><CanonicalizationMethod Algorithm="http://www.w3.org/TR/2001/REC-xml-c14n-20010315" /><SignatureMethod Algorithm="http://www.w3.org/2000/09/xmldsig#rsa-sha1" /><Reference URI="#Sitecore.Env.NonProd"><DigestMethod Algorithm="http://www.w3.org/2000/09/xmldsig#sha1" /><DigestValue>HiaabYQKByED9BAkYTsuFeKHuI8=</DigestValue></Reference></SignedInfo><SignatureValue xmlns="http://www.w3.org/2000/09/xmldsig#">EHHk59ZAqVHz+ZKB93bXR8JO9+Ytx6m9eOWrxa4/HyRpIj6E1ciKzozp/AIUAtNY+VODU2UercMtG+Wi850kfFxFYo3QV2VMPu7qAxZd+0dNGX/ZxrfYMnFnStc6OHu1KChp3j8dLSOT8oVYnQDNf5w9e+6RfGc6kF6zzgwg3q0=</SignatureValue><KeyInfo xmlns="http://www.w3.org/2000/09/xmldsig#"><KeyValue><RSAKeyValue><Modulus>wRSGFs73V0JMKVVRCX9pEVmluvNojvtDvzHduZ+pX458q9THGbti8zEty6ydF7nxVFCRriONFm6w+PtcZhRT+eXMb21jzY6biII4BXdh91BmVZ96FyYROMnHS6zjfK7+oDbsVV8XWkZ11DiHa+9wySxQcc4fBd23xGYpo52p2fc=</Modulus><Exponent>AQAB</Exponent></RSAKeyValue></KeyValue></KeyInfo><Object Id="Sitecore.Env.NonProd" xmlns="http://www.w3.org/2000/09/xmldsig#"><module xmlns=""><idref>20171213013608</idref><name>Sitecore.Env.NonProd</name><count>6</count><expiration>21000101T000000</expiration><version>9</version><comment /><licenseagreement>?</licenseagreement></module></Object></Signature><Signature><SignedInfo xmlns="http://www.w3.org/2000/09/xmldsig#"><CanonicalizationMethod Algorithm="http://www.w3.org/TR/2001/REC-xml-c14n-20010315" /><SignatureMethod Algorithm="http://www.w3.org/2000/09/xmldsig#rsa-sha1" /><Reference URI="#SiteCore.EditorUser"><DigestMethod Algorithm="http://www.w3.org/2000/09/xmldsig#sha1" /><DigestValue>eA6OOyZw5Jiv3AMVqjfqMWo899I=</DigestValue></Reference></SignedInfo><SignatureValue xmlns="http://www.w3.org/2000/09/xmldsig#">JBWJCwNjJ96/ojlcVNzSk998XsOWtxzO2dTmMYRGejZuoGObsTuoLUA1K307+VfKTP8f9bQ4wV2iBBEKkSJyhxpiP+/nR7pfOaKezGoqxo7JNsYHvW+nO7/Z8JRpffQav7hYlxLRUcApHq6ykq+dT+NutN7H1CHIHIvLq3HGIH8=</SignatureValue><KeyInfo xmlns="http://www.w3.org/2000/09/xmldsig#"><KeyValue><RSAKeyValue><Modulus>wRSGFs73V0JMKVVRCX9pEVmluvNojvtDvzHduZ+pX458q9THGbti8zEty6ydF7nxVFCRriONFm6w+PtcZhRT+eXMb21jzY6biII4BXdh91BmVZ96FyYROMnHS6zjfK7+oDbsVV8XWkZ11DiHa+9wySxQcc4fBd23xGYpo52p2fc=</Modulus><Exponent>AQAB</Exponent></RSAKeyValue></KeyValue></KeyInfo><Object Id="SiteCore.EditorUser" xmlns="http://www.w3.org/2000/09/xmldsig#"><module xmlns=""><idref>20171213013608</idref><name>SiteCore.EditorUser</name><count>18</count><expiration>21000101T000000</expiration><version>9</version><comment /><licenseagreement>?</licenseagreement></module></Object></Signature></signedlicense>