{
  "$schema": "http://schema.management.azure.com/schemas/2015-01-01/deploymentTemplate.json#",
  "contentVersion": "1.0.0.0",
  "variables": {
    "resourcesApiVersion": "2016-09-01",
    "defaultDependency": [
      {
        "name": "application"
      }
    ],
    "dependencies": "[concat(variables('defaultDependency'), parameters('modules').items)]"
  },
  "parameters": {
    "modules": {
      "type": "secureObject",
      "defaultValue": {
        "items": [
          {
            "name": "empty",
            "templateLink": "[concat(uri(parameters('templateLinkBase'), 'nested/emptyAddon.json'), parameters('templateLinkAccessToken'))]",
            "parameters": {
            }
          }
        ]
      }
    },

    "templateLinkBase": {
      "type": "string",
      "minLength": 1,
      "defaultValue": "[uri(replace(json(string(deployment().properties.templateLink)).uri,' ','%20'), '.')]"
    },
    "templateLinkAccessToken": {
      "type": "securestring",
      "defaultValue": ""
    },

    "deploymentId": {
      "type": "string",
      "defaultValue": "[resourceGroup().name]"
    },
    "location": {
      "type": "string",
      "minLength": 1,
      "defaultValue": "[resourceGroup().location]"
    },

    "sitecoreAdminPassword": {
      "type": "securestring",
      "minLength": 8
    },
    "licenseXml": {
      "type": "securestring",
      "minLength": 1
    },

    "sqlServerName": {
      "type": "string",
      "minLength": 1,
      "defaultValue": "[concat(parameters('deploymentId'), '-sql')]"
    },
    "sqlServerLogin": {
      "type": "string",
      "minLength": 1
    },
    "sqlServerPassword": {
      "type": "securestring",
      "minLength": 8
    },

    "sqlServerVersion": {
      "type": "string",
      "minLength": 1,
      "defaultValue": "12.0"
    },
    "sqlDatabaseCollation": {
      "type": "string",
      "minLength": 1,
      "defaultValue": "SQL_Latin1_General_CP1_CI_AS"
    },
    "sqlDatabaseEdition": {
      "type": "string",
      "minLength": 1,
      "defaultValue": "Standard"
    },
    "sqlDatabaseMaxSize": {
      "type": "string",
      "minLength": 1,
      "defaultValue": "268435456000"
    },
    "sqlBasicDatabaseServiceObjectiveLevel": {
      "type": "string",
      "minLength": 1,
      "defaultValue": "S0"
    },
    "sqlDatabaseServiceObjectiveLevel": {
      "type": "string",
      "minLength": 1,
      "defaultValue": "S1"
    },

    "coreSqlDatabaseName": {
      "type": "string",
      "minLength": 1,
      "defaultValue": "[concat(parameters('deploymentId'), '-core-db')]"
    },
    "masterSqlDatabaseName": {
      "type": "string",
      "minLength": 1,
      "defaultValue": "[concat(parameters('deploymentId'), '-master-db')]"
    },
    "webSqlDatabaseName": {
      "type": "string",
      "minLength": 1,
      "defaultValue": "[concat(parameters('deploymentId'), '-web-db')]"
    },
    "reportingSqlDatabaseName": {
      "type": "string",
      "minLength": 1,
      "defaultValue": "[concat(parameters('deploymentId'), '-reporting-db')]"
    },
    "poolsSqlDatabaseName": {
      "type": "string",
      "minLength": 1,
      "defaultValue": "[concat(parameters('deploymentId'), '-pools-db')]"
    },
    "tasksSqlDatabaseName": {
      "type": "string",
      "minLength": 1,
      "defaultValue": "[concat(parameters('deploymentId'), '-tasks-db')]"
    },
    "shardMapManagerSqlDatabaseName": {
      "type": "string",
      "minLength": 1,
      "defaultValue": "[concat(parameters('deploymentId'), '-smm-db')]"
    },
    "shard0SqlDatabaseName": {
      "type": "string",
      "minLength": 1,
      "defaultValue": "[concat(parameters('deploymentId'), '-shard0-db')]"
    },
    "shard1SqlDatabaseName": {
      "type": "string",
      "minLength": 1,
      "defaultValue": "[concat(parameters('deploymentId'), '-shard1-db')]"
    },
    "refDataSqlDatabaseName": {
      "type": "string",
      "minLength": 1,
      "defaultValue": "[concat(parameters('deploymentId'), '-refdata-db')]"
    },
    "maSqlDatabaseName": {
      "type": "string",
      "minLength": 1,
      "defaultValue": "[concat(parameters('deploymentId'), '-ma-db')]"
    },
    "messagingSqlDatabaseName": {
      "type": "string",
      "minLength": 1,
      "defaultValue": "[concat(parameters('deploymentId'), '-messaging-db')]"
    },

    "coreSqlDatabaseUserName": {
      "type": "string",
      "minLength": 1,
      "defaultValue": "coreuser"
    },
    "coreSqlDatabasePassword": {
      "type": "securestring",
      "minLength": 8,
      "defaultValue": "[concat(toUpper(uniqueString('core', parameters('passwordSalt'))), uniqueString('core', parameters('sqlServerPassword'), parameters('passwordSalt')), toUpper(uniqueString('core', parameters('sitecoreAdminPassword'), parameters('passwordSalt'))), '4@')]"
    },
    "masterSqlDatabaseUserName": {
      "type": "string",
      "minLength": 1,
      "defaultValue": "masteruser"
    },
    "masterSqlDatabasePassword": {
      "type": "securestring",
      "minLength": 8,
      "defaultValue": "[concat(toUpper(uniqueString('master', parameters('passwordSalt'))), uniqueString('master', parameters('sqlServerPassword'), parameters('passwordSalt')), toUpper(uniqueString('master', parameters('sitecoreAdminPassword'), parameters('passwordSalt'))), '4@')]"
    },
    "webSqlDatabaseUserName": {
      "type": "string",
      "minLength": 1,
      "defaultValue": "webuser"
    },
    "webSqlDatabasePassword": {
      "type": "securestring",
      "minLength": 8,
      "defaultValue": "[concat(toUpper(uniqueString('web', parameters('passwordSalt'))), uniqueString('web', parameters('sqlServerPassword'), parameters('passwordSalt')), toUpper(uniqueString('web', parameters('sitecoreAdminPassword'), parameters('passwordSalt'))), '4@')]"
    },
    "reportingSqlDatabaseUserName": {
      "type": "string",
      "minLength": 1,
      "defaultValue": "reportinguser"
    },
    "reportingSqlDatabasePassword": {
      "type": "securestring",
      "minLength": 8,
      "defaultValue": "[concat(toUpper(uniqueString('reporting', parameters('passwordSalt'))), uniqueString('reporting', parameters('sqlServerPassword'), parameters('passwordSalt')), toUpper(uniqueString('reporting', parameters('sitecoreAdminPassword'), parameters('passwordSalt'))), '4@')]"
    },
    "poolsSqlDatabaseUserName": {
      "type": "string",
      "minLength": 1,
      "defaultValue": "poolsuser"
    },
    "poolsSqlDatabasePassword": {
      "type": "securestring",
      "minLength": 8,
      "defaultValue": "[concat(toUpper(uniqueString('pools', parameters('passwordSalt'))), uniqueString('pools', parameters('sqlServerPassword'), parameters('passwordSalt')), toUpper(uniqueString('pools', parameters('sitecoreAdminPassword'), parameters('passwordSalt'))), '4@')]"
    },
    "tasksSqlDatabaseUserName": {
      "type": "string",
      "minLength": 1,
      "defaultValue": "tasksuser"
    },
    "tasksSqlDatabasePassword": {
      "type": "securestring",
      "minLength": 8,
      "defaultValue": "[concat(toUpper(uniqueString('tasks', parameters('passwordSalt'))), uniqueString('tasks', parameters('sqlServerPassword'), parameters('passwordSalt')), toUpper(uniqueString('tasks', parameters('sitecoreAdminPassword'), parameters('passwordSalt'))), '4@')]"
    },
    "xcShardMapManagerSqlDatabaseUserName": {
      "type": "string",
      "minLength": 1,
      "defaultValue": "xcsmmuser"
    },
    "xcShardMapManagerSqlDatabasePassword": {
      "type": "securestring",
      "minLength": 8,
      "defaultValue": "[concat(toUpper(uniqueString('xcsmm', parameters('passwordSalt'))), uniqueString('xcsmm', parameters('sqlServerPassword'), parameters('passwordSalt')), toUpper(uniqueString('xcsmm', parameters('sitecoreAdminPassword'), parameters('passwordSalt'))), '4@')]"
    },
    "xcRefDataSqlDatabaseUserName": {
      "type": "string",
      "minLength": 1,
      "defaultValue": "xcrefdatauser"
    },
    "xcRefDataSqlDatabasePassword": {
      "type": "securestring",
      "minLength": 8,
      "defaultValue": "[concat(toUpper(uniqueString('xcrefdata', parameters('passwordSalt'))), uniqueString('xcrefdata', parameters('sqlServerPassword'), parameters('passwordSalt')), toUpper(uniqueString('xcrefdata', parameters('sitecoreAdminPassword'), parameters('passwordSalt'))), '4@')]"
    },
    "xcMaSqlDatabaseUserName": {
      "type": "string",
      "minLength": 1,
      "defaultValue": "xcmauser"
    },
    "xcMaSqlDatabasePassword": {
      "type": "securestring",
      "minLength": 8,
      "defaultValue": "[concat(toUpper(uniqueString('xcma', parameters('passwordSalt'))), uniqueString('xcma', parameters('sqlServerPassword'), parameters('passwordSalt')), toUpper(uniqueString('xcma', parameters('sitecoreAdminPassword'), parameters('passwordSalt'))), '4@')]"
    },
    "messagingSqlDatabaseUserName": {
      "type": "string",
      "minLength": 1,
      "defaultValue": "messaginguser"
    },
    "messagingSqlDatabasePassword": {
      "type": "securestring",
      "minLength": 8,
      "defaultValue": "[concat(toUpper(uniqueString('messaging', parameters('passwordSalt'))), uniqueString('messaging', parameters('sqlServerPassword'), parameters('passwordSalt')), toUpper(uniqueString('messaging', parameters('sitecoreAdminPassword'), parameters('passwordSalt'))), '4@')]"
    },

    "searchServiceName": {
      "type": "string",
      "defaultValue": "[concat(parameters('deploymentId'), '-as')]"
    },
    "searchServiceLocation": {
      "type": "string",
      "defaultValue": "[parameters('location')]"
    },
    "searchServiceSkuName": {
      "type": "string",
      "defaultValue": "Standard"
    },
    "searchServiceReplicaCount": {
      "type": "int",
      "defaultValue": 1
    },
    "searchServicePartitionCount": {
      "type": "int",
      "defaultValue": 1
    },
    "xcSearchIndexName": {
      "type": "string",
      "minLength": 1,
      "defaultValue": "xdb"
    },

    "xcSolrConnectionString": {
      "type": "securestring",
      "defaultValue": ""
    },

    "applicationInsightsName": {
      "type": "string",
      "minLength": 1,
      "defaultValue": "[concat(parameters('deploymentId'), '-ai')]"
    },
    "applicationInsightsLocation": {
      "type": "string",
      "defaultValue": "East US"
    },
    "applicationInsightsPricePlan": {
      "type": "string",
      "minLength": 1,
      "defaultValue": "[concat(parameters('deploymentId'), '-ai-pp')]"
    },
    "applicationInsightsCurrentBillingFeatures": {
      "type": "string",
      "defaultValue": "Basic",
      "allowedValues": [ "Basic", "Application Insights Enterprise" ]
    },
    "applicationInsightsDataVolumeCap": {
      "type": "string",
      "defaultValue": "0.33"
    },

    "xcSingleHostingPlanName": {
      "type": "string",
      "minLength": 1,
      "defaultValue": "[concat(parameters('deploymentId'), '-xc-single-hp')]"
    },
    "xcSingleHostingPlanSkuName": {
      "type": "string",
      "defaultValue": "S1"
    },
    "xcSingleHostingPlanSkuCapacity": {
      "type": "int",
      "defaultValue": 1
    },

    "singleHostingPlanName": {
      "type": "string",
      "minLength": 1,
      "defaultValue": "[concat(parameters('deploymentId'), '-single-hp')]"
    },
    "singleHostingPlanSkuName": {
      "type": "string",
      "defaultValue": "S1"
    },
    "singleHostingPlanSkuCapacity": {
      "type": "int",
      "defaultValue": 1
    },

    "singleWebAppName": {
      "type": "string",
      "minLength": 1,
      "defaultValue": "[concat(parameters('deploymentId'), '-single')]"
    },
    "xcSingleWebAppName": {
      "type": "string",
      "minLength": 1,
      "defaultValue": "[concat(parameters('deploymentId'), '-xc-single')]"
    },

    "singleMsDeployPackageUrl": {
      "type": "securestring",
      "minLength": 1
    },
    "xcSingleMsDeployPackageUrl": {
      "type": "securestring",
      "minLength": 1
    },
    "authCertificateName": {
      "type": "string",
      "minLength": 1,
      "defaultValue": "[concat(parameters('deploymentId'), '-auth')]"
    },
    "authCertificateBlob": {
      "type": "securestring",
      "minLength": 1,
      "defaultValue": ""
    },
    "authCertificatePassword": {
      "type": "securestring",
      "minLength": 1,
      "defaultValue": ""
    },

    "xcServerConfigurationEnvironment": {
      "type": "string",
      "defaultValue": "Production",
      "allowedValues": [ "Development", "Production" ]
    },

    "allowInvalidClientCertificates": {
      "type": "bool",
      "defaultValue":false
    },

    "passwordSalt": {
      "type": "securestring",
      "minLength": 1,
      "defaultValue": "[resourceGroup().id]"
    }
  },
  "resources": [
    {
      "apiVersion": "[variables('resourcesApiVersion')]",
      "name": "[concat(parameters('deploymentId'), '-infrastructure')]",
      "type": "Microsoft.Resources/deployments",
      "properties": {
        "mode": "Incremental",
        "templateLink": {
          "uri": "[concat(uri(parameters('templateLinkBase'), 'nested/infrastructure.json'), parameters('templateLinkAccessToken'))]"
        },
        "parameters": {
          "deploymentId": {
            "value": "[parameters('deploymentId')]"
          },
          "location": {
            "value": "[parameters('location')]"
          },

          "sqlServerName": {
            "value": "[parameters('sqlServerName')]"
          },
          "sqlServerLogin": {
            "value": "[parameters('sqlServerLogin')]"
          },
          "sqlServerPassword": {
            "value": "[parameters('sqlServerPassword')]"
          },

          "sqlServerVersion": {
            "value": "[parameters('sqlServerVersion')]"
          },
          "sqlDatabaseCollation": {
            "value": "[parameters('sqlDatabaseCollation')]"
          },
          "sqlDatabaseEdition": {
            "value": "[parameters('sqlDatabaseEdition')]"
          },
          "sqlDatabaseMaxSize": {
            "value": "[parameters('sqlDatabaseMaxSize')]"
          },
          "sqlBasicDatabaseServiceObjectiveLevel": {
            "value": "[parameters('sqlBasicDatabaseServiceObjectiveLevel')]"
          },
          "sqlDatabaseServiceObjectiveLevel": {
            "value": "[parameters('sqlDatabaseServiceObjectiveLevel')]"
          },

          "coreSqlDatabaseName": {
            "value": "[parameters('coreSqlDatabaseName')]"
          },
          "masterSqlDatabaseName": {
            "value": "[parameters('masterSqlDatabaseName')]"
          },
          "webSqlDatabaseName": {
            "value": "[parameters('webSqlDatabaseName')]"
          },
          "reportingSqlDatabaseName": {
            "value": "[parameters('reportingSqlDatabaseName')]"
          },
          "poolsSqlDatabaseName": {
            "value": "[parameters('poolsSqlDatabaseName')]"
          },
          "tasksSqlDatabaseName": {
            "value": "[parameters('tasksSqlDatabaseName')]"
          },

          "deployAzureSearch": {
            "value": "[empty(parameters('xcSolrConnectionString'))]"
          },
          
          "searchServiceName": {
            "value": "[parameters('searchServiceName')]"
          },
          "searchServiceLocation": {
            "value": "[parameters('searchServiceLocation')]"
          },
          "searchServiceSkuName": {
            "value": "[parameters('searchServiceSkuName')]"
          },
          "searchServiceReplicaCount": {
            "value": "[parameters('searchServiceReplicaCount')]"
          },
          "searchServicePartitionCount": {
            "value": "[parameters('searchServicePartitionCount')]"
          },

          "applicationInsightsName": {
            "value": "[parameters('applicationInsightsName')]"
          },
          "applicationInsightsLocation": {
            "value": "[parameters('applicationInsightsLocation')]"
          },
          "applicationInsightsPricePlan": {
            "value": "[parameters('applicationInsightsPricePlan')]"
          },
          "applicationInsightsCurrentBillingFeatures": {
            "value": "[parameters('applicationInsightsCurrentBillingFeatures')]"
          },
          "applicationInsightsDataVolumeCap": {
            "value": "[parameters('applicationInsightsDataVolumeCap')]"
          },

          "singleHostingPlanName": {
            "value": "[parameters('singleHostingPlanName')]"
          },
          "singleHostingPlanSkuCapacity": {
            "value": "[parameters('singleHostingPlanSkuCapacity')]"
          },
          "singleHostingPlanSkuName": {
            "value": "[parameters('singleHostingPlanSkuName')]"
          },

          "singleWebAppName": {
            "value": "[parameters('singleWebAppName')]"
          },

          "authCertificateName": {
            "value": "[parameters('authCertificateName')]"
          },
          "authCertificateBlob": {
            "value": "[parameters('authCertificateBlob')]"
          },
          "authCertificatePassword": {
            "value": "[parameters('authCertificatePassword')]"
          }
        }
      }
    },
    {
      "apiVersion": "[variables('resourcesApiVersion')]",
      "name": "[concat(parameters('deploymentId'), '-infrastructure-xc')]",
      "type": "Microsoft.Resources/deployments",
      "properties": {
        "mode": "Incremental",
        "templateLink": {
          "uri": "[concat(uri(parameters('templateLinkBase'), 'nested/infrastructure-xc.json'), parameters('templateLinkAccessToken'))]"
        },
        "parameters": {
          "deploymentId": {
            "value": "[parameters('deploymentId')]"
          },
          "location": {
            "value": "[parameters('location')]"
          },

          "sqlServerName": {
            "value": "[parameters('sqlServerName')]"
          },

          "sqlDatabaseCollation": {
            "value": "[parameters('sqlDatabaseCollation')]"
          },
          "sqlDatabaseEdition": {
            "value": "[parameters('sqlDatabaseEdition')]"
          },
          "sqlDatabaseMaxSize": {
            "value": "[parameters('sqlDatabaseMaxSize')]"
          },
          "sqlBasicDatabaseServiceObjectiveLevel": {
            "value": "[parameters('sqlBasicDatabaseServiceObjectiveLevel')]"
          },

          "shardMapManagerSqlDatabaseName": {
            "value": "[parameters('shardMapManagerSqlDatabaseName')]"
          },
          "shard0SqlDatabaseName": {
            "value": "[parameters('shard0SqlDatabaseName')]"
          },
          "shard1SqlDatabaseName": {
            "value": "[parameters('shard1SqlDatabaseName')]"
          },
          "refDataSqlDatabaseName": {
            "value": "[parameters('refDataSqlDatabaseName')]"
          },
          "maSqlDatabaseName": {
            "value": "[parameters('maSqlDatabaseName')]"
          },
          "messagingSqlDatabaseName": {
            "value": "[parameters('messagingSqlDatabaseName')]"
          },

          "xcSingleHostingPlanName": {
            "value": "[parameters('xcSingleHostingPlanName')]"
          },
          "xcSingleHostingPlanSkuName": {
            "value": "[parameters('xcSingleHostingPlanSkuName')]"
          },
          "xcSingleHostingPlanSkuCapacity": {
            "value": "[parameters('xcSingleHostingPlanSkuCapacity')]"
          },

          "xcSingleWebAppName": {
            "value": "[parameters('xcSingleWebAppName')]"
          }
        }
      },
      "dependsOn": [
        "[resourceId('Microsoft.Resources/deployments', concat(parameters('deploymentId'), '-infrastructure'))]"
      ]
    },
    {
      "apiVersion": "[variables('resourcesApiVersion')]",
      "name": "[concat(parameters('deploymentId'), '-application')]",
      "type": "Microsoft.Resources/deployments",
      "properties": {
        "mode": "Incremental",
        "templateLink": {
          "uri": "[concat(uri(parameters('templateLinkBase'), 'nested/application.json'), parameters('templateLinkAccessToken'))]"
        },
        "parameters": {
          "infrastructure": {
            "value": "[reference(concat(parameters('deploymentId'), '-infrastructure')).outputs.infrastructure.value]"
          },

          "deploymentId": {
            "value": "[parameters('deploymentId')]"
          },
          "location": {
            "value": "[parameters('location')]"
          },

          "sitecoreAdminPassword": {
            "value": "[parameters('sitecoreAdminPassword')]"
          },
          "licenseXml": {
            "value": "[parameters('licenseXml')]"
          },

          "sqlServerLogin": {
            "value": "[parameters('sqlServerLogin')]"
          },
          "sqlServerPassword": {
            "value": "[parameters('sqlServerPassword')]"
          },

          "coreSqlDatabaseName": {
            "value": "[parameters('coreSqlDatabaseName')]"
          },
          "masterSqlDatabaseName": {
            "value": "[parameters('masterSqlDatabaseName')]"
          },
          "webSqlDatabaseName": {
            "value": "[parameters('webSqlDatabaseName')]"
          },
          "reportingSqlDatabaseName": {
            "value": "[parameters('reportingSqlDatabaseName')]"
          },
          "poolsSqlDatabaseName": {
            "value": "[parameters('poolsSqlDatabaseName')]"
          },
          "tasksSqlDatabaseName": {
            "value": "[parameters('tasksSqlDatabaseName')]"
          },
          "refDataSqlDatabaseName": {
            "value": "[parameters('refDataSqlDatabaseName')]"
          },

          "coreSqlDatabaseUserName": {
            "value": "[parameters('coreSqlDatabaseUserName')]"
          },
          "coreSqlDatabasePassword": {
            "value": "[parameters('coreSqlDatabasePassword')]"
          },
          "masterSqlDatabaseUserName": {
            "value": "[parameters('masterSqlDatabaseUserName')]"
          },
          "masterSqlDatabasePassword": {
            "value": "[parameters('masterSqlDatabasePassword')]"
          },
          "webSqlDatabaseUserName": {
            "value": "[parameters('webSqlDatabaseUserName')]"
          },
          "webSqlDatabasePassword": {
            "value": "[parameters('webSqlDatabasePassword')]"
          },
          "reportingSqlDatabaseUserName": {
            "value": "[parameters('reportingSqlDatabaseUserName')]"
          },
          "reportingSqlDatabasePassword": {
            "value": "[parameters('reportingSqlDatabasePassword')]"
          },
          "poolsSqlDatabaseUserName": {
            "value": "[parameters('poolsSqlDatabaseUserName')]"
          },
          "poolsSqlDatabasePassword": {
            "value": "[parameters('poolsSqlDatabasePassword')]"
          },
          "tasksSqlDatabaseUserName": {
            "value": "[parameters('tasksSqlDatabaseUserName')]"
          },
          "tasksSqlDatabasePassword": {
            "value": "[parameters('tasksSqlDatabasePassword')]"
          },
          "xcRefDataSqlDatabaseUserName": {
            "value": "[parameters('xcRefDataSqlDatabaseUserName')]"
          },
          "xcRefDataSqlDatabasePassword": {
            "value": "[parameters('xcRefDataSqlDatabasePassword')]"
          },

          "applicationInsightsName": {
            "value": "[parameters('applicationInsightsName')]"
          },

          "singleWebAppName": {
            "value": "[parameters('singleWebAppName')]"
          },
          "xcSingleWebAppName": {
            "value": "[parameters('xcSingleWebAppName')]"
          },

          "singleMsDeployPackageUrl": {
            "value": "[parameters('singleMsDeployPackageUrl')]"
          },
         
          "allowInvalidClientCertificates": {
            "value": "[parameters('allowInvalidClientCertificates')]"
          },

          "passwordSalt": {
            "value": "[parameters('passwordSalt')]"
          }
        }
      },
      "dependsOn": [
        "[resourceId('Microsoft.Resources/deployments', concat(parameters('deploymentId'), '-application-xc'))]"
      ]
    },
    {
      "apiVersion": "[variables('resourcesApiVersion')]",
      "name": "[concat(parameters('deploymentId'), '-application-xc')]",
      "type": "Microsoft.Resources/deployments",
      "properties": {
        "mode": "Incremental",
        "templateLink": {
          "uri": "[concat(uri(parameters('templateLinkBase'), 'nested/application-xc.json'), parameters('templateLinkAccessToken'))]"
        },
        "parameters": {
          "infrastructure": {
            "value": "[reference(concat(parameters('deploymentId'), '-infrastructure')).outputs.infrastructure.value]"
          },

          "templateLinkAccessToken": {
            "value": "[parameters('templateLinkAccessToken')]"
          },

          "deploymentId": {
            "value": "[parameters('deploymentId')]"
          },
          "location": {
            "value": "[parameters('location')]"
          },

          "sitecoreAdminPassword": {
            "value": "[parameters('sitecoreAdminPassword')]"
          },
          "licenseXml": {
            "value": "[parameters('licenseXml')]"
          },

          "sqlServerLogin": {
            "value": "[parameters('sqlServerLogin')]"
          },
          "sqlServerPassword": {
            "value": "[parameters('sqlServerPassword')]"
          },

          "poolsSqlDatabaseName": {
            "value": "[parameters('poolsSqlDatabaseName')]"
          },
          "shardMapManagerSqlDatabaseName": {
            "value": "[parameters('shardMapManagerSqlDatabaseName')]"
          },
          "shard0SqlDatabaseName": {
            "value": "[parameters('shard0SqlDatabaseName')]"
          },
          "shard1SqlDatabaseName": {
            "value": "[parameters('shard1SqlDatabaseName')]"
          },
          "refDataSqlDatabaseName": {
            "value": "[parameters('refDataSqlDatabaseName')]"
          },
          "maSqlDatabaseName": {
            "value": "[parameters('maSqlDatabaseName')]"
          },
          "messagingSqlDatabaseName": {
            "value": "[parameters('messagingSqlDatabaseName')]"
          },

          "poolsSqlDatabaseUserName": {
            "value": "[parameters('poolsSqlDatabaseUserName')]"
          },
          "poolsSqlDatabasePassword": {
            "value": "[parameters('poolsSqlDatabasePassword')]"
          },
          "xcRefDataSqlDatabaseUserName": {
            "value": "[parameters('xcRefDataSqlDatabaseUserName')]"
          },
          "xcRefDataSqlDatabasePassword": {
            "value": "[parameters('xcRefDataSqlDatabasePassword')]"
          },
          "xcShardMapManagerSqlDatabaseUserName": {
            "value": "[parameters('xcShardMapManagerSqlDatabaseUserName')]"
          },
          "xcShardMapManagerSqlDatabasePassword": {
            "value": "[parameters('xcShardMapManagerSqlDatabasePassword')]"
          },
          "xcMaSqlDatabaseUserName": {
            "value": "[parameters('xcMaSqlDatabaseUserName')]"
          },
          "xcMaSqlDatabasePassword": {
            "value": "[parameters('xcMaSqlDatabasePassword')]"
          },
          "messagingSqlDatabaseUserName": {
            "value": "[parameters('messagingSqlDatabaseUserName')]"
          },
          "messagingSqlDatabasePassword": {
            "value": "[parameters('messagingSqlDatabasePassword')]"
          },

          "searchServiceName": {
            "value": "[parameters('searchServiceName')]"
          },
          "xcSearchIndexName": {
            "value": "[parameters('xcSearchIndexName')]"
          },

          "xcSolrConnectionString": {
            "value": "[parameters('xcSolrConnectionString')]"
          },

          "applicationInsightsName": {
            "value": "[parameters('applicationInsightsName')]"
          },

          "xcSingleWebAppName": {
            "value": "[parameters('xcSingleWebAppName')]"
          },

          "xcSingleMsDeployPackageUrl": {
            "value": "[parameters('xcSingleMsDeployPackageUrl')]"
          },

          "xcServerConfigurationEnvironment": {
            "value": "[parameters('xcServerConfigurationEnvironment')]"
          },

          "allowInvalidClientCertificates": {
            "value": "[parameters('allowInvalidClientCertificates')]"
          },

          "passwordSalt": {
            "value": "[parameters('passwordSalt')]"
          }
        }
      },
      "dependsOn": [
        "[resourceId('Microsoft.Resources/deployments', concat(parameters('deploymentId'), '-infrastructure-xc'))]"
      ]
    },
    {
      "copy": {
        "name": "modules",
        "count": "[length(parameters('modules').items)]"
      },
      "name": "[concat(parameters('deploymentId'), '-', parameters('modules').items[copyIndex()].name)]",
      "apiVersion": "[variables('resourcesApiVersion')]",
      "type": "Microsoft.Resources/deployments",
      "properties": {
        "mode": "Incremental",
        "templateLink": {
          "uri": "[parameters('modules').items[copyIndex()].templateLink]"
        },
        "parameters": {
          "standard": {
            "value": {
              "infrastructure": "[reference(concat(parameters('deploymentId'), '-infrastructure')).outputs.infrastructure.value]",

              "deploymentId": "[parameters('deploymentId')]",
              "location": "[parameters('location')]",

              "sitecoreAdminPassword": "[parameters('sitecoreAdminPassword')]",
              "licenseXml": "[parameters('licenseXml')]",

              "sqlServerName": "[parameters('sqlServerName')]",
              "sqlServerLogin": "[parameters('sqlServerLogin')]",
              "sqlServerPassword": "[parameters('sqlServerPassword')]",
              "sqlServerVersion": "[parameters('sqlServerVersion')]",
              "sqlDatabaseCollation": "[parameters('sqlDatabaseCollation')]",
              "sqlDatabaseEdition": "[parameters('sqlDatabaseEdition')]",
              "sqlDatabaseMaxSize": "[parameters('sqlDatabaseMaxSize')]",
              "sqlBasicDatabaseServiceObjectiveLevel": "[parameters('sqlBasicDatabaseServiceObjectiveLevel')]",
              "sqlDatabaseServiceObjectiveLevel": "[parameters('sqlDatabaseServiceObjectiveLevel')]",

              "coreSqlDatabaseName": "[parameters('coreSqlDatabaseName')]",
              "masterSqlDatabaseName": "[parameters('masterSqlDatabaseName')]",
              "webSqlDatabaseName": "[parameters('webSqlDatabaseName')]",
              "reportingSqlDatabaseName": "[parameters('reportingSqlDatabaseName')]",
              "poolsSqlDatabaseName": "[parameters('poolsSqlDatabaseName')]",
              "tasksSqlDatabaseName": "[parameters('tasksSqlDatabaseName')]",
              "shardMapManagerSqlDatabaseName": "[parameters('shardMapManagerSqlDatabaseName')]",
              "shard0SqlDatabaseName": "[parameters('shard0SqlDatabaseName')]",
              "shard1SqlDatabaseName": "[parameters('shard1SqlDatabaseName')]",
              "refDataSqlDatabaseName": "[parameters('refDataSqlDatabaseName')]",
              "maSqlDatabaseName": "[parameters('maSqlDatabaseName')]",
              "messagingSqlDatabaseName": "[parameters('messagingSqlDatabaseName')]",

              "coreSqlDatabaseUserName": "[parameters('coreSqlDatabaseUserName')]",
              "coreSqlDatabasePassword": "[parameters('coreSqlDatabasePassword')]",
              "masterSqlDatabaseUserName": "[parameters('masterSqlDatabaseUserName')]",
              "masterSqlDatabasePassword": "[parameters('masterSqlDatabasePassword')]",
              "webSqlDatabaseUserName": "[parameters('webSqlDatabaseUserName')]",
              "webSqlDatabasePassword": "[parameters('webSqlDatabasePassword')]",
              "reportingSqlDatabaseUserName": "[parameters('reportingSqlDatabaseUserName')]",
              "reportingSqlDatabasePassword": "[parameters('reportingSqlDatabasePassword')]",
              "poolsSqlDatabaseUserName": "[parameters('poolsSqlDatabaseUserName')]",
              "poolsSqlDatabasePassword": "[parameters('poolsSqlDatabasePassword')]",
              "tasksSqlDatabaseUserName": "[parameters('tasksSqlDatabaseUserName')]",
              "tasksSqlDatabasePassword": "[parameters('tasksSqlDatabasePassword')]",
              "xcRefDataSqlDatabaseUserName": "[parameters('xcRefDataSqlDatabaseUserName')]",
              "xcRefDataSqlDatabasePassword": "[parameters('xcRefDataSqlDatabasePassword')]",
              "xcShardMapManagerSqlDatabaseUserName": "[parameters('xcShardMapManagerSqlDatabaseUserName')]",
              "xcShardMapManagerSqlDatabasePassword": "[parameters('xcShardMapManagerSqlDatabasePassword')]",
              "xcMaSqlDatabaseUserName": "[parameters('xcMaSqlDatabaseUserName')]",
              "xcMaSqlDatabasePassword": "[parameters('xcMaSqlDatabasePassword')]",
              "messagingSqlDatabaseUserName": "[parameters('messagingSqlDatabaseUserName')]",
              "messagingSqlDatabasePassword": "[parameters('messagingSqlDatabasePassword')]",

              "searchServiceName": "[parameters('searchServiceName')]",
              "searchServiceLocation": "[parameters('searchServiceLocation')]",
              "searchServiceSkuName": "[parameters('searchServiceSkuName')]",
              "searchServiceReplicaCount": "[parameters('searchServiceReplicaCount')]",
              "searchServicePartitionCount": "[parameters('searchServicePartitionCount')]",
              "xcSearchIndexName": "[parameters('xcSearchIndexName')]",

              "xcSolrConnectionString": "[parameters('xcSolrConnectionString')]",

              "applicationInsightsName": "[parameters('applicationInsightsName')]",
              "applicationInsightsLocation": "[parameters('applicationInsightsLocation')]",

              "xcSingleHostingPlanName": "[parameters('xcSingleHostingPlanName')]",
              "singleHostingPlanName": "[parameters('singleHostingPlanName')]",

              "xcSingleWebAppName": "[parameters('xcSingleWebAppName')]",
              "singleWebAppName": "[parameters('singleWebAppName')]",

              "passwordSalt": "[parameters('passwordSalt')]",

              "xcServerConfigurationEnvironment": "[parameters('xcServerConfigurationEnvironment')]",

              "authCertificateBlob": "[parameters('authCertificateBlob')]",
              "authCertificatePassword": "[parameters('authCertificatePassword')]"
            }
          },
          "extension": { "value": "[parameters('modules').items[copyIndex()].parameters]" }
        }
      },
      "dependsOn": [
        "[concat(parameters('deploymentId'), '-' , variables('dependencies')[copyIndex()].name)]"
      ]
    }
  ]
}
