﻿{
  "$schema": "http://schema.management.azure.com/schemas/2015-01-01/deploymentTemplate.json#",
  "contentVersion": "1.0.0.0",
  "variables": {
    "webApiVersion": "2016-08-01",

    "sqlServerFqdnTidy": "[trim(toLower(parameters('sqlServerFqdn')))]",
    
    "masterSqlDatabaseNameTidy": "[trim(toLower(parameters('masterSqlDatabaseName')))]",
    "reportingSqlDatabaseNameTidy": "[trim(toLower(parameters('reportingSqlDatabaseName')))]",
    
    "prcWebAppNameTidy": "[trim(toLower(parameters('prcWebAppName')))]",
    "repWebAppNameTidy": "[trim(toLower(parameters('repWebAppName')))]"
  },
  "parameters": {
    "standard": {
      "type": "secureObject",
      "defaultValue": {
        "infrastructure": { "sqlServerFqdn":null },
        "deploymentId": null,
        "location": null,
        "sqlServerLogin": null,
        "sqlServerPassword": null,
        "masterSqlDatabaseName": null,
        "reportingSqlDatabaseName": null,
        "prcWebAppName": null,
        "repWebAppName": null
      }
    },
    "extension": {
      "type": "secureObject",
      "defaultValue": {
        "prcMsDeployPackageUrl": null,
        "repMsDeployPackageUrl": null
      }
    },
    "infrastructure": {
      "type": "secureObject",
      "defaultValue": "[parameters('standard').infrastructure]"
    },

    "deploymentId": {
      "type": "string",
      "defaultValue": "[coalesce(parameters('standard').deploymentId, resourceGroup().name)]"
    },
    "location": {
      "type": "string",
      "minLength": 1,
      "defaultValue": "[coalesce(parameters('standard').location, resourceGroup().location)]"
    },
   
    "sqlServerFqdn": {
      "type": "string",
      "minLength": 1,
      "defaultValue": "[parameters('infrastructure').sqlServerFqdn]"
    },
    "sqlServerLogin": {
      "type": "string",
      "minLength": 1,
      "defaultValue": "[parameters('standard').sqlServerLogin]"
    },
    "sqlServerPassword": {
      "type": "securestring",
      "minLength": 8,
      "defaultValue": "[parameters('standard').sqlServerPassword]"
    },
   
    "masterSqlDatabaseName": {
      "type": "string",
      "minLength": 1,
      "defaultValue": "[coalesce(parameters('standard').masterSqlDatabaseName, concat(parameters('deploymentId'), '-master-db'))]"
    },
    "reportingSqlDatabaseName": {
      "type": "string",
      "minLength": 1,
      "defaultValue": "[coalesce(parameters('standard').reportingSqlDatabaseName, concat(parameters('deploymentId'), '-reporting-db'))]"
    },

    "prcWebAppName": {
      "type": "string",
      "defaultValue": "[coalesce(parameters('standard').prcWebAppName, concat(parameters('deploymentId'), '-prc'))]"
    },
    "repWebAppName": {
      "type": "string",
      "defaultValue": "[coalesce(parameters('standard').repWebAppName, concat(parameters('deploymentId'), '-rep'))]"
    },
    
    "prcMsDeployPackageUrl": {
      "type": "securestring",
      "defaultValue": "[parameters('extension').prcMsDeployPackageUrl]"
    },
    "repMsDeployPackageUrl": {
      "type": "securestring",
      "defaultValue": "[parameters('extension').repMsDeployPackageUrl]"
    }
  },
  "resources": [
    {
      "name": "[concat(variables('prcWebAppNameTidy'), '/', 'MSDeploy')]",
      "type": "Microsoft.Web/sites/extensions",
      "location": "[parameters('location')]",
      "apiVersion": "[variables('webApiVersion')]",
      "properties": {
        "addOnPackages": [
          {
            "dbType": "SQL",
            "connectionString": "[concat('Data Source=tcp:', variables('sqlServerFqdnTidy'), ',1433;Initial Catalog=master;User Id=', parameters('sqlServerLogin'), ';Password=', parameters('sqlServerPassword'), ';')]",
            "packageUri": "[parameters('prcMsDeployPackageUrl')]",
            "setParameters": {
              "Application Path": "[variables('prcWebAppNameTidy')]",
              "Reporting Admin Connection String": "[concat('Encrypt=True;TrustServerCertificate=False;Data Source=', variables('sqlServerFqdnTidy'), ',1433;Initial Catalog=',variables('reportingSqlDatabaseNameTidy'),';User Id=', parameters('sqlServerLogin'), ';Password=', parameters('sqlServerPassword'), ';')]"
            }
          }
        ]
      }
    },
    {
      "name": "[concat(variables('repWebAppNameTidy'), '/', 'MSDeploy')]",
      "type": "Microsoft.Web/sites/extensions",
      "location": "[parameters('location')]",
      "apiVersion": "[variables('webApiVersion')]",
      "properties": {
        "addOnPackages": [
          {
            "dbType": "SQL",
            "connectionString": "[concat('Data Source=tcp:', variables('sqlServerFqdnTidy'), ',1433;Initial Catalog=master;User Id=', parameters('sqlServerLogin'), ';Password=', parameters('sqlServerPassword'), ';')]",
            "packageUri": "[parameters('repMsDeployPackageUrl')]",
            "setParameters": {
              "Application Path": "[variables('repWebAppNameTidy')]",
              "Master Admin Connection String": "[concat('Encrypt=True;TrustServerCertificate=False;Data Source=', variables('sqlServerFqdnTidy'), ',1433;Initial Catalog=',variables('masterSqlDatabaseNameTidy'),';User Id=', parameters('sqlServerLogin'), ';Password=', parameters('sqlServerPassword'), ';')]"
            }
          }
        ]
      }
    }
  ]
}
