{
  "$schema": "http://schema.management.azure.com/schemas/2015-01-01/deploymentTemplate.json#",
  "contentVersion": "1.0.0.0",
  "variables": {
    "webApiVersion": "2016-08-01",
    "singleWebAppNameTidy": "[toLower(trim(parameters('singleWebAppName')))]",
    "xcSingleWebAppNameTidy": "[toLower(trim(parameters('xcSingleWebAppName')))]"
  },
  "parameters": {
    "standard": {
      "type": "secureObject",
      "defaultValue": {
        "deploymentId": null,
        "location": null,
        "singleWebAppName": null,
        "xcSingleWebAppName": null
      }
    },
    "extension": {
      "type": "secureObject",
      "defaultValue": {
        "msDeployPackageUrl": null
      }
    },
    "deploymentId": {
      "type": "string",
      "defaultValue": "[coalesce(parameters('standard').deploymentId, resourceGroup().name)]"
    },
    "location": {
      "type": "string",
      "minLength": 1,      
      "defaultValue": "[coalesce(parameters('standard').location, resourceGroup().location)]"
    },
    "singleWebAppName": {
      "type": "string",
      "minLength": 1,
      "defaultValue": "[coalesce(parameters('standard').singleWebAppName, concat(parameters('deploymentId'), '-single'))]"
    },
    "xcSingleWebAppName": {
      "type": "string",
      "minLength": 1,
      "defaultValue": "[coalesce(parameters('standard').xcSingleWebAppName, concat(parameters('deploymentId'), '-xc-single'))]"
    },
    "msDeployPackageUrl": {
      "type": "securestring",
      "minLength": 1,
      "defaultValue": "[parameters('extension').msDeployPackageUrl]"
    }
  },
  "resources": [
    {
      "name": "[concat(variables('singleWebAppNameTidy'), '/', 'MSDeploy')]",
      "type": "Microsoft.Web/sites/extensions",
      "location": "[parameters('location')]",
      "apiVersion": "[variables('webApiVersion')]",
      "properties": {
        "addOnPackages": [
          {
            "packageUri": "[parameters('msDeployPackageUrl')]",
            "setParameters": {
              "Application Path": "[variables('singleWebAppNameTidy')]"
            }
          }
        ]
      }
    },
    {
      "name": "[concat(variables('xcSingleWebAppNameTidy'), '/', 'MSDeploy')]",
      "type": "Microsoft.Web/sites/extensions",
      "location": "[parameters('location')]",
      "apiVersion": "[variables('webApiVersion')]",
      "properties": {
        "addOnPackages": [
          {
            "packageUri": "[parameters('msDeployPackageUrl')]",
            "setParameters": {
              "Application Path": "[variables('xcSingleWebAppNameTidy')]"
            }
          }
        ]
      }
    }
  ]
}