{
  "$schema": "http://schema.management.azure.com/schemas/2015-01-01/deploymentTemplate.json#",
  "contentVersion": "1.0.0.0",
  "variables": {
    "webApiVersion": "2016-08-01",

    "sqlServerFqdnTidy": "[trim(toLower(parameters('sqlServerFqdn')))]",
    
    "coreSqlDatabaseNameTidy": "[toLower(trim(parameters('coreSqlDatabaseName')))]",
    "masterSqlDatabaseNameTidy": "[toLower(trim(parameters('masterSqlDatabaseName')))]",
    "reportingSqlDatabaseNameTidy": "[toLower(trim(parameters('reportingSqlDatabaseName')))]",
    
    "singleWebAppNameTidy": "[trim(toLower(parameters('singleWebAppName')))]"
  },
  "parameters": {
    "standard": {
      "type": "secureObject",
      "defaultValue": {
        "infrastructure": { "sqlServerFqdn":null },
        "deploymentId": null,
        "location": null,
        "sqlServerLogin": null,
        "sqlServerPassword": null,
        "coreSqlDatabaseName": null,
        "masterSqlDatabaseName": null,
        "reportingSqlDatabaseName": null,
        "singleWebAppName": null
      }
    },
    "extension": {
      "type": "secureObject",
      "defaultValue": {
        "singleMsDeployPackageUrl": null
      }
    },
    "infrastructure": {
      "type": "secureObject",
      "defaultValue": "[parameters('standard').infrastructure]"
    },
    
    "deploymentId": {
      "type": "string",
      "defaultValue": "[coalesce(parameters('standard').deploymentId, resourceGroup().name)]"
    },
    "location": {
      "type": "string",
      "minLength": 1,
      "defaultValue": "[coalesce(parameters('standard').location, resourceGroup().location)]"
    },

    "sqlServerFqdn": {
      "type": "string",
      "minLength": 1,
      "defaultValue": "[parameters('infrastructure').sqlServerFqdn]"
    },
    "sqlServerLogin": {
      "type": "string",
      "minLength": 1,
      "defaultValue": "[parameters('standard').sqlServerLogin]"
    },
    "sqlServerPassword": {
      "type": "securestring",
      "minLength": 8,
      "defaultValue": "[parameters('standard').sqlServerPassword]"
    },

    "coreSqlDatabaseName": {
      "type": "string",
      "minLength": 1,
      "defaultValue": "[coalesce(parameters('standard').coreSqlDatabaseName, concat(parameters('deploymentId'), '-core-db'))]"
    },
    "masterSqlDatabaseName": {
      "type": "string",
      "minLength": 1,
      "defaultValue": "[coalesce(parameters('standard').masterSqlDatabaseName, concat(parameters('deploymentId'), '-master-db'))]"
    },
    "reportingSqlDatabaseName": {
      "type": "string",
      "minLength": 1,
      "defaultValue": "[coalesce(parameters('standard').reportingSqlDatabaseName, concat(parameters('deploymentId'), '-reporting-db'))]"
    },

    "singleWebAppName": {
      "type": "string",
      "minLength": 1,
      "defaultValue": "[coalesce(parameters('standard').singleWebAppName, concat(parameters('deploymentId'), '-single'))]"
    },

    "singleMsDeployPackageUrl": {
      "type": "securestring",
      "minLength": 1,
      "defaultValue": "[parameters('extension').singleMsDeployPackageUrl]"
    }  
  },
  "resources": [
    {
      "name": "[concat(variables('singleWebAppNameTidy'), '/', 'MSDeploy')]",
      "type": "Microsoft.Web/sites/extensions",
      "location": "[parameters('location')]",
      "apiVersion": "[variables('webApiVersion')]",
      "properties": {
        "addOnPackages": [
          {
            "dbType": "SQL",
            "connectionString": "[concat('Data Source=tcp:', variables('sqlServerFqdnTidy'), ',1433;Initial Catalog=master;User Id=', parameters('sqlServerLogin'), ';Password=', parameters('sqlServerPassword'), ';')]",
            "packageUri": "[parameters('singleMsDeployPackageUrl')]",
            "setParameters": {
              "Application Path": "[variables('singleWebAppNameTidy')]",
              "Core Admin Connection String": "[concat('Encrypt=True;TrustServerCertificate=False;Data Source=', variables('sqlServerFqdnTidy'), ',1433;Initial Catalog=',variables('coreSqlDatabaseNameTidy'),';User Id=', parameters('sqlServerLogin'), ';Password=', parameters('sqlServerPassword'), ';')]",
              "Master Admin Connection String": "[concat('Encrypt=True;TrustServerCertificate=False;Data Source=', variables('sqlServerFqdnTidy'), ',1433;Initial Catalog=',variables('masterSqlDatabaseNameTidy'),';User Id=', parameters('sqlServerLogin'), ';Password=', parameters('sqlServerPassword'), ';')]",
              "Reporting Admin Connection String": "[concat('Encrypt=True;TrustServerCertificate=False;Data Source=', variables('sqlServerFqdnTidy'), ',1433;Initial Catalog=',variables('reportingSqlDatabaseNameTidy'),';User Id=', parameters('sqlServerLogin'), ';Password=', parameters('sqlServerPassword'), ';')]"
            }
          }
        ]
      }
    }
  ]
}