﻿{
  "$schema": "https://schema.management.azure.com/schemas/2015-01-01/deploymentParameters.json#",
  "contentVersion": "1.0.0.0",
  "parameters": {
    "deploymentId": {
      "value": ""
    },
    "location": {
      "value": ""
    },
    "sqlServerLogin": {
      "value": ""
    },
    "sqlServerPassword": {
      "value": ""
    },
    "siMsDeployPackageUrl": {
      "value": ""
    },
    "singleMsDeployPackageUrl": {
      "value": ""
    },
    "sitecoreAdminPassword": {
      "value": ""
    },
    "licenseXml": {
      "value": ""
    },
    "authCertificateBlob":{
      "value": ""
    },
    "authCertificatePassword":{
      "value": ""
    }
  }
}