﻿{
  "$schema": "http://schema.management.azure.com/schemas/2015-01-01/deploymentTemplate.json#",
  "contentVersion": "1.0.0.0",
  "variables": {
    "resourcesApiVersion": "2016-09-01",
    "defaultDependency": [
      {
        "name": "application"
      }
    ],
    "dependencies": "[concat(variables('defaultDependency'), parameters('modules').items)]"
  },
  "parameters": {
    "modules": {
      "type": "secureObject",
      "defaultValue": {
        "items": [
          {
            "name": "empty",
            "templateLink": "[concat(uri(parameters('templateLinkBase'), 'nested/emptyAddon.json'), parameters('templateLinkAccessToken'))]",
            "parameters": {
            }
          }
        ]
      }
    },

    "templateLinkBase": {
      "type": "string",
      "defaultValue": "[uri(replace(json(string(deployment().properties.templateLink)).uri,' ','%20'), '.')]"
    },
    "templateLinkAccessToken": {
      "type": "securestring",
      "defaultValue": ""
    },

    "deploymentId": {
      "type": "string",
      "defaultValue": "[resourceGroup().name]"
    },
    "location": {
      "type": "string",
      "defaultValue": "[resourceGroup().location]"
    },

    "sitecoreAdminPassword": {
      "type": "securestring",
      "minLength": 8
    },
    "licenseXml": {
      "type": "securestring",
      "minLength": 1
    },
    "sitecoreSKU": {
      "type": "string",
      "allowedValues": [ "Extra Small", "Small", "Medium", "Large", "Extra Large" ],
      "defaultValue": "Extra Small",
      "metadata": {
        "description": "Sitecore SKU controls the sizes and service levels of the provisioned resources"
      }
    },

    "sqlServerName": {
      "type": "string",
      "defaultValue": "[concat(parameters('deploymentId'), '-sql')]"
    },
    "sqlServerLogin": {
      "type": "string",
      "minLength": 1
    },
    "sqlServerPassword": {
      "type": "securestring",
      "minLength": 8
    },

    "sqlServerVersion": {
      "type": "string",
      "defaultValue": "12.0"
    },
    "sqlDatabaseCollation": {
      "type": "string",
      "defaultValue": "SQL_Latin1_General_CP1_CI_AS"
    },

    "coreSqlDatabaseName": {
      "type": "string",
      "defaultValue": "[concat(parameters('deploymentId'), '-core-db')]"
    },
    "masterSqlDatabaseName": {
      "type": "string",
      "defaultValue": "[concat(parameters('deploymentId'), '-master-db')]"
    },
    "webSqlDatabaseName": {
      "type": "string",
      "defaultValue": "[concat(parameters('deploymentId'), '-web-db')]"
    },
    "formsSqlDatabaseName": {
      "type": "string",
      "defaultValue": "[concat(parameters('deploymentId'), '-forms-db')]"
    },

    "coreSqlDatabaseUserName": {
      "type": "string",
      "minLength": 1,
      "defaultValue": "coreuser"
    },
    "coreSqlDatabasePassword": {
      "type": "securestring",
      "minLength": 8,
      "defaultValue": "[concat(toUpper(uniqueString('core', parameters('passwordSalt'))), uniqueString('core', parameters('sqlServerPassword'), parameters('passwordSalt')), toUpper(uniqueString('core', parameters('sitecoreAdminPassword'), parameters('passwordSalt'))), '4@')]"    
    },
    "masterSqlDatabaseUserName": {
      "type": "string",
      "minLength": 1,
      "defaultValue": "masteruser"
    },
    "masterSqlDatabasePassword": {
      "type": "securestring",
      "minLength": 8,
      "defaultValue": "[concat(toUpper(uniqueString('master', parameters('passwordSalt'))), uniqueString('master', parameters('sqlServerPassword'), parameters('passwordSalt')), toUpper(uniqueString('master', parameters('sitecoreAdminPassword'), parameters('passwordSalt'))), '4@')]"
    },
    "webSqlDatabaseUserName": {
      "type": "string",
      "minLength": 1,
      "defaultValue": "webuser"
    },
    "webSqlDatabasePassword": {
      "type": "securestring",
      "minLength": 8,
      "defaultValue": "[concat(toUpper(uniqueString('web', parameters('passwordSalt'))), uniqueString('web', parameters('sqlServerPassword'), parameters('passwordSalt')), toUpper(uniqueString('web', parameters('sitecoreAdminPassword'), parameters('passwordSalt'))), '4@')]"
    },
    "formsSqlDatabaseUserName": {
      "type": "string",
      "minLength": 1,
      "defaultValue": "formsuser"
    },
    "formsSqlDatabasePassword": {
      "type": "securestring",
      "minLength": 8,
      "defaultValue": "[concat(toUpper(uniqueString('forms', parameters('passwordSalt'))), uniqueString('forms', parameters('sqlServerPassword'), parameters('passwordSalt')), toUpper(uniqueString('forms', parameters('sitecoreAdminPassword'), parameters('passwordSalt'))), '4@')]"
    },

    "redisCacheName": {
      "type": "string",
      "defaultValue": "[concat(parameters('deploymentId'), '-redis')]"
    },
    
    "searchServiceName": {
      "type": "string",
      "defaultValue": "[concat(parameters('deploymentId'), '-as')]"
    },
    "searchServiceLocation": {
      "type": "string",
      "defaultValue": "[parameters('location')]"
    },
    "searchServiceReplicaCount": {
      "type": "int",
      "defaultValue": 1
    },

    "solrConnectionString": {
      "type": "securestring",
      "defaultValue": ""
    },

    "applicationInsightsName": {
      "type": "string",
      "defaultValue": "[concat(parameters('deploymentId'), '-ai')]"
    },
    "applicationInsightsLocation": {
      "type": "string",
      "defaultValue": "East US"
    },
    "applicationInsightsPricePlan": {
      "type": "string",
      "minLength": 1,
      "defaultValue": "[concat(parameters('deploymentId'), '-ai-pp')]"
    },
    "applicationInsightsDataVolumeCap": {
      "type": "string",
      "defaultValue": ""
    },

    "cmHostingPlanName": {
      "type": "string",
      "defaultValue": "[concat(parameters('deploymentId'), '-cm-hp')]"
    },
    "cdHostingPlanName": {
      "type": "string",
      "defaultValue": "[concat(parameters('deploymentId'), '-cd-hp')]"
    },

    "cmWebAppName": {
      "type": "string",
      "defaultValue": "[concat(parameters('deploymentId'), '-cm')]"
    },
    "cdWebAppName": {
      "type": "string",
      "defaultValue": "[concat(parameters('deploymentId'), '-cd')]"
    },

    "cmMsDeployPackageUrl": {
      "type": "securestring",
      "minLength": 1
    },
    "cdMsDeployPackageUrl": {
      "type": "securestring",
      "minLength": 1
    },
    "securityClientIp": {
      "type": "string",
      "defaultValue": "0.0.0.0"
    },
    "securityClientIpMask": {
      "type": "string",
      "defaultValue": "0.0.0.0"
    },

    "telerikEncryptionKey": {
      "type": "securestring",
      "minLength": 8,
      "defaultValue": "[concat(toUpper(uniqueString('telerik', parameters('passwordSalt'))), uniqueString('telerik', parameters('sqlServerPassword'), parameters('passwordSalt')), toUpper(uniqueString('telerik', parameters('sitecoreAdminPassword'), parameters('passwordSalt'))), '4@')]"
    },

    "passwordSalt": {
      "type": "securestring",
      "minLength": 1,
      "defaultValue": "[resourceGroup().id]"
    }
  },
  "resources": [
    {
      "apiVersion": "[variables('resourcesApiVersion')]",
      "name": "[concat(parameters('deploymentId'), '-infrastructure')]",
      "type": "Microsoft.Resources/deployments",
      "properties": {
        "mode": "Incremental",
        "templateLink": {
          "uri": "[concat(uri(parameters('templateLinkBase'), 'nested/infrastructure.json'), parameters('templateLinkAccessToken'))]"
        },
        "parameters": {

          "deploymentId": {
            "value": "[parameters('deploymentId')]"
          },
          "location": {
            "value": "[parameters('location')]"
          },
          "sitecoreSKU": {
            "value": "[parameters('sitecoreSKU')]"
          },

          "sqlServerName": {
            "value": "[parameters('sqlServerName')]"
          },
          "sqlServerLogin": {
            "value": "[parameters('sqlServerLogin')]"
          },
          "sqlServerPassword": {
            "value": "[parameters('sqlServerPassword')]"
          },

          "sqlServerVersion": {
            "value": "[parameters('sqlServerVersion')]"
          },
          "sqlDatabaseCollation": {
            "value": "[parameters('sqlDatabaseCollation')]"
          },

          "coreSqlDatabaseName": {
            "value": "[parameters('coreSqlDatabaseName')]"
          },
          "masterSqlDatabaseName": {
            "value": "[parameters('masterSqlDatabaseName')]"
          },
          "webSqlDatabaseName": {
            "value": "[parameters('webSqlDatabaseName')]"
          },
          "formsSqlDatabaseName": {
            "value": "[parameters('formsSqlDatabaseName')]"
          },

          "deployAzureSearch": {
            "value": "[empty(parameters('solrConnectionString'))]"
          },

          "searchServiceName": {
            "value": "[parameters('searchServiceName')]"
          },
          "searchServiceLocation": {
            "value": "[parameters('searchServiceLocation')]"
          },
          "searchServiceReplicaCount": {
            "value": "[parameters('searchServiceReplicaCount')]"
          },

          "redisCacheName": {
            "value": "[parameters('redisCacheName')]"
          },

          "applicationInsightsName": {
            "value": "[parameters('applicationInsightsName')]"
          },
          "applicationInsightsLocation": {
            "value": "[parameters('applicationInsightsLocation')]"
          },
          "applicationInsightsPricePlan": {
            "value": "[parameters('applicationInsightsPricePlan')]"
          },
          "applicationInsightsDataVolumeCap": {
            "value": "[parameters('applicationInsightsDataVolumeCap')]"
          },

          "cmHostingPlanName": {
            "value": "[parameters('cmHostingPlanName')]"
          },
          "cdHostingPlanName": {
            "value": "[parameters('cdHostingPlanName')]"
          },

          "cmWebAppName": {
            "value": "[parameters('cmWebAppName')]"
          },
          "cdWebAppName": {
            "value": "[parameters('cdWebAppName')]"
          }
        }
      }
    },
    {
      "apiVersion": "[variables('resourcesApiVersion')]",
      "name": "[concat(parameters('deploymentId'), '-application')]",
      "type": "Microsoft.Resources/deployments",
      "properties": {
        "mode": "Incremental",
        "templateLink": {
          "uri": "[concat(uri(parameters('templateLinkBase'), 'nested/application.json'), parameters('templateLinkAccessToken'))]"
        },
        "parameters": {

          "infrastructure": {
            "value": "[reference(concat(parameters('deploymentId'), '-infrastructure')).outputs.infrastructure.value]"
          },

          "deploymentId": {
            "value": "[parameters('deploymentId')]"
          },
          "location": {
            "value": "[parameters('location')]"
          },

          "sitecoreAdminPassword": {
            "value": "[parameters('sitecoreAdminPassword')]"
          },
          "licenseXml": {
            "value": "[parameters('licenseXml')]"
          },

          "sqlServerLogin": {
            "value": "[parameters('sqlServerLogin')]"
          },
          "sqlServerPassword": {
            "value": "[parameters('sqlServerPassword')]"
          },

          "coreSqlDatabaseName": {
            "value": "[parameters('coreSqlDatabaseName')]"
          },
          "masterSqlDatabaseName": {
            "value": "[parameters('masterSqlDatabaseName')]"
          },
          "webSqlDatabaseName": {
            "value": "[parameters('webSqlDatabaseName')]"
          },
          "formsSqlDatabaseName": {
            "value": "[parameters('formsSqlDatabaseName')]"
          },

          "coreSqlDatabaseUserName": {
            "value": "[parameters('coreSqlDatabaseUserName')]"
          },
          "coreSqlDatabasePassword": {
            "value": "[parameters('coreSqlDatabasePassword')]"
          },
          "masterSqlDatabaseUserName": {
            "value": "[parameters('masterSqlDatabaseUserName')]"
          },
          "masterSqlDatabasePassword": {
            "value": "[parameters('masterSqlDatabasePassword')]"
          },
          "webSqlDatabaseUserName": {
            "value": "[parameters('webSqlDatabaseUserName')]"
          },
          "webSqlDatabasePassword": {
            "value": "[parameters('webSqlDatabasePassword')]"
          },
          "formsSqlDatabaseUserName": {
            "value": "[parameters('formsSqlDatabaseUserName')]"
          },
          "formsSqlDatabasePassword": {
            "value": "[parameters('formsSqlDatabasePassword')]"
          },         

          "searchServiceName": {
            "value": "[parameters('searchServiceName')]"
          },

          "solrConnectionString": {
            "value": "[parameters('solrConnectionString')]"
          },

          "redisCacheName": {
            "value": "[parameters('redisCacheName')]"
          },

          "applicationInsightsName": {
            "value": "[parameters('applicationInsightsName')]"
          },

          "cmWebAppName": {
            "value": "[parameters('cmWebAppName')]"
          },
          "cdWebAppName": {
            "value": "[parameters('cdWebAppName')]"
          },

          "cmMsDeployPackageUrl": {
            "value": "[parameters('cmMsDeployPackageUrl')]"
          },
          "cdMsDeployPackageUrl": {
            "value": "[parameters('cdMsDeployPackageUrl')]"
          },
          "securityClientIp": {
            "value": "[parameters('securityClientIp')]"
          },
          "securityClientIpMask": {
            "value": "[parameters('securityClientIpMask')]"
          },

          "telerikEncryptionKey": {
            "value": "[parameters('telerikEncryptionKey')]"
          },

          "passwordSalt": {
            "value": "[parameters('passwordSalt')]"
          }
        }
      },
      "dependsOn": [
        "[resourceId('Microsoft.Resources/deployments', concat(parameters('deploymentId'), '-infrastructure'))]"
      ]
    },
    {
      "copy": {
        "name": "modules",
        "count": "[length(parameters('modules').items)]"
      },
      "name": "[concat(parameters('deploymentId'), '-' , parameters('modules').items[copyIndex()].name)]",
      "apiVersion": "[variables('resourcesApiVersion')]",
      "type": "Microsoft.Resources/deployments",
      "properties": {
        "mode": "Incremental",
        "templateLink": {
          "uri": "[parameters('modules').items[copyIndex()].templateLink]"
        },
        "parameters": {
          "standard": {
            "value": {

              "infrastructure": "[reference(concat(parameters('deploymentId'), '-infrastructure')).outputs.infrastructure.value]",

              "deploymentId": "[parameters('deploymentId')]",
              "location": "[parameters('location')]",

              "sitecoreAdminPassword": "[parameters('sitecoreAdminPassword')]",
              "licenseXml": "[parameters('licenseXml')]",
              "sitecoreSKU": "[parameters('sitecoreSKU')]",

              "sqlServerName": "[parameters('sqlServerName')]",
              "sqlServerLogin": "[parameters('sqlServerLogin')]",
              "sqlServerPassword": "[parameters('sqlServerPassword')]",

              "sqlServerVersion": "[parameters('sqlServerVersion')]",
              "sqlDatabaseCollation": "[parameters('sqlDatabaseCollation')]",

              "coreSqlDatabaseName": "[parameters('coreSqlDatabaseName')]",
              "masterSqlDatabaseName": "[parameters('masterSqlDatabaseName')]",
              "webSqlDatabaseName": "[parameters('webSqlDatabaseName')]",
              "formsSqlDatabaseName": "[parameters('formsSqlDatabaseName')]",

              "coreSqlDatabaseUserName": "[parameters('coreSqlDatabaseUserName')]",
              "coreSqlDatabasePassword": "[parameters('coreSqlDatabasePassword')]",
              "masterSqlDatabaseUserName": "[parameters('masterSqlDatabaseUserName')]",
              "masterSqlDatabasePassword": "[parameters('masterSqlDatabasePassword')]",
              "webSqlDatabaseUserName": "[parameters('webSqlDatabaseUserName')]",
              "webSqlDatabasePassword": "[parameters('webSqlDatabasePassword')]",
              "formsSqlDatabaseUserName": "[parameters('formsSqlDatabaseUserName')]",
              "formsSqlDatabasePassword": "[parameters('formsSqlDatabasePassword')]",

              "searchServiceName": "[parameters('searchServiceName')]",
              "searchServiceLocation": "[parameters('searchServiceLocation')]",

              "solrConnectionString": "[parameters('solrConnectionString')]",

              "redisCacheName": "[parameters('redisCacheName')]",
              
              "applicationInsightsName": "[parameters('applicationInsightsName')]",
              "applicationInsightsLocation": "[parameters('applicationInsightsLocation')]",

              "cmHostingPlanName": "[parameters('cmHostingPlanName')]",
              "cdHostingPlanName": "[parameters('cdHostingPlanName')]",

              "cmWebAppName": "[parameters('cmWebAppName')]",
              "cdWebAppName": "[parameters('cdWebAppName')]",

              "securityClientIp": "[parameters('securityClientIp')]",
              "securityClientIpMask": "[parameters('securityClientIpMask')]",

              "passwordSalt": "[parameters('passwordSalt')]"
            }
          },
          "extension": { "value": "[parameters('modules').items[copyIndex()].parameters]" }
        }
      },
      "dependsOn": [
        "[concat(parameters('deploymentId'), '-' , variables('dependencies')[copyIndex()].name)]"
      ]
    }
  ]
}