﻿{
  "$schema": "http://schema.management.azure.com/schemas/2015-01-01/deploymentTemplate.json#",
  "contentVersion": "1.0.0.0",
  "variables": {
    "webApiVersion": "2016-08-01",

    "sqlServerFqdnTidy": "[trim(toLower(parameters('sqlServerFqdn')))]",
    
    "coreSqlDatabaseNameTidy": "[trim(toLower(parameters('coreSqlDatabaseName')))]",
    "masterSqlDatabaseNameTidy": "[trim(toLower(parameters('masterSqlDatabaseName')))]",
    
    "cmWebAppNameTidy": "[trim(toLower(parameters('cmWebAppName')))]",
    "cdWebAppNameTidy": "[trim(toLower(parameters('cdWebAppName')))]"
  },
  "parameters": {
    "standard": {
      "type": "secureObject",
      "defaultValue": {
        "infrastructure": { "sqlServerFqdn":null },
        "deploymentId": null,
        "location": null,
        "sqlServerLogin": null,
        "sqlServerPassword": null,
        "coreSqlDatabaseName": null,
        "masterSqlDatabaseName": null,
        "cmWebAppName": null,
        "cdWebAppName": null
      }
    },
    "extension": {
      "type": "secureObject",
      "defaultValue": {
        "cmMsDeployPackageUrl": null,
        "cdMsDeployPackageUrl": null
      }
    },
    "infrastructure": {
      "type": "secureObject",
      "defaultValue": "[parameters('standard').infrastructure]"
    },

    "deploymentId": {
      "type": "string",
      "defaultValue": "[coalesce(parameters('standard').deploymentId, resourceGroup().name)]"
    },
    "location": {
      "type": "string",
      "minLength": 1,
      "defaultValue": "[coalesce(parameters('standard').location, resourceGroup().location)]"
    },

    "sqlServerFqdn": {
      "type": "string",
      "minLength": 1,
      "defaultValue": "[parameters('infrastructure').sqlServerFqdn]"
    },
    "sqlServerLogin": {
      "type": "string",
      "minLength": 1,
      "defaultValue": "[parameters('standard').sqlServerLogin]"
    },
    "sqlServerPassword": {
      "type": "securestring",
      "minLength": 8,
      "defaultValue": "[parameters('standard').sqlServerPassword]"
    },
    
    "coreSqlDatabaseName": {
      "type": "string",
      "minLength": 1,
      "defaultValue": "[coalesce(parameters('standard').coreSqlDatabaseName, concat(parameters('deploymentId'), '-core-db'))]"
    },
    "masterSqlDatabaseName": {
      "type": "string",
      "minLength": 1,
      "defaultValue": "[coalesce(parameters('standard').masterSqlDatabaseName, concat(parameters('deploymentId'), '-master-db'))]"
    },

    "cmWebAppName": {
      "type": "string",
      "defaultValue": "[coalesce(parameters('standard').cmWebAppName, concat(parameters('deploymentId'), '-cm'))]"
    },
    "cdWebAppName": {
      "type": "string",
      "defaultValue": "[coalesce(parameters('standard').cdWebAppName, concat(parameters('deploymentId'), '-cd'))]"
    },
    
    "cmMsDeployPackageUrl": {
      "type": "securestring",
      "defaultValue": "[parameters('extension').cmMsDeployPackageUrl]"
    },
    "cdMsDeployPackageUrl": {
      "type": "securestring",
      "defaultValue": "[parameters('extension').cdMsDeployPackageUrl]"
    }
  },
  "resources": [
    {
      "name": "[concat(variables('cmWebAppNameTidy'), '/', 'MSDeploy')]",
      "type": "Microsoft.Web/sites/extensions",
      "location": "[parameters('location')]",
      "apiVersion": "[variables('webApiVersion')]",
      "properties": {
        "addOnPackages": [
          {
            "dbType": "SQL",
            "connectionString": "[concat('Data Source=tcp:', variables('sqlServerFqdnTidy'), ',1433;Initial Catalog=master;User Id=', parameters('sqlServerLogin'), ';Password=', parameters('sqlServerPassword'), ';')]",
            "packageUri": "[parameters('cmMsDeployPackageUrl')]",
            "setParameters": {
              "Application Path": "[variables('cmWebAppNameTidy')]",
              "Core Admin Connection String": "[concat('Encrypt=True;TrustServerCertificate=False;Data Source=', variables('sqlServerFqdnTidy'), ',1433;Initial Catalog=',variables('coreSqlDatabaseNameTidy'),';User Id=', parameters('sqlServerLogin'), ';Password=', parameters('sqlServerPassword'), ';')]",
              "Master Admin Connection String": "[concat('Encrypt=True;TrustServerCertificate=False;Data Source=', variables('sqlServerFqdnTidy'), ',1433;Initial Catalog=',variables('masterSqlDatabaseNameTidy'),';User Id=', parameters('sqlServerLogin'), ';Password=', parameters('sqlServerPassword'), ';')]"
            }
          }
        ]
      }
    },
    {
      "name": "[concat(variables('cdWebAppNameTidy'), '/', 'MSDeploy')]",
      "type": "Microsoft.Web/sites/extensions",
      "location": "[parameters('location')]",
      "apiVersion": "[variables('webApiVersion')]",
      "properties": {
        "addOnPackages": [
          {
            "dbType": "SQL",
            "connectionString": "[concat('Data Source=tcp:', variables('sqlServerFqdnTidy'), ',1433;Initial Catalog=master;User Id=', parameters('sqlServerLogin'), ';Password=', parameters('sqlServerPassword'), ';')]",
            "packageUri": "[parameters('cdMsDeployPackageUrl')]",
            "setParameters": {
              "Application Path": "[variables('cdWebAppNameTidy')]"
            }
          }
        ]
      }
    }
  ]
}
