{
  "$schema": "http://schema.management.azure.com/schemas/2015-01-01/deploymentTemplate.json#",
  "contentVersion": "1.0.0.0",
  "variables": {
    "webApiVersion": "2016-08-01",
    "serverFarmApiVersion": "2016-09-01",
    "dbApiVersion": "2014-04-01-preview",
    "searchApiVersion": "2015-08-19",
    "appInsightsApiVersion": "2015-05-01",
    "certificateApiVersion": "2014-11-01",

    "sqlServerNameTidy": "[toLower(trim(parameters('sqlServerName')))]",

    "coreSqlDatabaseNameTidy": "[toLower(trim(parameters('coreSqlDatabaseName')))]",
    "webSqlDatabaseNameTidy": "[toLower(trim(parameters('webSqlDatabaseName')))]",
    "masterSqlDatabaseNameTidy": "[toLower(trim(parameters('masterSqlDatabaseName')))]",
    "reportingSqlDatabaseNameTidy": "[toLower(trim(parameters('reportingSqlDatabaseName')))]",
    "poolsSqlDatabaseNameTidy": "[toLower(trim(parameters('poolsSqlDatabaseName')))]",
    "tasksSqlDatabaseNameTidy": "[toLower(trim(parameters('tasksSqlDatabaseName')))]",

    "prcHostingPlanNameTidy": "[toLower(trim(parameters('prcHostingPlanName')))]",
    "repHostingPlanNameTidy": "[toLower(trim(parameters('repHostingPlanName')))]",

    "prcWebAppNameTidy": "[toLower(trim(parameters('prcWebAppName')))]",
    "repWebAppNameTidy": "[toLower(trim(parameters('repWebAppName')))]",

    "searchServiceNameTidy": "[toLower(trim(parameters('searchServiceName')))]",
    "appInsightsNameTidy": "[toLower(trim(parameters('applicationInsightsName')))]",
    "appInsightsPricePlanTidy": "[toLower(trim(parameters('applicationInsightsPricePlan')))]",
    "authCertificateNameTidy": "[toLower(trim(parameters('authCertificateName')))]",

    "sitecoreTags": {
      "provider": "b51535c2-ab3e-4a68-95f8-e2e3c9a19299",
      "rep": "rep",
      "prc": "prc",
      "core": "core",
      "master": "master",
      "web": "web",
      "reporting": "reporting",
      "pools": "prc-pools",
      "tasks": "prc-tasks"
    }
  },
  "parameters": {
    "deploymentId": {
      "type": "string",
      "defaultValue": "[resourceGroup().name]"
    },
    "location": {
      "type": "string",
      "minLength": 1,
      "defaultValue": "[resourceGroup().location]"
    },
    "sitecoreSKU": {
      "type": "string",
      "allowedValues": [ "Extra Small", "Small", "Medium", "Large", "Extra Large" ],
      "defaultValue": "Extra Small",
      "metadata": {
        "description": "Sitecore SKU controls the sizes and service levels of the provisioned resources"
      }
    },

    "sqlServerName": {
      "type": "string",
      "minLength": 1,
      "defaultValue": "[concat(parameters('deploymentId'), '-sql')]"
    },
    "sqlServerLogin": {
      "type": "string",
      "minLength": 1
    },
    "sqlServerPassword": {
      "type": "securestring",
      "minLength": 8
    },

    "sqlServerVersion": {
      "type": "string",
      "minLength": 1,
      "defaultValue": "12.0"
    },
    "sqlDatabaseCollation": {
      "type": "string",
      "minLength": 1,
      "defaultValue": "SQL_Latin1_General_CP1_CI_AS"
    },

    "coreSqlDatabaseName": {
      "type": "string",
      "minLength": 1,
      "defaultValue": "[concat(parameters('deploymentId'), '-core-db')]"
    },
    "masterSqlDatabaseName": {
      "type": "string",
      "minLength": 1,
      "defaultValue": "[concat(parameters('deploymentId'), '-master-db')]"
    },
    "webSqlDatabaseName": {
      "type": "string",
      "minLength": 1,
      "defaultValue": "[concat(parameters('deploymentId'), '-web-db')]"
    },
    "reportingSqlDatabaseName": {
      "type": "string",
      "minLength": 1,
      "defaultValue": "[concat(parameters('deploymentId'), '-reporting-db')]"
    },
    "poolsSqlDatabaseName": {
      "type": "string",
      "minLength": 1,
      "defaultValue": "[concat(parameters('deploymentId'), '-pools-db')]"
    },
    "tasksSqlDatabaseName": {
      "type": "string",
      "minLength": 1,
      "defaultValue": "[concat(parameters('deploymentId'), '-tasks-db')]"
    },

    "deployAzureSearch": {
      "type": "bool",
      "defaultValue": true
    },
    
    "searchServiceName": {
      "type": "string",
      "defaultValue": "[concat(parameters('deploymentId'), '-as')]"
    },
    "searchServiceLocation": {
      "type": "string",
      "defaultValue": "[parameters('location')]"
    },
    "searchServiceReplicaCount": {
      "type": "int",
      "defaultValue": 1
    },

    "applicationInsightsName": {
      "type": "string",
      "minLength": 1,
      "defaultValue": "[concat(parameters('deploymentId'), '-ai')]"
    },
    "applicationInsightsLocation": {
      "type": "string",
      "defaultValue": "East US"
    },
    "applicationInsightsPricePlan": {
      "type": "string",
      "minLength": 1,
      "defaultValue": "[concat(parameters('deploymentId'), '-ai-pp')]"
    },
    "applicationInsightsDataVolumeCap": {
      "type": "string",
      "defaultValue": ""
    },

    "prcHostingPlanName": {
      "type": "string",
      "minLength": 1,
      "defaultValue": "[concat(parameters('deploymentId'), '-prc-hp')]"
    },
    "repHostingPlanName": {
      "type": "string",
      "minLength": 1,
      "defaultValue": "[concat(parameters('deploymentId'), '-rep-hp')]"
    },

    "prcWebAppName": {
      "type": "string",
      "minLength": 1,
      "defaultValue": "[concat(parameters('deploymentId'), '-prc')]"
    },
    "repWebAppName": {
      "type": "string",
      "minLength": 1,
      "defaultValue": "[concat(parameters('deploymentId'), '-rep')]"
    },
    "authCertificateName": {
      "type": "string",
      "minLength": 1,
      "defaultValue": "[concat(parameters('deploymentId'), '-auth')]"
    },
    "authCertificateBlob": {
      "type": "securestring",
      "minLength": 1
    },
    "authCertificatePassword": {
      "type": "securestring",
      "minLength": 1
    },

    "skuMap": {
      "type": "secureObject",
      "defaultValue": {
        "Extra Small": {
          "prcHostingPlan": {
            "SkuName": "B1",
            "SkuCapacity": 1
          },
          "repHostingPlan": {
            "SkuName": "B1",
            "SkuCapacity": 1
          },
          "coreSqlDatabase": {
            "Edition": "Standard",
            "MaxSize": "268435456000",
            "ServiceObjectiveLevel": "S1"
          },
          "masterSqlDatabase": {
            "Edition": "Standard",
            "MaxSize": "268435456000",
            "ServiceObjectiveLevel": "S1"
          },
          "webSqlDatabase": {
            "Edition": "Standard",
            "MaxSize": "268435456000",
            "ServiceObjectiveLevel": "S1"
          },
          "reportingSqlDatabase": {
            "Edition": "Standard",
            "MaxSize": "268435456000",
            "ServiceObjectiveLevel": "S1"
          },
          "poolsSqlDatabase": {
            "Edition": "Standard",
            "MaxSize": "268435456000",
            "ServiceObjectiveLevel": "S0"
          },
          "tasksSqlDatabase": {
            "Edition": "Standard",
            "MaxSize": "268435456000",
            "ServiceObjectiveLevel": "S0"
          },
          "searchService": {
            "SkuName": "Standard",
            "Partitions": 1,
            "Replicas": "[parameters('searchServiceReplicaCount')]"
          },
          "applicationInsightsPricePlan": {
            "CurrentBillingFeatures": "Basic",
            "DataVolumeCap": {
              "Cap": 0.33
            }
          }
        },
        "Small": {
          "prcHostingPlan": {
            "SkuName": "B1",
            "SkuCapacity": 1
          },
          "repHostingPlan": {
            "SkuName": "B1",
            "SkuCapacity": 1
          },
          "coreSqlDatabase": {
            "Edition": "Standard",
            "MaxSize": "268435456000",
            "ServiceObjectiveLevel": "S1"
          },
          "masterSqlDatabase": {
            "Edition": "Standard",
            "MaxSize": "268435456000",
            "ServiceObjectiveLevel": "S1"
          },
          "webSqlDatabase": {
            "Edition": "Standard",
            "MaxSize": "268435456000",
            "ServiceObjectiveLevel": "S1"
          },
          "reportingSqlDatabase": {
            "Edition": "Standard",
            "MaxSize": "268435456000",
            "ServiceObjectiveLevel": "S1"
          },
          "poolsSqlDatabase": {
            "Edition": "Standard",
            "MaxSize": "268435456000",
            "ServiceObjectiveLevel": "S0"
          },
          "tasksSqlDatabase": {
            "Edition": "Standard",
            "MaxSize": "268435456000",
            "ServiceObjectiveLevel": "S0"
          },
          "searchService": {
            "SkuName": "Standard",
            "Partitions": 1,
            "Replicas": "[parameters('searchServiceReplicaCount')]"
          },
          "applicationInsightsPricePlan": {
            "CurrentBillingFeatures": "Basic",
            "DataVolumeCap": {
              "Cap": 0.33
            }
          }
        },
        "Medium": {
          "prcHostingPlan": {
            "SkuName": "B1",
            "SkuCapacity": 1
          },
          "repHostingPlan": {
            "SkuName": "B2",
            "SkuCapacity": 1
          },
          "coreSqlDatabase": {
            "Edition": "Standard",
            "MaxSize": "268435456000",
            "ServiceObjectiveLevel": "S1"
          },
          "masterSqlDatabase": {
            "Edition": "Standard",
            "MaxSize": "268435456000",
            "ServiceObjectiveLevel": "S1"
          },
          "webSqlDatabase": {
            "Edition": "Standard",
            "MaxSize": "268435456000",
            "ServiceObjectiveLevel": "S1"
          },
          "reportingSqlDatabase": {
            "Edition": "Standard",
            "MaxSize": "268435456000",
            "ServiceObjectiveLevel": "S2"
          },
          "poolsSqlDatabase": {
            "Edition": "Standard",
            "MaxSize": "268435456000",
            "ServiceObjectiveLevel": "S1"
          },
          "tasksSqlDatabase": {
            "Edition": "Standard",
            "MaxSize": "268435456000",
            "ServiceObjectiveLevel": "S0"
          },
          "searchService": {
            "SkuName": "Standard",
            "Partitions": 1,
            "Replicas": "[parameters('searchServiceReplicaCount')]"
          },
          "applicationInsightsPricePlan": {
            "CurrentBillingFeatures": "Basic",
            "DataVolumeCap": {
              "Cap": 0.33
            }
          }
        },
        "Large": {
          "prcHostingPlan": {
            "SkuName": "B2",
            "SkuCapacity": 1
          },
          "repHostingPlan": {
            "SkuName": "B2",
            "SkuCapacity": 1
          },
          "coreSqlDatabase": {
            "Edition": "Standard",
            "MaxSize": "268435456000",
            "ServiceObjectiveLevel": "S1"
          },
          "masterSqlDatabase": {
            "Edition": "Standard",
            "MaxSize": "268435456000",
            "ServiceObjectiveLevel": "S1"
          },
          "webSqlDatabase": {
            "Edition": "Standard",
            "MaxSize": "268435456000",
            "ServiceObjectiveLevel": "S2"
          },
          "reportingSqlDatabase": {
            "Edition": "Standard",
            "MaxSize": "268435456000",
            "ServiceObjectiveLevel": "S2"
          },
          "poolsSqlDatabase": {
            "Edition": "Standard",
            "MaxSize": "268435456000",
            "ServiceObjectiveLevel": "S1"
          },
          "tasksSqlDatabase": {
            "Edition": "Standard",
            "MaxSize": "268435456000",
            "ServiceObjectiveLevel": "S0"
          },
          "searchService": {
            "SkuName": "Standard",
            "Partitions": 1,
            "Replicas": "[parameters('searchServiceReplicaCount')]"
          },
          "applicationInsightsPricePlan": {
            "CurrentBillingFeatures": "Application Insights Enterprise",
            "DataVolumeCap": {
              "Cap": 1.8
            }
          }
        },
        "Extra Large": {
          "prcHostingPlan": {
            "SkuName": "B2",
            "SkuCapacity": 1
          },
          "repHostingPlan": {
            "SkuName": "B2",
            "SkuCapacity": 1
          },
          "coreSqlDatabase": {
            "Edition": "Standard",
            "MaxSize": "268435456000",
            "ServiceObjectiveLevel": "S1"
          },
          "masterSqlDatabase": {
            "Edition": "Standard",
            "MaxSize": "268435456000",
            "ServiceObjectiveLevel": "S1"
          },
          "webSqlDatabase": {
            "Edition": "Standard",
            "MaxSize": "268435456000",
            "ServiceObjectiveLevel": "S3"
          },
          "reportingSqlDatabase": {
            "Edition": "Standard",
            "MaxSize": "268435456000",
            "ServiceObjectiveLevel": "S3"
          },
          "poolsSqlDatabase": {
            "Edition": "Standard",
            "MaxSize": "268435456000",
            "ServiceObjectiveLevel": "S2"
          },
          "tasksSqlDatabase": {
            "Edition": "Standard",
            "MaxSize": "268435456000",
            "ServiceObjectiveLevel": "S1"
          },
          "searchService": {
            "SkuName": "Standard",
            "Partitions": 1,
            "Replicas": "[parameters('searchServiceReplicaCount')]"
          },
          "applicationInsightsPricePlan": {
            "CurrentBillingFeatures": "Application Insights Enterprise",
            "DataVolumeCap": {
              "Cap": 1.8
            }
          }
        }
      }
    },
    "resourceSizes": {
      "type": "object",
      "defaultValue": "[parameters('skuMap')[parameters('sitecoreSKU')]]"
    }
  },
  "resources": [
    {
      "type": "Microsoft.Web/serverfarms",
      "name": "[variables('prcHostingPlanNameTidy')]",
      "apiVersion": "[variables('serverFarmApiVersion')]",
      "sku": {
        "name": "[parameters('resourceSizes').prcHostingPlan.SkuName]",
        "capacity": "[parameters('resourceSizes').prcHostingPlan.SkuCapacity]"
      },
      "properties": {
        "name": "[variables('prcHostingPlanNameTidy')]"
      },
      "location": "[parameters('location')]",
      "tags": {
        "provider": "[variables('sitecoreTags').provider]",
        "logicalName": "[variables('sitecoreTags').prc]"
      }
    },
    {
      "type": "Microsoft.Web/serverfarms",
      "name": "[variables('repHostingPlanNameTidy')]",
      "apiVersion": "[variables('serverFarmApiVersion')]",
      "sku": {
        "name": "[parameters('resourceSizes').repHostingPlan.SkuName]",
        "capacity": "[parameters('resourceSizes').repHostingPlan.SkuCapacity]"
      },
      "properties": {
        "name": "[variables('repHostingPlanNameTidy')]"
      },
      "location": "[parameters('location')]",
      "tags": {
        "provider": "[variables('sitecoreTags').provider]",
        "logicalName": "[variables('sitecoreTags').rep]"
      }
    },
    {
      "type": "Microsoft.Web/sites",
      "name": "[variables('prcWebAppNameTidy')]",
      "apiVersion": "[variables('webApiVersion')]",
      "properties": {
        "serverFarmId": "[resourceId('Microsoft.Web/serverfarms', variables('prcHostingPlanNameTidy'))]",
        "siteConfig": {
          "use32BitWorkerProcess": false,
          "alwaysOn": true,
          "phpVersion": "",
          "defaultDocuments": [
            "index.html"
          ]
        }
      },
      "location": "[parameters('location')]",
      "dependsOn": [
        "[resourceId('Microsoft.Web/serverfarms', variables('prcHostingPlanNameTidy'))]"
      ],
      "tags": {
        "provider": "[variables('sitecoreTags').provider]",
        "logicalName": "[variables('sitecoreTags').prc]"
      }
    },
    {
      "type": "Microsoft.Web/sites",
      "name": "[variables('repWebAppNameTidy')]",
      "apiVersion": "[variables('webApiVersion')]",
      "properties": {
        "serverFarmId": "[resourceId('Microsoft.Web/serverfarms', variables('repHostingPlanNameTidy'))]",
        "siteConfig": {
          "use32BitWorkerProcess": false,
          "alwaysOn": true,
          "phpVersion": "",
          "defaultDocuments": [
            "index.html"
          ]
        }
      },
      "location": "[parameters('location')]",
      "dependsOn": [
        "[resourceId('Microsoft.Web/serverfarms', variables('repHostingPlanNameTidy'))]"
      ],
      "tags": {
        "provider": "[variables('sitecoreTags').provider]",
        "logicalName": "[variables('sitecoreTags').rep]"
      }
    },
    {
      "type": "Microsoft.Sql/servers",
      "apiVersion": "[variables('dbApiVersion')]",
      "properties": {
        "administratorLogin": "[parameters('sqlServerLogin')]",
        "administratorLoginPassword": "[parameters('sqlServerPassword')]",
        "version": "[parameters('sqlServerVersion')]"
      },
      "name": "[variables('sqlServerNameTidy')]",
      "location": "[parameters('location')]",
      "tags": {
        "provider": "[variables('sitecoreTags').provider]"
      },
      "resources": [
        {
          "type": "firewallrules",
          "apiVersion": "[variables('dbApiVersion')]",
          "properties": {
            "endIpAddress": "0.0.0.0",
            "startIpAddress": "0.0.0.0"
          },
          "name": "AllowAllAzureIps",
          "dependsOn": [ "[resourceId('Microsoft.Sql/servers', variables('sqlServerNameTidy'))]" ]
        },
        {
          "type": "databases",
          "apiVersion": "[variables('dbApiVersion')]",
          "properties": {
            "edition": "[parameters('resourceSizes').coreSqlDatabase.Edition]",
            "collation": "[parameters('sqlDatabaseCollation')]",
            "maxSizeBytes": "[parameters('resourceSizes').coreSqlDatabase.MaxSize]",
            "requestedServiceObjectiveName": "[parameters('resourceSizes').coreSqlDatabase.ServiceObjectiveLevel]"
          },
          "resources": [
            {
              "name": "current",
              "type": "transparentDataEncryption",
              "dependsOn": [
                "[variables('coreSqlDatabaseNameTidy')]"
              ],
              "apiVersion": "2014-04-01",
              "properties": {
                "status": "Enabled"
              }
            }
          ],
          "name": "[variables('coreSqlDatabaseNameTidy')]",
          "location": "[parameters('location')]",
          "dependsOn": [ "[resourceId('Microsoft.Sql/servers', variables('sqlServerNameTidy'))]" ],
          "tags": {
            "provider": "[variables('sitecoreTags').provider]",
            "logicalName": "[variables('sitecoreTags').core]"
          }
        },
        {
          "type": "databases",
          "apiVersion": "[variables('dbApiVersion')]",
          "properties": {
            "edition": "[parameters('resourceSizes').masterSqlDatabase.Edition]",
            "collation": "[parameters('sqlDatabaseCollation')]",
            "maxSizeBytes": "[parameters('resourceSizes').masterSqlDatabase.MaxSize]",
            "requestedServiceObjectiveName": "[parameters('resourceSizes').masterSqlDatabase.ServiceObjectiveLevel]"
          },
          "resources": [
            {
              "name": "current",
              "type": "transparentDataEncryption",
              "dependsOn": [
                "[variables('masterSqlDatabaseNameTidy')]"
              ],
              "apiVersion": "2014-04-01",
              "properties": {
                "status": "Enabled"
              }
            }
          ],
          "name": "[variables('masterSqlDatabaseNameTidy')]",
          "location": "[parameters('location')]",
          "dependsOn": [ "[resourceId('Microsoft.Sql/servers', variables('sqlServerNameTidy'))]" ],
          "tags": {
            "provider": "[variables('sitecoreTags').provider]",
            "logicalName": "[variables('sitecoreTags').master]"
          }
        },
        {
          "type": "databases",
          "apiVersion": "[variables('dbApiVersion')]",
          "properties": {
            "edition": "[parameters('resourceSizes').webSqlDatabase.Edition]",
            "collation": "[parameters('sqlDatabaseCollation')]",
            "maxSizeBytes": "[parameters('resourceSizes').webSqlDatabase.MaxSize]",
            "requestedServiceObjectiveName": "[parameters('resourceSizes').webSqlDatabase.ServiceObjectiveLevel]"
          },
          "resources": [
            {
              "name": "current",
              "type": "transparentDataEncryption",
              "dependsOn": [
                "[variables('webSqlDatabaseNameTidy')]"
              ],
              "apiVersion": "2014-04-01",
              "properties": {
                "status": "Enabled"
              }
            }
          ],
          "name": "[variables('webSqlDatabaseNameTidy')]",
          "location": "[parameters('location')]",
          "dependsOn": [ "[resourceId('Microsoft.Sql/servers', variables('sqlServerNameTidy'))]" ],
          "tags": {
            "provider": "[variables('sitecoreTags').provider]",
            "logicalName": "[variables('sitecoreTags').web]"
          }
        },
        {
          "type": "databases",
          "apiVersion": "[variables('dbApiVersion')]",
          "properties": {
            "edition": "[parameters('resourceSizes').reportingSqlDatabase.Edition]",
            "collation": "[parameters('sqlDatabaseCollation')]",
            "maxSizeBytes": "[parameters('resourceSizes').reportingSqlDatabase.MaxSize]",
            "requestedServiceObjectiveName": "[parameters('resourceSizes').reportingSqlDatabase.ServiceObjectiveLevel]"
          },
          "resources": [
            {
              "name": "current",
              "type": "transparentDataEncryption",
              "dependsOn": [
                "[variables('reportingSqlDatabaseNameTidy')]"
              ],
              "apiVersion": "2014-04-01",
              "properties": {
                "status": "Enabled"
              }
            }
          ],
          "name": "[variables('reportingSqlDatabaseNameTidy')]",
          "location": "[parameters('location')]",
          "dependsOn": [ "[resourceId('Microsoft.Sql/servers', variables('sqlServerNameTidy'))]" ],
          "tags": {
            "provider": "[variables('sitecoreTags').provider]",
            "logicalName": "[variables('sitecoreTags').reporting]"
          }
        },
        {
          "type": "databases",
          "name": "[variables('poolsSqlDatabaseNameTidy')]",
          "location": "[parameters('location')]",
          "apiVersion": "[variables('dbApiVersion')]",
          "properties": {
            "edition": "[parameters('resourceSizes').poolsSqlDatabase.Edition]",
            "collation": "[parameters('sqlDatabaseCollation')]",
            "maxSizeBytes": "[parameters('resourceSizes').poolsSqlDatabase.MaxSize]",
            "requestedServiceObjectiveName": "[parameters('resourceSizes').poolsSqlDatabase.ServiceObjectiveLevel]"
          },
          "resources": [
            {
              "name": "current",
              "type": "transparentDataEncryption",
              "dependsOn": [
                "[variables('poolsSqlDatabaseNameTidy')]"
              ],
              "apiVersion": "2014-04-01",
              "properties": {
                "status": "Enabled"
              }
            }
          ],
          "dependsOn": [ "[resourceId('Microsoft.Sql/servers', variables('sqlServerNameTidy'))]" ],
          "tags": {
            "provider": "[variables('sitecoreTags').provider]",
            "logicalName": "[variables('sitecoreTags').pools]"
          }
        },
        {
          "type": "databases",
          "name": "[variables('tasksSqlDatabaseNameTidy')]",
          "location": "[parameters('location')]",
          "apiVersion": "[variables('dbApiVersion')]",
          "properties": {
            "edition": "[parameters('resourceSizes').tasksSqlDatabase.Edition]",
            "collation": "[parameters('sqlDatabaseCollation')]",
            "maxSizeBytes": "[parameters('resourceSizes').tasksSqlDatabase.MaxSize]",
            "requestedServiceObjectiveName": "[parameters('resourceSizes').tasksSqlDatabase.ServiceObjectiveLevel]"
          },
          "resources": [
            {
              "name": "current",
              "type": "transparentDataEncryption",
              "dependsOn": [
                "[variables('tasksSqlDatabaseNameTidy')]"
              ],
              "apiVersion": "2014-04-01",
              "properties": {
                "status": "Enabled"
              }
            }
          ],
          "dependsOn": [ "[resourceId('Microsoft.Sql/servers', variables('sqlServerNameTidy'))]" ],
          "tags": {
            "provider": "[variables('sitecoreTags').provider]",
            "logicalName": "[variables('sitecoreTags').tasks]"
          }
        }
      ]
    },
    {
      "type": "Microsoft.Search/searchServices",
      "condition": "[parameters('deployAzureSearch')]",
      "apiVersion": "[variables('searchApiVersion')]",
      "name": "[variables('searchServiceNameTidy')]",
      "location": "[if(parameters('deployAzureSearch'), parameters('searchServiceLocation'), 'westus')]",
      "sku": {
        "name": "[toLower(parameters('resourceSizes').searchService.SkuName)]"
      },
      "properties": {
        "replicaCount": "[parameters('resourceSizes').searchService.Replicas]",
        "partitionCount": "[parameters('resourceSizes').searchService.Partitions]"
      },
      "tags": {
        "provider": "[variables('sitecoreTags').provider]"
      }
    },
    {
      "type": "Microsoft.Insights/Components",
      "name": "[variables('appInsightsNameTidy')]",
      "apiVersion": "[variables('appInsightsApiVersion')]",
      "location": "[parameters('applicationInsightsLocation')]",
      "properties": {
        "ApplicationId": "[variables('appInsightsNameTidy')]",
        "Application_Type": "web"
      },
      "tags": {
        "provider": "[variables('sitecoreTags').provider]"
      }
    },
    {
      "type": "Microsoft.Insights/Components/CurrentBillingFeatures",
      "name": "[concat(variables('appInsightsNameTidy'), '/', variables('appInsightsPricePlanTidy'))]",
      "location": "[parameters('applicationInsightsLocation')]",
      "apiVersion": "[variables('appInsightsApiVersion')]",
      "properties": {
        "CurrentBillingFeatures": "[parameters('resourceSizes').applicationInsightsPricePlan.CurrentBillingFeatures]",
        "DataVolumeCap": {
          "Cap": "[if(empty(parameters('applicationInsightsDataVolumeCap')), parameters('resourceSizes').applicationInsightsPricePlan.DataVolumeCap.Cap, float(parameters('applicationInsightsDataVolumeCap')))]"
        }
      },
      "dependsOn": [
        "[resourceId('Microsoft.Insights/Components', variables('appInsightsNameTidy'))]"
      ],
      "tags": {
        "provider": "[variables('sitecoreTags').provider]"
      }
    },
    {
      "type": "Microsoft.Web/certificates",
      "name": "[variables('authCertificateNameTidy')]",
      "apiVersion": "[variables('certificateApiVersion')]",
      "location": "[parameters('location')]",
      "dependsOn": [
        "[resourceId('Microsoft.Web/serverfarms', variables('prcHostingPlanNameTidy'))]",
        "[resourceId('Microsoft.Web/serverfarms', variables('repHostingPlanNameTidy'))]"
      ],
      "properties": {
        "password": "[parameters('authCertificatePassword')]",
        "pfxBlob": "[parameters('authCertificateBlob')]"
      },
      "tags": {
        "provider": "[variables('sitecoreTags').provider]"
      }
    }
  ],
  "outputs": {
    "infrastructure": {
      "type": "object",
      "value": {
        "sqlServerFqdn": "[reference(concat('Microsoft.Sql/servers/', variables('sqlServerNameTidy'))).fullyQualifiedDomainName]",
        "authCertificateThumbprint": "[reference(resourceId('Microsoft.Web/certificates', variables('authCertificateNameTidy'))).thumbprint]"
      }
    }
  }
}
