﻿{
  "$schema": "http://schema.management.azure.com/schemas/2015-01-01/deploymentTemplate.json#",
  "contentVersion": "1.0.0.0",
  "variables": {
    "webApiVersion": "2018-02-01",
    "searchApiVersion": "2015-08-19",
    "searchRestApiVersion": "2017-11-11",
    "redisApiVersion": "2016-04-01",
    "applicationInsightsApiVersion": "2015-05-01",
    "sqlServerFqdnTidy": "[trim(toLower(parameters('sqlServerFqdn')))]",
    "coreSqlDatabaseNameTidy": "[toLower(trim(parameters('coreSqlDatabaseName')))]",
    "securitySqlDatabaseNameTidy": "[toLower(trim(parameters('securitySqlDatabaseName')))]",
    "webSqlDatabaseNameTidy": "[toLower(trim(parameters('webSqlDatabaseName')))]",
    "masterSqlDatabaseNameTidy": "[toLower(trim(parameters('masterSqlDatabaseName')))]",
    "formsSqlDatabaseNameTidy": "[toLower(trim(parameters('formsSqlDatabaseName')))]",
    "redisCacheNameTidy": "[toLower(trim(parameters('redisCacheName')))]",
    "siWebAppNameTidy": "[toLower(trim(parameters('siWebAppName')))]",
    "cmWebAppNameTidy": "[toLower(trim(parameters('cmWebAppName')))]",
    "cdWebAppNameTidy": "[toLower(trim(parameters('cdWebAppName')))]",
    "applicationInsightsNameTidy": "[toLower(trim(parameters('applicationInsightsName')))]",
    "searchServiceNameTidy": "[toLower(trim(parameters('searchServiceName')))]",
    "searchProvider": "[if(empty(parameters('solrConnectionString')), 'Azure', 'Solr')]"
  },
  "parameters": {
    "infrastructure": {
      "type": "secureObject",
      "defaultValue": {
        "authCertificateThumbprint": null,
        "siWebAppHostName": null,
        "cmWebAppHostName": null,
        "sqlServerFqdn": null
      }
    },
    "deploymentId": {
      "type": "string",
      "defaultValue": "[resourceGroup().name]"
    },
    "location": {
      "type": "string",
      "defaultValue": "[resourceGroup().location]"
    },
    "sitecoreAdminPassword": {
      "type": "securestring",
      "minLength": 8
    },
    "licenseXml": {
      "type": "securestring",
      "minLength": 1
    },
    "sqlServerFqdn": {
      "type": "string",
      "defaultValue": "[parameters('infrastructure').sqlServerFqdn]"
    },
    "sqlServerLogin": {
      "type": "string",
      "minLength": 1
    },
    "sqlServerPassword": {
      "type": "securestring",
      "minLength": 8
    },
    "coreSqlDatabaseName": {
      "type": "string",
      "defaultValue": "[concat(parameters('deploymentId'), '-core-db')]"
    },
    "masterSqlDatabaseName": {
      "type": "string",
      "defaultValue": "[concat(parameters('deploymentId'), '-master-db')]"
    },
    "securitySqlDatabaseName": {
      "type": "string",
      "defaultValue": "[concat(parameters('deploymentId'), '-core-db')]"
    },
    "webSqlDatabaseName": {
      "type": "string",
      "defaultValue": "[concat(parameters('deploymentId'), '-web-db')]"
    },
    "formsSqlDatabaseName": {
      "type": "string",
      "defaultValue": "[concat(parameters('deploymentId'), '-forms-db')]"
    },
    "coreSqlDatabaseUserName": {
      "type": "string",
      "minLength": 1,
      "defaultValue": "coreuser"
    },
    "coreSqlDatabasePassword": {
      "type": "securestring",
      "minLength": 8,
      "defaultValue": "[concat(toUpper(uniqueString('core', parameters('passwordSalt'))), uniqueString('core', parameters('sqlServerPassword'), parameters('passwordSalt')), toUpper(uniqueString('core', parameters('sitecoreAdminPassword'), parameters('passwordSalt'))), '4@')]"
    },
    "securitySqlDatabaseUserName": {
      "type": "string",
      "minLength": 1,
      "defaultValue": "securityuser"
    },
    "securitySqlDatabasePassword": {
      "type": "securestring",
      "minLength": 8,
      "defaultValue": "[concat(toUpper(uniqueString('security', parameters('passwordSalt'))), uniqueString('security', parameters('sqlServerPassword'), parameters('passwordSalt')), toUpper(uniqueString('security', parameters('sitecoreAdminPassword'), parameters('passwordSalt'))), '4@')]"
    },
    "masterSqlDatabaseUserName": {
      "type": "string",
      "minLength": 1,
      "defaultValue": "masteruser"
    },
    "masterSqlDatabasePassword": {
      "type": "securestring",
      "minLength": 8,
      "defaultValue": "[concat(toUpper(uniqueString('master', parameters('passwordSalt'))), uniqueString('master', parameters('sqlServerPassword'), parameters('passwordSalt')), toUpper(uniqueString('master', parameters('sitecoreAdminPassword'), parameters('passwordSalt'))), '4@')]"
    },
    "webSqlDatabaseUserName": {
      "type": "string",
      "minLength": 1,
      "defaultValue": "webuser"
    },
    "webSqlDatabasePassword": {
      "type": "securestring",
      "minLength": 8,
      "defaultValue": "[concat(toUpper(uniqueString('web', parameters('passwordSalt'))), uniqueString('web', parameters('sqlServerPassword'), parameters('passwordSalt')), toUpper(uniqueString('web', parameters('sitecoreAdminPassword'), parameters('passwordSalt'))), '4@')]"
    },
    "formsSqlDatabaseUserName": {
      "type": "string",
      "minLength": 1,
      "defaultValue": "formsuser"
    },
    "formsSqlDatabasePassword": {
      "type": "securestring",
      "minLength": 8,
      "defaultValue": "[concat(toUpper(uniqueString('forms', parameters('passwordSalt'))), uniqueString('forms', parameters('sqlServerPassword'), parameters('passwordSalt')), toUpper(uniqueString('forms', parameters('sitecoreAdminPassword'), parameters('passwordSalt'))), '4@')]"
    },
    "searchServiceName": {
      "type": "string",
      "defaultValue": "[concat(parameters('deploymentId'), '-as')]"
    },
    "solrConnectionString": {
      "type": "securestring",
      "defaultValue": ""
    },
    "redisCacheName": {
      "type": "string",
      "defaultValue": "[concat(parameters('deploymentId'), '-redis')]"
    },

    "useApplicationInsights": {
      "type": "bool",
      "defaultValue": true
    },
    "applicationInsightsName": {
      "type": "string",
      "defaultValue": "[concat(parameters('deploymentId'), '-ai')]"
    },
    "storeSitecoreCountersInApplicationInsights": {
      "type": "bool",
      "defaultValue": false
    },
    "siWebAppHostName": {
      "type": "string",
      "minLength": 1,
      "defaultValue": "[parameters('infrastructure').siWebAppHostName]"
    },
    "cmWebAppHostName":{
      "type": "string",
      "minLength": 1,
      "defaultValue": "[parameters('infrastructure').cmWebAppHostName]"
    },
    "siWebAppName": {
      "type": "string",
      "minLength": 1,
      "defaultValue": "[concat(parameters('deploymentId'), '-si')]"
    },
    "cmWebAppName": {
      "type": "string",
      "defaultValue": "[concat(parameters('deploymentId'), '-cm')]"
    },
    "cdWebAppName": {
      "type": "string",
      "defaultValue": "[concat(parameters('deploymentId'), '-cd')]"
    },
    "siMsDeployPackageUrl": {
      "type": "securestring",
      "minLength": 1
    },
    "cmMsDeployPackageUrl": {
      "type": "securestring",
      "minLength": 1
    },
    "cdMsDeployPackageUrl": {
      "type": "securestring",
      "minLength": 1
    },
    "authCertificateThumbprint": {
      "type": "string",
      "minLength": 8,
      "defaultValue": "[parameters('infrastructure').authCertificateThumbprint]"
    },
    "siClientSecret": {
      "type": "securestring",
      "minLength": 6,
      "defaultValue": "[toUpper(replace(guid(uniqueString('siClientSecret', parameters('sitecoreAdminPassword'), parameters('passwordSalt'))), '-',''))]"
    },
    "securityClientIp": {
      "type": "string",
      "defaultValue": "0.0.0.0"
    },
    "securityClientIpMask": {
      "type": "string",
      "defaultValue": "0.0.0.0"
    },
    "telerikEncryptionKey": {
      "type": "securestring",
      "minLength": 8,
      "defaultValue": "[concat(toUpper(uniqueString('telerik', parameters('passwordSalt'))), uniqueString('telerik', parameters('sqlServerPassword'), parameters('passwordSalt')), toUpper(uniqueString('telerik', parameters('sitecoreAdminPassword'), parameters('passwordSalt'))), '4@')]"
    },
    "passwordSalt": {
      "type": "securestring",
      "minLength": 1,
      "defaultValue": "[resourceGroup().id]"
    },
    "cmNodeJsVersion":{
      "type": "string",
      "defaultValue": "8.11.1"
    },
    "cdNodeJsVersion":{
      "type": "string",
      "defaultValue": "8.11.1"
    },
    "environmentType": {
      "type": "string",
      "defaultValue": "Non-Production"
    }
  },
  "resources": [
    {
      "name": "[concat(variables('siWebAppNameTidy'), '/', 'MSDeploy')]",
      "type": "Microsoft.Web/sites/extensions",
      "location": "[parameters('location')]",
      "apiVersion": "[variables('webApiVersion')]",
      "properties": {
        "mode": "Incremental",
        "addOnPackages": [
          {
            "packageUri": "[parameters('siMsDeployPackageUrl')]",
            "setParameters": {
                "IIS Web Application Name": "[variables('siWebAppNameTidy')]",
                "Database Server Name": "[variables('sqlServerFqdnTidy')]",
                "Core DB Name": "[variables('coreSqlDatabaseNameTidy')]",
                "Core DB User Name": "[parameters('coreSqlDatabaseUserName')]",
                "Core DB User Password": "[parameters('coreSqlDatabasePassword')]",
                "CertificateThumbprint": "[parameters('authCertificateThumbprint')]",
                "CertificateStoreLocation": "CurrentUser",
                "PasswordRecoveryUrl": "[concat('https://', parameters('cmWebAppHostName'))]",
                "License Xml": "[parameters('licenseXml')]",
                "AllowedCorsOrigins": "[concat('https://', parameters('cmWebAppHostName'))]",
                "ClientSecret": "[parameters('siClientSecret')]"
            }
          }
        ]
      }
    },
    {
      "name": "[concat(variables('siWebAppNameTidy'), '/', 'appsettings')]",
      "type": "Microsoft.Web/sites/config",
      "apiVersion": "[variables('webApiVersion')]",
      "properties": {
        "WEBSITE_DYNAMIC_CACHE": 0,
        "WEBSITE_LOAD_CERTIFICATES": "[parameters('authCertificateThumbprint')]",
        "SITECORE_ENVIRONMENT_TYPE": "[parameters('environmentType')]"
      },
      "dependsOn": [
        "[resourceId('Microsoft.Web/sites/extensions', variables('siWebAppNameTidy'),'MSDeploy')]"
      ]
    },
    {
      "name": "[concat(variables('cmWebAppNameTidy'), '/', 'MSDeploy')]",
      "type": "Microsoft.Web/sites/extensions",
      "location": "[parameters('location')]",
      "apiVersion": "[variables('webApiVersion')]",
      "properties": {
        "mode": "Incremental",
        "addOnPackages": [
          {
            "packageUri": "[parameters('cmMsDeployPackageUrl')]",
            "dbType": "SQL",
            "connectionString": "[concat('Data Source=tcp:', variables('sqlServerFqdnTidy'), ',1433;Initial Catalog=master;User Id=', parameters('sqlServerLogin'), ';Password=', parameters('sqlServerPassword'), ';')]",
            "setParameters": {
              "Application Path": "[variables('cmWebAppNameTidy')]",
              "Sitecore Admin New Password": "[parameters('sitecoreAdminPassword')]",
              "Core DB User Name": "[parameters('coreSqlDatabaseUserName')]",
              "Core DB Password": "[parameters('coreSqlDatabasePassword')]",
              "Core Admin Connection String": "[concat('Encrypt=True;TrustServerCertificate=False;Data Source=', variables('sqlServerFqdnTidy'), ',1433;Initial Catalog=',variables('coreSqlDatabaseNameTidy'),';User Id=', parameters('sqlServerLogin'), ';Password=', parameters('sqlServerPassword'), ';')]",
              "Core Connection String": "[concat('Encrypt=True;TrustServerCertificate=False;Data Source=', variables('sqlServerFqdnTidy'), ',1433;Initial Catalog=',variables('coreSqlDatabaseNameTidy'),';User Id=', parameters('coreSqlDatabaseUserName'), ';Password=', parameters('coreSqlDatabasePassword'), ';')]",
              "Security DB User Name": "[parameters('securitySqlDatabaseUserName')]",
              "Security DB Password": "[parameters('securitySqlDatabasePassword')]",
              "Security Connection String": "[concat('Encrypt=True;TrustServerCertificate=False;Data Source=', variables('sqlServerFqdnTidy'), ',1433;Initial Catalog=',variables('securitySqlDatabaseNameTidy'),';User Id=', parameters('securitySqlDatabaseUserName'), ';Password=', parameters('securitySqlDatabasePassword'), ';')]",
              "Security Admin Connection String": "[concat('Encrypt=True;TrustServerCertificate=False;Data Source=', variables('sqlServerFqdnTidy'), ',1433;Initial Catalog=',variables('securitySqlDatabaseNameTidy'),';User Id=', parameters('sqlServerLogin'), ';Password=', parameters('sqlServerPassword'), ';')]",
              "Master DB User Name": "[parameters('masterSqlDatabaseUserName')]",
              "Master DB Password": "[parameters('masterSqlDatabasePassword')]",
              "Master Admin Connection String": "[concat('Encrypt=True;TrustServerCertificate=False;Data Source=', variables('sqlServerFqdnTidy'), ',1433;Initial Catalog=',variables('masterSqlDatabaseNameTidy'),';User Id=', parameters('sqlServerLogin'), ';Password=', parameters('sqlServerPassword'), ';')]",
              "Master Connection String": "[concat('Encrypt=True;TrustServerCertificate=False;Data Source=', variables('sqlServerFqdnTidy'), ',1433;Initial Catalog=',variables('masterSqlDatabaseNameTidy'),';User Id=', parameters('masterSqlDatabaseUserName'), ';Password=', parameters('masterSqlDatabasePassword'), ';')]",
              "Web DB User Name": "[parameters('webSqlDatabaseUserName')]",
              "Web DB Password": "[parameters('webSqlDatabasePassword')]",
              "Web Admin Connection String": "[concat('Encrypt=True;TrustServerCertificate=False;Data Source=', variables('sqlServerFqdnTidy'), ',1433;Initial Catalog=',variables('webSqlDatabaseNameTidy'),';User Id=', parameters('sqlServerLogin'), ';Password=', parameters('sqlServerPassword'), ';')]",
              "Web Connection String": "[concat('Encrypt=True;TrustServerCertificate=False;Data Source=', variables('sqlServerFqdnTidy'), ',1433;Initial Catalog=',variables('webSqlDatabaseNameTidy'),';User Id=', parameters('webSqlDatabaseUserName'), ';Password=', parameters('webSqlDatabasePassword'), ';')]",
              "Experience Forms DB User Name": "[parameters('formsSqlDatabaseUserName')]",
              "Experience Forms DB Password": "[parameters('formsSqlDatabasePassword')]",
              "Experience Forms Admin Connection String": "[concat('Encrypt=True;TrustServerCertificate=False;Data Source=', variables('sqlServerFqdnTidy'), ',1433;Initial Catalog=',variables('formsSqlDatabaseNameTidy'),';User Id=', parameters('sqlServerLogin'), ';Password=', parameters('sqlServerPassword'), ';')]",
              "Experience Forms Connection String": "[concat('Encrypt=True;TrustServerCertificate=False;Data Source=', variables('sqlServerFqdnTidy'), ',1433;Initial Catalog=',variables('formsSqlDatabaseNameTidy'),';User Id=', parameters('formsSqlDatabaseUserName'), ';Password=', parameters('formsSqlDatabasePassword'), ';')]",
              "Search Provider": "[variables('searchProvider')]",
              "Cloud Search Connection String": "[if(equals(variables('searchProvider'), 'Azure'), concat('serviceUrl=https://', variables('searchServiceNameTidy'), '.search.windows.net;apiVersion=', variables('searchRestApiVersion'), ';apiKey=', listAdminKeys(resourceId('Microsoft.Search/searchServices', variables('searchServiceNameTidy')), variables('searchApiVersion')).primaryKey), '')]",
              "SOLR Connection String": "[parameters('solrConnectionString')]",
              "Application Insights Instrumentation Key": "[if(parameters('useApplicationInsights'), reference(resourceId('Microsoft.Insights/Components', variables('applicationInsightsNameTidy')), variables('applicationInsightsApiVersion')).InstrumentationKey, '')]",
              "Application Insights Role": "[if(parameters('useApplicationInsights'), 'CM', '')]",
              "Store Sitecore Counters In Application Insights": "[if(parameters('useApplicationInsights'), string(parameters('storeSitecoreCountersInApplicationInsights')), 'false')]",
              "Use Application Insights": "[string(parameters('useApplicationInsights'))]",
              "IP Security Client IP": "[parameters('securityClientIp')]",
              "IP Security Client IP Mask": "[parameters('securityClientIpMask')]",
              "Sitecore Identity Authority": "[concat('https://', parameters('siWebAppHostName'))]",
              "Sitecore Identity Secret": "[parameters('siClientSecret')]",
              "Telerik Encryption Key": "[parameters('telerikEncryptionKey')]",
              "License Xml": "[parameters('licenseXml')]"
            }
          }
        ]
      }
    },
    {
      "name": "[concat(variables('cdWebAppNameTidy'), '/', 'MSDeploy')]",
      "type": "Microsoft.Web/sites/extensions",
      "location": "[parameters('location')]",
      "apiVersion": "[variables('webApiVersion')]",
      "dependsOn": [
        "[concat('Microsoft.Web/sites/', variables('cmWebAppNameTidy'), '/Extensions/MSDeploy')]"
      ],
      "properties": {
        "mode": "Incremental",
        "addOnPackages": [
          {
            "packageUri": "[parameters('cdMsDeployPackageUrl')]",
            "dbType": "SQL",
            "connectionString": "[concat('Data Source=tcp:', variables('sqlServerFqdnTidy'), ',1433;Initial Catalog=master;User Id=', parameters('sqlServerLogin'), ';Password=', parameters('sqlServerPassword'), ';')]",
            "setParameters": {
              "Application Path": "[variables('cdWebAppNameTidy')]",
              "Security Connection String": "[concat('Encrypt=True;TrustServerCertificate=False;Data Source=', variables('sqlServerFqdnTidy'), ',1433;Initial Catalog=',variables('securitySqlDatabaseNameTidy'),';User Id=', parameters('securitySqlDatabaseUserName'), ';Password=', parameters('securitySqlDatabasePassword'), ';')]",
              "Web Connection String": "[concat('Encrypt=True;TrustServerCertificate=False;Data Source=', variables('sqlServerFqdnTidy'), ',1433;Initial Catalog=',variables('webSqlDatabaseNameTidy'),';User Id=', parameters('webSqlDatabaseUserName'), ';Password=', parameters('webSqlDatabasePassword'), ';')]",
              "Experience Forms Connection String": "[concat('Encrypt=True;TrustServerCertificate=False;Data Source=', variables('sqlServerFqdnTidy'), ',1433;Initial Catalog=',variables('formsSqlDatabaseNameTidy'),';User Id=', parameters('formsSqlDatabaseUserName'), ';Password=', parameters('formsSqlDatabasePassword'), ';')]",
              "Redis Sessions": "[concat(reference(resourceId('Microsoft.Cache/Redis', variables('redisCacheNameTidy')), variables('redisApiVersion')).hostName, ':', reference(resourceId('Microsoft.Cache/Redis', variables('redisCacheNameTidy')), variables('redisApiVersion')).sslPort, ',password=', listKeys(resourceId('Microsoft.Cache/Redis', variables('redisCacheNameTidy')), variables('redisApiVersion')).primaryKey, ',ssl=True,abortConnect=False')]",
              "Search Provider": "[variables('searchProvider')]",
              "Cloud Search Connection String": "[if(equals(variables('searchProvider'), 'Azure'), concat('serviceUrl=https://', variables('searchServiceNameTidy'), '.search.windows.net;apiVersion=', variables('searchRestApiVersion'), ';apiKey=', listAdminKeys(resourceId('Microsoft.Search/searchServices', variables('searchServiceNameTidy')), variables('searchApiVersion')).primaryKey), '')]",
              "SOLR Connection String": "[parameters('solrConnectionString')]",
              "Application Insights Instrumentation Key": "[if(parameters('useApplicationInsights'), reference(resourceId('Microsoft.Insights/Components', variables('applicationInsightsNameTidy')), variables('applicationInsightsApiVersion')).InstrumentationKey, '')]",
              "Application Insights Role": "[if(parameters('useApplicationInsights'), 'CD', '')]",
              "Store Sitecore Counters In Application Insights": "[if(parameters('useApplicationInsights'), string(parameters('storeSitecoreCountersInApplicationInsights')), 'false')]",
              "Use Application Insights": "[string(parameters('useApplicationInsights'))]",
              "License Xml": "[parameters('licenseXml')]"
            }
          }
        ]
      }
    },
    {
      "name": "[concat(variables('cmWebAppNameTidy'), '/', 'appsettings')]",
      "type": "Microsoft.Web/sites/config",
      "apiVersion": "[variables('webApiVersion')]",
      "properties": {
        "WEBSITE_DYNAMIC_CACHE": 0,
        "WEBSITE_NODE_DEFAULT_VERSION":"[parameters('cmNodeJsVersion')]",
        "SITECORE_ENVIRONMENT_TYPE": "[parameters('environmentType')]"
      },
      "dependsOn": [
        "[resourceId('Microsoft.Web/sites/extensions', variables('cmWebAppNameTidy'), 'MSDeploy')]"
      ]
    },
    {
      "name": "[concat(variables('cdWebAppNameTidy'), '/', 'appsettings')]",
      "type": "Microsoft.Web/sites/config",
      "apiVersion": "[variables('webApiVersion')]",
      "properties": {
        "WEBSITE_DYNAMIC_CACHE": 0,
        "WEBSITE_NODE_DEFAULT_VERSION":"[parameters('cdNodeJsVersion')]",
        "SITECORE_ENVIRONMENT_TYPE": "[parameters('environmentType')]"
      },
      "dependsOn": [
        "[resourceId('Microsoft.Web/sites/extensions', variables('cdWebAppNameTidy'), 'MSDeploy')]"
      ]
    }
  ]
}