﻿{
  "$schema": "https://schema.management.azure.com/schemas/2015-01-01/deploymentParameters.json#",
  "contentVersion": "1.0.0.0",
  "parameters": {
    "deploymentId": {
      "value": ""
    },
    "location": {
      "value": ""
    },
    "sitecoreAdminPassword": {
      "value": ""
    },
    "licenseXml": {
      "value": ""
    },
    "repAuthenticationApiKey": {
      "value": ""
    },
    "sqlServerLogin": {
      "value": ""
    },
    "sqlServerPassword": {
      "value": ""
    },
    "prcMsDeployPackageUrl": {
      "value": ""
    },
    "repMsDeployPackageUrl": {
      "value": ""
    },
    "xcRefDataMsDeployPackageUrl": {
      "value": ""
    },
    "xcCollectMsDeployPackageUrl": {
      "value": ""
    },
    "xcSearchMsDeployPackageUrl": {
      "value": ""
    },
    "cortexProcessingMsDeployPackageUrl": {
      "value": ""
    },
    "cortexReportingMsDeployPackageUrl": {
      "value": ""
    },
    "maOpsMsDeployPackageUrl": {
      "value": ""
    },
    "maRepMsDeployPackageUrl": {
      "value": ""
    },
    "authCertificateBlob": {
      "value": ""
    },
    "authCertificatePassword": {
      "value": ""
    },
    "machineLearningServerConnectionString": {
      "value": ""
    },
    "machineLearningServerBlobEndpointCertificatePath": {
      "value": ""
    },
    "machineLearningServerBlobEndpointCertificatePassword": {
      "value": ""
    },
    "machineLearningServerTableEndpointCertificatePath": {
      "value": ""
    },
    "machineLearningServerTableEndpointCertificatePassword": {
      "value": ""
    },
    "machineLearningServerEndpointCertificationAuthorityCertificatePath": {
      "value": ""
    }
  }
}