﻿{
  "$schema": "http://schema.management.azure.com/schemas/2015-01-01/deploymentTemplate.json#",
  "contentVersion": "1.0.0.0",
  "variables": {
    "resourcesApiVersion": "2018-05-01",
    "defaultDependency": [
      {
        "name": "application"
      }
    ],
    "dependencies": "[concat(variables('defaultDependency'), parameters('modules').items)]"
  },
  "parameters": {
    "modules": {
      "type": "secureObject",
      "defaultValue": {
        "items": [
          {
            "name": "empty",
            "templateLink": "[concat(uri(parameters('templateLinkBase'), 'nested/emptyAddon.json'), parameters('templateLinkAccessToken'))]",
            "parameters": {
            }
          }
        ]
      }
    },
    "prerequisites": {
      "type": "secureObject",
      "defaultValue": {
        "items": [
          {
            "name": "empty-prerequisite",
            "templateLink": "[concat(uri(parameters('templateLinkBase'), 'nested/emptyAddon.json'), parameters('templateLinkAccessToken'))]",
            "parameters": {
            }
          }
        ]
      }
    },

    "templateLinkBase": {
      "type": "string",
      "minLength": 1,
      "defaultValue": "[uri(replace(json(string(deployment().properties.templateLink)).uri,' ','%20'), '.')]"
    },
    "templateLinkAccessToken": {
      "type": "securestring",
      "defaultValue": ""
    },

    "deploymentId": {
      "type": "string",
      "defaultValue": "[resourceGroup().name]"
    },
    "location": {
      "type": "string",
      "minLength": 1,
      "defaultValue": "[resourceGroup().location]"
    },

    "sitecoreAdminPassword": {
      "type": "securestring",
      "minLength": 8
    },
    "licenseXml": {
      "type": "securestring",
      "minLength": 1
    },
    "sitecoreSKU": {
      "type": "string",
      "allowedValues": [ "Extra Small", "Small", "Medium", "Large", "Extra Large" ],
      "defaultValue": "Extra Small",
      "metadata": {
        "description": "Sitecore SKU controls the sizes and service levels of the provisioned resources"
      }
    },
    "repAuthenticationApiKey": {
      "type": "securestring",
      "minLength": 32
    },

    "sqlServerName": {
      "type": "string",
      "minLength": 1,
      "defaultValue": "[concat(parameters('deploymentId'), '-sql')]"
    },
    "sqlServerLogin": {
      "type": "string",
      "minLength": 1
    },
    "sqlServerPassword": {
      "type": "securestring",
      "minLength": 8
    },

    "sqlServerVersion": {
      "type": "string",
      "minLength": 1,
      "defaultValue": "12.0"
    },
    "sqlDatabaseCollation": {
      "type": "string",
      "minLength": 1,
      "defaultValue": "SQL_Latin1_General_CP1_CI_AS"
    },

    "coreSqlDatabaseName": {
      "type": "string",
      "minLength": 1,
      "defaultValue": "[concat(parameters('deploymentId'), '-core-db')]"
    },
    "securitySqlDatabaseName": {
      "type": "string",
      "minLength": 1,
      "defaultValue": "[concat(parameters('deploymentId'), '-core-db')]"
    },
    "masterSqlDatabaseName": {
      "type": "string",
      "minLength": 1,
      "defaultValue": "[concat(parameters('deploymentId'), '-master-db')]"
    },
    "reportingSqlDatabaseName": {
      "type": "string",
      "minLength": 1,
      "defaultValue": "[concat(parameters('deploymentId'), '-reporting-db')]"
    },
    "poolsSqlDatabaseName": {
      "type": "string",
      "minLength": 1,
      "defaultValue": "[concat(parameters('deploymentId'), '-pools-db')]"
    },
    "tasksSqlDatabaseName": {
      "type": "string",
      "minLength": 1,
      "defaultValue": "[concat(parameters('deploymentId'), '-tasks-db')]"
    },
    "shardMapManagerSqlDatabaseName": {
      "type": "string",
      "minLength": 1,
      "defaultValue": "[concat(parameters('deploymentId'), '-smm-db')]"
    },
    "shard0SqlDatabaseName": {
      "type": "string",
      "minLength": 1,
      "defaultValue": "[concat(parameters('deploymentId'), '-shard0-db')]"
    },
    "shard1SqlDatabaseName": {
      "type": "string",
      "minLength": 1,
      "defaultValue": "[concat(parameters('deploymentId'), '-shard1-db')]"
    },
    "refDataSqlDatabaseName": {
      "type": "string",
      "minLength": 1,
      "defaultValue": "[concat(parameters('deploymentId'), '-refdata-db')]"
    },
    "maSqlDatabaseName": {
      "type": "string",
      "minLength": 1,
      "defaultValue": "[concat(parameters('deploymentId'), '-ma-db')]"
    },
    "messagingSqlDatabaseName": {
      "type": "string",
      "minLength": 1,
      "defaultValue": "[concat(parameters('deploymentId'), '-messaging-db')]"
    },
    "processingEngineTasksSqlDatabaseName": {
      "type": "string",
      "minLength": 1,
      "defaultValue": "[concat(parameters('deploymentId'), '-processingenginetasks-db')]"
    },
    "processingEngineStorageSqlDatabaseName": {
      "type": "string",
      "minLength": 1,
      "defaultValue": "[concat(parameters('deploymentId'), '-processingenginestorage-db')]"
    },

    "coreSqlDatabaseUserName": {
      "type": "string",
      "minLength": 1,
      "defaultValue": "coreuser"
    },
    "coreSqlDatabasePassword": {
      "type": "securestring",
      "minLength": 8,
      "defaultValue": "[concat(toUpper(uniqueString('core', parameters('passwordSalt'))), uniqueString('core', parameters('sqlServerPassword'), parameters('passwordSalt')), toUpper(uniqueString('core', parameters('sitecoreAdminPassword'), parameters('passwordSalt'))), '4@')]"
    },
    "securitySqlDatabaseUserName": {
      "type": "string",
      "minLength": 1,
      "defaultValue": "securityuser"
    },
    "securitySqlDatabasePassword": {
      "type": "securestring",
      "minLength": 8,
      "defaultValue": "[concat(toUpper(uniqueString('security', parameters('passwordSalt'))), uniqueString('security', parameters('sqlServerPassword'), parameters('passwordSalt')), toUpper(uniqueString('security', parameters('sitecoreAdminPassword'), parameters('passwordSalt'))), '4@')]"
    },
    "masterSqlDatabaseUserName": {
      "type": "string",
      "minLength": 1,
      "defaultValue": "masteruser"
    },
    "masterSqlDatabasePassword": {
      "type": "securestring",
      "minLength": 8,
      "defaultValue": "[concat(toUpper(uniqueString('master', parameters('passwordSalt'))), uniqueString('master', parameters('sqlServerPassword'), parameters('passwordSalt')), toUpper(uniqueString('master', parameters('sitecoreAdminPassword'), parameters('passwordSalt'))), '4@')]"
    },
    "reportingSqlDatabaseUserName": {
      "type": "string",
      "minLength": 1,
      "defaultValue": "reportinguser"
    },
    "reportingSqlDatabasePassword": {
      "type": "securestring",
      "minLength": 8,
      "defaultValue": "[concat(toUpper(uniqueString('reporting', parameters('passwordSalt'))), uniqueString('reporting', parameters('sqlServerPassword'), parameters('passwordSalt')), toUpper(uniqueString('reporting', parameters('sitecoreAdminPassword'), parameters('passwordSalt'))), '4@')]"
    },
    "poolsSqlDatabaseUserName": {
      "type": "string",
      "minLength": 1,
      "defaultValue": "poolsuser"
    },
    "poolsSqlDatabasePassword": {
      "type": "securestring",
      "minLength": 8,
      "defaultValue": "[concat(toUpper(uniqueString('pools', parameters('passwordSalt'))), uniqueString('pools', parameters('sqlServerPassword'), parameters('passwordSalt')), toUpper(uniqueString('pools', parameters('sitecoreAdminPassword'), parameters('passwordSalt'))), '4@')]"
    },
    "tasksSqlDatabaseUserName": {
      "type": "string",
      "minLength": 1,
      "defaultValue": "tasksuser"
    },
    "tasksSqlDatabasePassword": {
      "type": "securestring",
      "minLength": 8,
      "defaultValue": "[concat(toUpper(uniqueString('tasks', parameters('passwordSalt'))), uniqueString('tasks', parameters('sqlServerPassword'), parameters('passwordSalt')), toUpper(uniqueString('tasks', parameters('sitecoreAdminPassword'), parameters('passwordSalt'))), '4@')]"
    },
    "xcRefDataSqlDatabaseUserName": {
      "type": "string",
      "minLength": 1,
      "defaultValue": "xcrefdatauser"
    },
    "xcRefDataSqlDatabasePassword": {
      "type": "securestring",
      "minLength": 8,
      "defaultValue": "[concat(toUpper(uniqueString('xcrefdata', parameters('passwordSalt'))), uniqueString('xcrefdata', parameters('sqlServerPassword'), parameters('passwordSalt')), toUpper(uniqueString('xcrefdata', parameters('sitecoreAdminPassword'), parameters('passwordSalt'))), '4@')]"
    },
    "xcShardMapManagerSqlDatabaseUserName": {
      "type": "string",
      "minLength": 1,
      "defaultValue": "xcsmmuser"
    },
    "xcShardMapManagerSqlDatabasePassword": {
      "type": "securestring",
      "minLength": 8,
      "defaultValue": "[concat(toUpper(uniqueString('xcsmm', parameters('passwordSalt'))), uniqueString('xcsmm', parameters('sqlServerPassword'), parameters('passwordSalt')), toUpper(uniqueString('xcsmm', parameters('sitecoreAdminPassword'), parameters('passwordSalt'))), '4@')]"
    },
    "xcMaSqlDatabaseUserName": {
      "type": "string",
      "minLength": 1,
      "defaultValue": "xcmauser"
    },
    "xcMaSqlDatabasePassword": {
      "type": "securestring",
      "minLength": 8,
      "defaultValue": "[concat(toUpper(uniqueString('xcma', parameters('passwordSalt'))), uniqueString('xcma', parameters('sqlServerPassword'), parameters('passwordSalt')), toUpper(uniqueString('xcma', parameters('sitecoreAdminPassword'), parameters('passwordSalt'))), '4@')]"
    },
    "messagingSqlDatabaseUserName": {
      "type": "string",
      "minLength": 1,
      "defaultValue": "messaginguser"
    },
    "messagingSqlDatabasePassword": {
      "type": "securestring",
      "minLength": 8,
      "defaultValue": "[concat(toUpper(uniqueString('messaging', parameters('passwordSalt'))), uniqueString('messaging', parameters('sqlServerPassword'), parameters('passwordSalt')), toUpper(uniqueString('messaging', parameters('sitecoreAdminPassword'), parameters('passwordSalt'))), '4@')]"
    },
    "processingEngineSqlDatabaseUserName": {
      "type": "string",
      "minLength": 1,
      "defaultValue": "processingengineuser"
    },
    "processingEngineSqlDatabasePassword": {
      "type": "securestring",
      "minLength": 8,
      "defaultValue": "[concat(toUpper(uniqueString('processingengine', parameters('passwordSalt'))), uniqueString('processingengine', parameters('sqlServerPassword'), parameters('passwordSalt')), toUpper(uniqueString('processingengine', parameters('sitecoreAdminPassword'), parameters('passwordSalt'))), '4@')]"
    },

    "searchServiceName": {
      "type": "string",
      "defaultValue": "[concat(parameters('deploymentId'), '-as')]"
    },
    "searchServiceLocation": {
      "type": "string",
      "defaultValue": "[parameters('location')]"
    },
    "searchServiceReplicaCount": {
      "type": "int",
      "defaultValue": 1
    },

    "xcSearchIndexName": {
      "type": "string",
      "minLength": 1,
      "defaultValue": "xdb"
    },

    "xcSolrConnectionString": {
      "type": "securestring",
      "defaultValue": ""
    },
    "machineLearningServerConnectionString": {
      "type": "securestring",
      "defaultValue": ""
    },

    "machineLearningServerBlobEndpointCertificatePath": {
      "type": "string",
      "defaultValue": ""
    },
    "machineLearningServerBlobEndpointCertificatePassword": {
      "type": "securestring",
      "defaultValue": ""
    },
    "machineLearningServerTableEndpointCertificatePath": {
      "type": "string",
      "defaultValue": ""
    },
    "machineLearningServerTableEndpointCertificatePassword": {
      "type": "securestring",
      "defaultValue": ""
    },
    "machineLearningServerEndpointCertificationAuthorityCertificatePath": {
      "type": "string",
      "defaultValue": ""
    },

    "useApplicationInsights": {
      "type": "bool",
      "defaultValue": true
    },
    "applicationInsightsName": {
      "type": "string",
      "minLength": 1,
      "defaultValue": "[concat(parameters('deploymentId'), '-ai')]"
    },
    "applicationInsightsLocation": {
      "type": "string",
      "defaultValue": "East US"
    },
    "storeSitecoreCountersInApplicationInsights": {
      "type": "bool",
      "defaultValue": false
    },
    "applicationInsightsPricePlan": {
      "type": "string",
      "minLength": 1,
      "defaultValue": "[concat(parameters('deploymentId'), '-ai-pp')]"
    },

    "prcHostingPlanName": {
      "type": "string",
      "minLength": 1,
      "defaultValue": "[concat(parameters('deploymentId'), '-prc-hp')]"
    },
    "repHostingPlanName": {
      "type": "string",
      "minLength": 1,
      "defaultValue": "[concat(parameters('deploymentId'), '-rep-hp')]"
    },
    "xcBasicHostingPlanName": {
      "type": "string",
      "minLength": 1,
      "defaultValue": "[concat(parameters('deploymentId'), '-xc-basic-hp')]"
    },
    "xcResourceIntensiveHostingPlanName": {
      "type": "string",
      "minLength": 1,
      "defaultValue": "[concat(parameters('deploymentId'), '-xc-resourceintensive-hp')]"
    },

    "prcWebAppName": {
      "type": "string",
      "minLength": 1,
      "defaultValue": "[concat(parameters('deploymentId'), '-prc')]"
    },
    "repWebAppName": {
      "type": "string",
      "minLength": 1,
      "defaultValue": "[concat(parameters('deploymentId'), '-rep')]"
    },
    "xcRefDataWebAppName": {
      "type": "string",
      "minLength": 1,
      "defaultValue": "[concat(parameters('deploymentId'), '-xc-refdata')]"
    },
    "xcCollectWebAppName": {
      "type": "string",
      "minLength": 1,
      "defaultValue": "[concat(parameters('deploymentId'), '-xc-collect')]"
    },
    "xcSearchWebAppName": {
      "type": "string",
      "minLength": 1,
      "defaultValue": "[concat(parameters('deploymentId'), '-xc-search')]"
    },
    "maOpsWebAppName": {
      "type": "string",
      "minLength": 1,
      "defaultValue": "[concat(parameters('deploymentId'), '-ma-ops')]"
    },
    "maRepWebAppName": {
      "type": "string",
      "minLength": 1,
      "defaultValue": "[concat(parameters('deploymentId'), '-ma-rep')]"
    },
    "cortexProcessingWebAppName": {
      "type": "string",
      "minLength": 1,
      "defaultValue": "[concat(parameters('deploymentId'), '-cortex-processing')]"
    },
    "cortexReportingWebAppName": {
      "type": "string",
      "minLength": 1,
      "defaultValue": "[concat(parameters('deploymentId'), '-cortex-reporting')]"
    },

    "prcMsDeployPackageUrl": {
      "type": "securestring",
      "minLength": 1
    },
    "repMsDeployPackageUrl": {
      "type": "securestring",
      "minLength": 1
    },
    "xcRefDataMsDeployPackageUrl": {
      "type": "securestring"
    },
    "xcCollectMsDeployPackageUrl": {
      "type": "securestring"
    },
    "xcSearchMsDeployPackageUrl": {
      "type": "securestring"
    },
    "maOpsMsDeployPackageUrl": {
      "type": "securestring"
    },
    "maRepMsDeployPackageUrl": {
      "type": "securestring"
    },
    "cortexProcessingMsDeployPackageUrl": {
      "type": "securestring"
    },
    "cortexReportingMsDeployPackageUrl": {
      "type": "securestring"
    },

    "securityClientIp": {
      "type": "string",
      "minLength": 1,
      "defaultValue": "0.0.0.0"
    },
    "securityClientIpMask": {
      "type": "string",
      "minLength": 1,
      "defaultValue": "0.0.0.0"
    },

    "allowInvalidClientCertificates": {
      "type": "bool",
      "defaultValue": false
    },

    "passwordSalt": {
      "type": "securestring",
      "minLength": 1,
      "defaultValue": "[resourceGroup().id]"
    },

    "xcServerConfigurationEnvironment": {
      "type": "string",
      "defaultValue": "Production",
      "allowedValues": [ "Development", "Production" ]
    },
    "authCertificateName": {
      "type": "string",
      "minLength": 1,
      "defaultValue": "[concat(parameters('deploymentId'), '-auth')]"
    },
    "authCertificateBlob": {
      "type": "securestring",
      "minLength": 1,
      "defaultValue": ""
    },
    "authCertificatePassword": {
      "type": "securestring",
      "minLength": 1,
      "defaultValue": ""
    },

    "environmentType": {
      "type": "string",
      "defaultValue": "Non-Production"
    },
    "aseName": {
      "type": "string",
      "defaultValue": ""
    },
    "aseResourceGroupName": {
      "type": "string",
      "defaultValue": "[resourceGroup().name]"
    }
  },
  "resources": [
    {
      "copy": {
        "name": "[concat(parameters('deploymentId'), '-prerequisites')]",
        "count": "[length(parameters('prerequisites').items)]",
        "mode": "Serial",
        "batchSize": 1
      },
      "name": "[concat(parameters('deploymentId'), '-', parameters('prerequisites').items[copyIndex()].name)]",
      "apiVersion": "[variables('resourcesApiVersion')]",
      "type": "Microsoft.Resources/deployments",
      "properties": {
        "mode": "Incremental",
        "templateLink": {
          "uri": "[parameters('prerequisites').items[copyIndex()].templateLink]"
        },
          "parameters": "[parameters('prerequisites').items[copyIndex()].parameters]"
      }
    },
    {
      "apiVersion": "[variables('resourcesApiVersion')]",
      "name": "[concat(parameters('deploymentId'), '-infrastructure')]",
      "type": "Microsoft.Resources/deployments",
      "properties": {
        "mode": "Incremental",
        "templateLink": {
          "uri": "[concat(uri(parameters('templateLinkBase'), 'nested/infrastructure.json'), parameters('templateLinkAccessToken'))]"
        },
        "parameters": {
          "deploymentId": {
            "value": "[parameters('deploymentId')]"
          },
          "location": {
            "value": "[parameters('location')]"
          },
          "sitecoreSKU": {
            "value": "[parameters('sitecoreSKU')]"
          },

          "sqlServerName": {
            "value": "[parameters('sqlServerName')]"
          },
          "sqlServerLogin": {
            "value": "[parameters('sqlServerLogin')]"
          },
          "sqlServerPassword": {
            "value": "[parameters('sqlServerPassword')]"
          },

          "sqlServerVersion": {
            "value": "[parameters('sqlServerVersion')]"
          },
          "sqlDatabaseCollation": {
            "value": "[parameters('sqlDatabaseCollation')]"
          },

          "coreSqlDatabaseName": {
            "value": "[parameters('coreSqlDatabaseName')]"
          },
          "masterSqlDatabaseName": {
            "value": "[parameters('masterSqlDatabaseName')]"
          },
          "poolsSqlDatabaseName": {
            "value": "[parameters('poolsSqlDatabaseName')]"
          },
          "tasksSqlDatabaseName": {
            "value": "[parameters('tasksSqlDatabaseName')]"
          },

          "deployAzureSearch": {
            "value": "[empty(parameters('xcSolrConnectionString'))]"
          },

          "searchServiceName": {
            "value": "[parameters('searchServiceName')]"
          },
          "searchServiceLocation": {
            "value": "[parameters('searchServiceLocation')]"
          },
          "searchServiceReplicaCount": {
            "value": "[parameters('searchServiceReplicaCount')]"
          },

          "useApplicationInsights": {
            "value": "[parameters('useApplicationInsights')]"
          },
          "applicationInsightsName": {
            "value": "[parameters('applicationInsightsName')]"
          },
          "applicationInsightsLocation": {
            "value": "[parameters('applicationInsightsLocation')]"
          },
          "applicationInsightsPricePlan": {
            "value": "[parameters('applicationInsightsPricePlan')]"
          },

          "prcHostingPlanName": {
            "value": "[parameters('prcHostingPlanName')]"
          },
          "repHostingPlanName": {
            "value": "[parameters('repHostingPlanName')]"
          },

          "prcWebAppName": {
            "value": "[parameters('prcWebAppName')]"
          },
          "repWebAppName": {
            "value": "[parameters('repWebAppName')]"
          },
          "authCertificateName": {
            "value": "[parameters('authCertificateName')]"
          },
          "authCertificateBlob": {
            "value": "[parameters('authCertificateBlob')]"
          },
          "authCertificatePassword": {
            "value": "[parameters('authCertificatePassword')]"
          },

          "aseName": {
            "value": "[parameters('aseName')]"
          },
          "aseResourceGroupName": {
            "value": "[parameters('aseResourceGroupName')]"
          }
        }
      },
      "dependsOn": [
        "[concat(parameters('deploymentId'), '-prerequisites')]"
      ]
    },
    {
      "apiVersion": "[variables('resourcesApiVersion')]",
      "name": "[concat(parameters('deploymentId'), '-infrastructure-xc')]",
      "type": "Microsoft.Resources/deployments",
      "properties": {
        "mode": "Incremental",
        "templateLink": {
          "uri": "[concat(uri(parameters('templateLinkBase'), 'nested/infrastructure-xc.json'), parameters('templateLinkAccessToken'))]"
        },
        "parameters": {
          "deploymentId": {
            "value": "[parameters('deploymentId')]"
          },
          "location": {
            "value": "[parameters('location')]"
          },
          "sitecoreSKU": {
            "value": "[parameters('sitecoreSKU')]"
          },

          "sqlServerName": {
            "value": "[parameters('sqlServerName')]"
          },

          "sqlDatabaseCollation": {
            "value": "[parameters('sqlDatabaseCollation')]"
          },

          "shardMapManagerSqlDatabaseName": {
            "value": "[parameters('shardMapManagerSqlDatabaseName')]"
          },
          "shard0SqlDatabaseName": {
            "value": "[parameters('shard0SqlDatabaseName')]"
          },
          "shard1SqlDatabaseName": {
            "value": "[parameters('shard1SqlDatabaseName')]"
          },
          "refDataSqlDatabaseName": {
            "value": "[parameters('refDataSqlDatabaseName')]"
          },
          "messagingSqlDatabaseName": {
            "value": "[parameters('messagingSqlDatabaseName')]"
          },

          "xcBasicHostingPlanName": {
            "value": "[parameters('xcBasicHostingPlanName')]"
          },
          "xcResourceIntensiveHostingPlanName": {
            "value": "[parameters('xcResourceIntensiveHostingPlanName')]"
          },

          "xcRefDataWebAppName": {
            "value": "[parameters('xcRefDataWebAppName')]"
          },
          "xcCollectWebAppName": {
            "value": "[parameters('xcCollectWebAppName')]"
          },
          "xcSearchWebAppName": {
            "value": "[parameters('xcSearchWebAppName')]"
          }
        }
      },
      "dependsOn": [
        "[resourceId('Microsoft.Resources/deployments', concat(parameters('deploymentId'), '-infrastructure'))]"
      ]
    },
    {
      "apiVersion": "[variables('resourcesApiVersion')]",
      "name": "[concat(parameters('deploymentId'), '-infrastructure-ma')]",
      "type": "Microsoft.Resources/deployments",
      "properties": {
        "mode": "Incremental",
        "templateLink": {
          "uri": "[concat(uri(parameters('templateLinkBase'), 'nested/infrastructure-ma.json'), parameters('templateLinkAccessToken'))]"
        },
        "parameters": {
          "deploymentId": {
            "value": "[parameters('deploymentId')]"
          },
          "location": {
            "value": "[parameters('location')]"
          },
          "sitecoreSKU": {
            "value": "[parameters('sitecoreSKU')]"
          },

          "sqlServerName": {
            "value": "[parameters('sqlServerName')]"
          },

          "sqlDatabaseCollation": {
            "value": "[parameters('sqlDatabaseCollation')]"
          },

          "maSqlDatabaseName": {
            "value": "[parameters('maSqlDatabaseName')]"
          },

          "xcBasicHostingPlanName": {
            "value": "[parameters('xcBasicHostingPlanName')]"
          },

          "maOpsWebAppName": {
            "value": "[parameters('maOpsWebAppName')]"
          },
          "maRepWebAppName": {
            "value": "[parameters('maRepWebAppName')]"
          }
        }
      },
      "dependsOn": [
        "[resourceId('Microsoft.Resources/deployments',concat(parameters('deploymentId'), '-infrastructure-xc'))]"
      ]
    },
    {
      "apiVersion": "[variables('resourcesApiVersion')]",
      "name": "[concat(parameters('deploymentId'), '-infrastructure-cortex-prc-rep')]",
      "type": "Microsoft.Resources/deployments",
      "properties": {
        "mode": "Incremental",
        "templateLink": {
          "uri": "[concat(uri(parameters('templateLinkBase'), 'nested/infrastructure-cortex-prc-rep.json'), parameters('templateLinkAccessToken'))]"
        },
        "parameters": {
          "deploymentId": {
            "value": "[parameters('deploymentId')]"
          },
          "location": {
            "value": "[parameters('location')]"
          },
          "sitecoreSKU": {
            "value": "[parameters('sitecoreSKU')]"
          },

          "sqlServerName": {
            "value": "[parameters('sqlServerName')]"
          },

          "sqlDatabaseCollation": {
            "value": "[parameters('sqlDatabaseCollation')]"
          },

          "processingEngineTasksSqlDatabaseName": {
            "value": "[parameters('processingEngineTasksSqlDatabaseName')]"
          },
          "processingEngineStorageSqlDatabaseName": {
            "value": "[parameters('processingEngineStorageSqlDatabaseName')]"
          },
          "reportingSqlDatabaseName": {
            "value": "[parameters('reportingSqlDatabaseName')]"
          },

          "xcBasicHostingPlanName": {
            "value": "[parameters('xcBasicHostingPlanName')]"
          },
          "xcResourceIntensiveHostingPlanName": {
            "value": "[parameters('xcResourceIntensiveHostingPlanName')]"
          },

          "cortexProcessingWebAppName": {
            "value": "[parameters('cortexProcessingWebAppName')]"
          },
          "cortexReportingWebAppName": {
            "value": "[parameters('cortexReportingWebAppName')]"
          }
        }
      },
      "dependsOn": [
        "[resourceId('Microsoft.Resources/deployments',concat(parameters('deploymentId'), '-infrastructure-xc'))]"
      ]
    },
    {
      "apiVersion": "[variables('resourcesApiVersion')]",
      "name": "[concat(parameters('deploymentId'), '-application')]",
      "type": "Microsoft.Resources/deployments",
      "properties": {
        "mode": "Incremental",
        "templateLink": {
          "uri": "[concat(uri(parameters('templateLinkBase'), 'nested/application.json'), parameters('templateLinkAccessToken'))]"
        },
        "parameters": {
          "infrastructure": {
            "value": "[reference(concat(parameters('deploymentId'), '-infrastructure')).outputs.infrastructure.value]"
          },

          "deploymentId": {
            "value": "[parameters('deploymentId')]"
          },
          "location": {
            "value": "[parameters('location')]"
          },

          "sitecoreAdminPassword": {
            "value": "[parameters('sitecoreAdminPassword')]"
          },
          "licenseXml": {
            "value": "[parameters('licenseXml')]"
          },
          "repAuthenticationApiKey": {
            "value": "[parameters('repAuthenticationApiKey')]"
          },

          "sqlServerLogin": {
            "value": "[parameters('sqlServerLogin')]"
          },
          "sqlServerPassword": {
            "value": "[parameters('sqlServerPassword')]"
          },

          "coreSqlDatabaseName": {
            "value": "[parameters('coreSqlDatabaseName')]"
          },
          "securitySqlDatabaseName": {
            "value": "[parameters('securitySqlDatabaseName')]"
          },
          "masterSqlDatabaseName": {
            "value": "[parameters('masterSqlDatabaseName')]"
          },
          "reportingSqlDatabaseName": {
            "value": "[parameters('reportingSqlDatabaseName')]"
          },
          "poolsSqlDatabaseName": {
            "value": "[parameters('poolsSqlDatabaseName')]"
          },
          "tasksSqlDatabaseName": {
            "value": "[parameters('tasksSqlDatabaseName')]"
          },
          "refDataSqlDatabaseName": {
            "value": "[parameters('refDataSqlDatabaseName')]"
          },

          "coreSqlDatabaseUserName": {
            "value": "[parameters('coreSqlDatabaseUserName')]"
          },
          "coreSqlDatabasePassword": {
            "value": "[parameters('coreSqlDatabasePassword')]"
          },
          "securitySqlDatabaseUserName": {
            "value": "[parameters('securitySqlDatabaseUserName')]"
          },
          "securitySqlDatabasePassword": {
            "value": "[parameters('securitySqlDatabasePassword')]"
          },
          "masterSqlDatabaseUserName": {
            "value": "[parameters('masterSqlDatabaseUserName')]"
          },
          "masterSqlDatabasePassword": {
            "value": "[parameters('masterSqlDatabasePassword')]"
          },
          "reportingSqlDatabaseUserName": {
            "value": "[parameters('reportingSqlDatabaseUserName')]"
          },
          "reportingSqlDatabasePassword": {
            "value": "[parameters('reportingSqlDatabasePassword')]"
          },
          "poolsSqlDatabaseUserName": {
            "value": "[parameters('poolsSqlDatabaseUserName')]"
          },
          "poolsSqlDatabasePassword": {
            "value": "[parameters('poolsSqlDatabasePassword')]"
          },
          "tasksSqlDatabaseUserName": {
            "value": "[parameters('tasksSqlDatabaseUserName')]"
          },
          "tasksSqlDatabasePassword": {
            "value": "[parameters('tasksSqlDatabasePassword')]"
          },
          "xcRefDataSqlDatabaseUserName": {
            "value": "[parameters('xcRefDataSqlDatabaseUserName')]"
          },
          "xcRefDataSqlDatabasePassword": {
            "value": "[parameters('xcRefDataSqlDatabasePassword')]"
          },

          "useApplicationInsights": {
            "value": "[parameters('useApplicationInsights')]"
          },
          "applicationInsightsName": {
            "value": "[parameters('applicationInsightsName')]"
          },
          "storeSitecoreCountersInApplicationInsights": {
            "value": "[parameters('storeSitecoreCountersInApplicationInsights')]"
          },

          "prcWebAppName": {
            "value": "[parameters('prcWebAppName')]"
          },
          "repWebAppName": {
            "value": "[parameters('repWebAppName')]"
          },
          "xcCollectWebAppName": {
            "value": "[parameters('xcCollectWebAppName')]"
          },

          "prcMsDeployPackageUrl": {
            "value": "[parameters('prcMsDeployPackageUrl')]"
          },
          "repMsDeployPackageUrl": {
            "value": "[parameters('repMsDeployPackageUrl')]"
          },
          "securityClientIp": {
            "value": "[parameters('securityClientIp')]"
          },
          "securityClientIpMask": {
            "value": "[parameters('securityClientIpMask')]"
          },

          "allowInvalidClientCertificates": {
            "value": "[parameters('allowInvalidClientCertificates')]"
          },

          "passwordSalt": {
            "value": "[parameters('passwordSalt')]"
          },

          "environmentType": {
            "value": "[parameters('environmentType')]"
          }
        }
      },
      "dependsOn": [
        "[resourceId('Microsoft.Resources/deployments', concat(parameters('deploymentId'), '-application-ma'))]"
      ]
    },
    {
      "apiVersion": "[variables('resourcesApiVersion')]",
      "name": "[concat(parameters('deploymentId'), '-application-xc')]",
      "type": "Microsoft.Resources/deployments",
      "properties": {
        "mode": "Incremental",
        "templateLink": {
          "uri": "[concat(uri(parameters('templateLinkBase'), 'nested/application-xc.json'), parameters('templateLinkAccessToken'))]"
        },
        "parameters": {
          "infrastructure": {
            "value": "[reference(concat(parameters('deploymentId'), '-infrastructure')).outputs.infrastructure.value]"
          },

          "templateLinkAccessToken": {
            "value": "[parameters('templateLinkAccessToken')]"
          },

          "deploymentId": {
            "value": "[parameters('deploymentId')]"
          },
          "location": {
            "value": "[parameters('location')]"
          },

          "sitecoreAdminPassword": {
            "value": "[parameters('sitecoreAdminPassword')]"
          },
          "licenseXml": {
            "value": "[parameters('licenseXml')]"
          },

          "sqlServerLogin": {
            "value": "[parameters('sqlServerLogin')]"
          },
          "sqlServerPassword": {
            "value": "[parameters('sqlServerPassword')]"
          },

          "poolsSqlDatabaseName": {
            "value": "[parameters('poolsSqlDatabaseName')]"
          },
          "shardMapManagerSqlDatabaseName": {
            "value": "[parameters('shardMapManagerSqlDatabaseName')]"
          },
          "shard0SqlDatabaseName": {
            "value": "[parameters('shard0SqlDatabaseName')]"
          },
          "shard1SqlDatabaseName": {
            "value": "[parameters('shard1SqlDatabaseName')]"
          },
          "refDataSqlDatabaseName": {
            "value": "[parameters('refDataSqlDatabaseName')]"
          },
          "maSqlDatabaseName": {
            "value": "[parameters('maSqlDatabaseName')]"
          },
          "messagingSqlDatabaseName": {
            "value": "[parameters('messagingSqlDatabaseName')]"
          },

          "poolsSqlDatabaseUserName": {
            "value": "[parameters('poolsSqlDatabaseUserName')]"
          },
          "poolsSqlDatabasePassword": {
            "value": "[parameters('poolsSqlDatabasePassword')]"
          },
          "xcRefDataSqlDatabaseUserName": {
            "value": "[parameters('xcRefDataSqlDatabaseUserName')]"
          },
          "xcRefDataSqlDatabasePassword": {
            "value": "[parameters('xcRefDataSqlDatabasePassword')]"
          },
          "xcShardMapManagerSqlDatabaseUserName": {
            "value": "[parameters('xcShardMapManagerSqlDatabaseUserName')]"
          },
          "xcShardMapManagerSqlDatabasePassword": {
            "value": "[parameters('xcShardMapManagerSqlDatabasePassword')]"
          },
          "xcMaSqlDatabaseUserName": {
            "value": "[parameters('xcMaSqlDatabaseUserName')]"
          },
          "xcMaSqlDatabasePassword": {
            "value": "[parameters('xcMaSqlDatabasePassword')]"
          },
          "messagingSqlDatabaseUserName": {
            "value": "[parameters('messagingSqlDatabaseUserName')]"
          },
          "messagingSqlDatabasePassword": {
            "value": "[parameters('messagingSqlDatabasePassword')]"
          },

          "searchServiceName": {
            "value": "[parameters('searchServiceName')]"
          },
          "xcSearchIndexName": {
            "value": "[parameters('xcSearchIndexName')]"
          },

          "xcSolrConnectionString": {
            "value": "[parameters('xcSolrConnectionString')]"
          },

          "useApplicationInsights": {
            "value": "[parameters('useApplicationInsights')]"
          },
          "applicationInsightsName": {
            "value": "[parameters('applicationInsightsName')]"
          },

          "xcRefDataWebAppName": {
            "value": "[parameters('xcRefDataWebAppName')]"
          },
          "xcCollectWebAppName": {
            "value": "[parameters('xcCollectWebAppName')]"
          },
          "xcSearchWebAppName": {
            "value": "[parameters('xcSearchWebAppName')]"
          },

          "xcRefDataMsDeployPackageUrl": {
            "value": "[parameters('xcRefDataMsDeployPackageUrl')]"
          },
          "xcCollectMsDeployPackageUrl": {
            "value": "[parameters('xcCollectMsDeployPackageUrl')]"
          },
          "xcSearchMsDeployPackageUrl": {
            "value": "[parameters('xcSearchMsDeployPackageUrl')]"
          },

          "allowInvalidClientCertificates": {
            "value": "[parameters('allowInvalidClientCertificates')]"
          },

          "passwordSalt": {
            "value": "[parameters('passwordSalt')]"
          },

          "xcServerConfigurationEnvironment": {
            "value": "[parameters('xcServerConfigurationEnvironment')]"
          },

          "environmentType": {
            "value": "[parameters('environmentType')]"
          }
        }
      },
      "dependsOn": [
        "[resourceId('Microsoft.Resources/deployments', concat(parameters('deploymentId'), '-infrastructure-ma'))]"
      ]
    },
    {
      "apiVersion": "[variables('resourcesApiVersion')]",
      "name": "[concat(parameters('deploymentId'), '-application-ma')]",
      "type": "Microsoft.Resources/deployments",
      "properties": {
        "mode": "Incremental",
        "templateLink": {
          "uri": "[concat(uri(parameters('templateLinkBase'), 'nested/application-ma.json'), parameters('templateLinkAccessToken'))]"
        },
        "parameters": {
          "infrastructure": {
            "value": "[reference(concat(parameters('deploymentId'), '-infrastructure')).outputs.infrastructure.value]"
          },

          "deploymentId": {
            "value": "[parameters('deploymentId')]"
          },
          "location": {
            "value": "[parameters('location')]"
          },

          "sitecoreAdminPassword": {
            "value": "[parameters('sitecoreAdminPassword')]"
          },
          "licenseXml": {
            "value": "[parameters('licenseXml')]"
          },

          "sqlServerLogin": {
            "value": "[parameters('sqlServerLogin')]"
          },
          "sqlServerPassword": {
            "value": "[parameters('sqlServerPassword')]"
          },

          "poolsSqlDatabaseName": {
            "value": "[parameters('poolsSqlDatabaseName')]"
          },
          "maSqlDatabaseName": {
            "value": "[parameters('maSqlDatabaseName')]"
          },
          "refDataSqlDatabaseName": {
            "value": "[parameters('refDataSqlDatabaseName')]"
          },
          "shardMapManagerSqlDatabaseName": {
            "value": "[parameters('shardMapManagerSqlDatabaseName')]"
          },
          "messagingSqlDatabaseName": {
            "value": "[parameters('messagingSqlDatabaseName')]"
          },

          "poolsSqlDatabaseUserName": {
            "value": "[parameters('poolsSqlDatabaseUserName')]"
          },
          "poolsSqlDatabasePassword": {
            "value": "[parameters('poolsSqlDatabasePassword')]"
          },
          "xcRefDataSqlDatabaseUserName": {
            "value": "[parameters('xcRefDataSqlDatabaseUserName')]"
          },
          "xcRefDataSqlDatabasePassword": {
            "value": "[parameters('xcRefDataSqlDatabasePassword')]"
          },
          "xcMaSqlDatabaseUserName": {
            "value": "[parameters('xcMaSqlDatabaseUserName')]"
          },
          "xcMaSqlDatabasePassword": {
            "value": "[parameters('xcMaSqlDatabasePassword')]"
          },
          "xcShardMapManagerSqlDatabaseUserName": {
            "value": "[parameters('xcShardMapManagerSqlDatabaseUserName')]"
          },
          "xcShardMapManagerSqlDatabasePassword": {
            "value": "[parameters('xcShardMapManagerSqlDatabasePassword')]"
          },
          "messagingSqlDatabaseUserName": {
            "value": "[parameters('messagingSqlDatabaseUserName')]"
          },
          "messagingSqlDatabasePassword": {
            "value": "[parameters('messagingSqlDatabasePassword')]"
          },

          "useApplicationInsights": {
            "value": "[parameters('useApplicationInsights')]"
          },
          "applicationInsightsName": {
            "value": "[parameters('applicationInsightsName')]"
          },

          "xcRefDataWebAppName": {
            "value": "[parameters('xcRefDataWebAppName')]"
          },
          "xcCollectWebAppName": {
            "value": "[parameters('xcCollectWebAppName')]"
          },
          "maOpsWebAppName": {
            "value": "[parameters('maOpsWebAppName')]"
          },
          "maRepWebAppName": {
            "value": "[parameters('maRepWebAppName')]"
          },

          "maOpsMsDeployPackageUrl": {
            "value": "[parameters('maOpsMsDeployPackageUrl')]"
          },
          "maRepMsDeployPackageUrl": {
            "value": "[parameters('maRepMsDeployPackageUrl')]"
          },

          "allowInvalidClientCertificates": {
            "value": "[parameters('allowInvalidClientCertificates')]"
          },

          "passwordSalt": {
            "value": "[parameters('passwordSalt')]"
          },

          "xcServerConfigurationEnvironment": {
            "value": "[parameters('xcServerConfigurationEnvironment')]"
          },

          "environmentType": {
            "value": "[parameters('environmentType')]"
          }
        }
      },
      "dependsOn": [
        "[resourceId('Microsoft.Resources/deployments', concat(parameters('deploymentId'), '-application-xc'))]"
      ]
    },
    {
      "apiVersion": "[variables('resourcesApiVersion')]",
      "name": "[concat(parameters('deploymentId'), '-application-cortex-prc-rep')]",
      "type": "Microsoft.Resources/deployments",
      "properties": {
        "mode": "Incremental",
        "templateLink": {
          "uri": "[concat(uri(parameters('templateLinkBase'), 'nested/application-cortex-prc-rep.json'), parameters('templateLinkAccessToken'))]"
        },
        "parameters": {
          "infrastructure": {
            "value": "[reference(concat(parameters('deploymentId'), '-infrastructure')).outputs.infrastructure.value]"
          },

          "deploymentId": {
            "value": "[parameters('deploymentId')]"
          },
          "location": {
            "value": "[parameters('location')]"
          },
          
          "sitecoreAdminPassword": {
            "value": "[parameters('sitecoreAdminPassword')]"
          },
          "licenseXml": {
            "value": "[parameters('licenseXml')]"
          },

          "sqlServerLogin": {
            "value": "[parameters('sqlServerLogin')]"
          },
          "sqlServerPassword": {
            "value": "[parameters('sqlServerPassword')]"
          },

          "processingEngineTasksSqlDatabaseName": {
            "value": "[parameters('processingEngineTasksSqlDatabaseName')]"
          },
          "processingEngineStorageSqlDatabaseName": {
            "value": "[parameters('processingEngineStorageSqlDatabaseName')]"
          },
          "messagingSqlDatabaseName": {
            "value": "[parameters('messagingSqlDatabaseName')]"
          },
          "reportingSqlDatabaseName": {
            "value": "[parameters('reportingSqlDatabaseName')]"
          },

          "processingEngineSqlDatabaseUserName": {
            "value": "[parameters('processingEngineSqlDatabaseUserName')]"
          },
          "processingEngineSqlDatabasePassword": {
            "value": "[parameters('processingEngineSqlDatabasePassword')]"
          },
          "messagingSqlDatabaseUserName": {
            "value": "[parameters('messagingSqlDatabaseUserName')]"
          },
          "messagingSqlDatabasePassword": {
            "value": "[parameters('messagingSqlDatabasePassword')]"
          },
          "reportingSqlDatabaseUserName": {
            "value": "[parameters('reportingSqlDatabaseUserName')]"
          },
          "reportingSqlDatabasePassword": {
            "value": "[parameters('reportingSqlDatabasePassword')]"
          },

          "useApplicationInsights": {
            "value": "[parameters('useApplicationInsights')]"
          },
          "applicationInsightsName": {
            "value": "[parameters('applicationInsightsName')]"
          },

          "xcCollectWebAppName": {
            "value": "[parameters('xcCollectWebAppName')]"
          },
          "xcSearchWebAppName": {
            "value": "[parameters('xcSearchWebAppName')]"
          },
          "cortexProcessingWebAppName": {
            "value": "[parameters('cortexProcessingWebAppName')]"
          },
          "cortexReportingWebAppName": {
            "value": "[parameters('cortexReportingWebAppName')]"
          },

          "machineLearningServerConnectionString": {
            "value": "[parameters('machineLearningServerConnectionString')]"
          },

          "cortexProcessingMsDeployPackageUrl": {
            "value": "[parameters('cortexProcessingMsDeployPackageUrl')]"
          },
          "cortexReportingMsDeployPackageUrl": {
            "value": "[parameters('cortexReportingMsDeployPackageUrl')]"
          },

          "allowInvalidClientCertificates": {
            "value": "[parameters('allowInvalidClientCertificates')]"
          },

          "passwordSalt": {
            "value": "[parameters('passwordSalt')]"
          },

          "xcServerConfigurationEnvironment": {
            "value": "[parameters('xcServerConfigurationEnvironment')]"
          },

          "machineLearningServerBlobEndpointCertificatePath": {
            "value": "[parameters('machineLearningServerBlobEndpointCertificatePath')]"
          },
          "machineLearningServerBlobEndpointCertificatePassword": {
            "value": "[parameters('machineLearningServerBlobEndpointCertificatePassword')]"
          },
          "machineLearningServerTableEndpointCertificatePath": {
            "value": "[parameters('machineLearningServerTableEndpointCertificatePath')]"
          },
          "machineLearningServerTableEndpointCertificatePassword": {
            "value": "[parameters('machineLearningServerTableEndpointCertificatePassword')]"
          },
          "machineLearningServerEndpointCertificationAuthorityCertificatePath": {
            "value": "[parameters('machineLearningServerEndpointCertificationAuthorityCertificatePath')]"
          },

          "environmentType": {
            "value": "[parameters('environmentType')]"
          }
        }
      },
      "dependsOn": [
        "[resourceId('Microsoft.Resources/deployments', concat(parameters('deploymentId'), '-infrastructure-cortex-prc-rep'))]",
        "[resourceId('Microsoft.Resources/deployments', concat(parameters('deploymentId'), '-application-xc'))]"
      ]
    },
    {
      "copy": {
        "name": "modules",
        "count": "[length(parameters('modules').items)]"
      },
      "name": "[concat(parameters('deploymentId'), '-', parameters('modules').items[copyIndex()].name)]",
      "apiVersion": "[variables('resourcesApiVersion')]",
      "type": "Microsoft.Resources/deployments",
      "properties": {
        "mode": "Incremental",
        "templateLink": {
          "uri": "[parameters('modules').items[copyIndex()].templateLink]"
        },
        "parameters": {
          "standard": {
            "value": {
              "infrastructure": "[reference(concat(parameters('deploymentId'), '-infrastructure')).outputs.infrastructure.value]",

              "deploymentId": "[parameters('deploymentId')]",
              "location": "[parameters('location')]",

              "sitecoreAdminPassword": "[parameters('sitecoreAdminPassword')]",
              "licenseXml": "[parameters('licenseXml')]",
              "sitecoreSKU": "[parameters('sitecoreSKU')]",
              "repAuthenticationApiKey": "[parameters('repAuthenticationApiKey')]",

              "sqlServerName": "[parameters('sqlServerName')]",
              "sqlServerLogin": "[parameters('sqlServerLogin')]",
              "sqlServerPassword": "[parameters('sqlServerPassword')]",

              "sqlServerVersion": "[parameters('sqlServerVersion')]",
              "sqlDatabaseCollation": "[parameters('sqlDatabaseCollation')]",

              "coreSqlDatabaseName": "[parameters('coreSqlDatabaseName')]",
              "masterSqlDatabaseName": "[parameters('masterSqlDatabaseName')]",
              "reportingSqlDatabaseName": "[parameters('reportingSqlDatabaseName')]",
              "poolsSqlDatabaseName": "[parameters('poolsSqlDatabaseName')]",
              "tasksSqlDatabaseName": "[parameters('tasksSqlDatabaseName')]",
              "shardMapManagerSqlDatabaseName": "[parameters('shardMapManagerSqlDatabaseName')]",
              "shard0SqlDatabaseName": "[parameters('shard0SqlDatabaseName')]",
              "shard1SqlDatabaseName": "[parameters('shard1SqlDatabaseName')]",
              "refDataSqlDatabaseName": "[parameters('refDataSqlDatabaseName')]",
              "maSqlDatabaseName": "[parameters('maSqlDatabaseName')]",
              "messagingSqlDatabaseName": "[parameters('messagingSqlDatabaseName')]",
              "processingEngineTasksSqlDatabaseName": "[parameters('processingEngineTasksSqlDatabaseName')]",
              "processingEngineStorageSqlDatabaseName": "[parameters('processingEngineStorageSqlDatabaseName')]",

              "coreSqlDatabaseUserName": "[parameters('coreSqlDatabaseUserName')]",
              "coreSqlDatabasePassword": "[parameters('coreSqlDatabasePassword')]",
              "securitySqlDatabaseUserName": "[parameters('securitySqlDatabaseUserName')]",
              "securitySqlDatabasePassword": "[parameters('securitySqlDatabasePassword')]",
              "masterSqlDatabaseUserName": "[parameters('masterSqlDatabaseUserName')]",
              "masterSqlDatabasePassword": "[parameters('masterSqlDatabasePassword')]",
              "reportingSqlDatabaseUserName": "[parameters('reportingSqlDatabaseUserName')]",
              "reportingSqlDatabasePassword": "[parameters('reportingSqlDatabasePassword')]",
              "poolsSqlDatabaseUserName": "[parameters('poolsSqlDatabaseUserName')]",
              "poolsSqlDatabasePassword": "[parameters('poolsSqlDatabasePassword')]",
              "tasksSqlDatabaseUserName": "[parameters('tasksSqlDatabaseUserName')]",
              "tasksSqlDatabasePassword": "[parameters('tasksSqlDatabasePassword')]",
              "xcRefDataSqlDatabaseUserName": "[parameters('xcRefDataSqlDatabaseUserName')]",
              "xcRefDataSqlDatabasePassword": "[parameters('xcRefDataSqlDatabasePassword')]",
              "xcShardMapManagerSqlDatabaseUserName": "[parameters('xcShardMapManagerSqlDatabaseUserName')]",
              "xcShardMapManagerSqlDatabasePassword": "[parameters('xcShardMapManagerSqlDatabasePassword')]",
              "xcMaSqlDatabaseUserName": "[parameters('xcMaSqlDatabaseUserName')]",
              "xcMaSqlDatabasePassword": "[parameters('xcMaSqlDatabasePassword')]",
              "messagingSqlDatabaseUserName": "[parameters('messagingSqlDatabaseUserName')]",
              "messagingSqlDatabasePassword": "[parameters('messagingSqlDatabasePassword')]",
              "processingEngineSqlDatabaseUserName": "[parameters('processingEngineSqlDatabaseUserName')]",
              "processingEngineSqlDatabasePassword": "[parameters('processingEngineSqlDatabasePassword')]",

              "searchServiceName": "[parameters('searchServiceName')]",
              "searchServiceLocation": "[parameters('searchServiceLocation')]",
              "xcSearchIndexName": "[parameters('xcSearchIndexName')]",

              "xcSolrConnectionString": "[parameters('xcSolrConnectionString')]",
              "machineLearningServerConnectionString": "[parameters('machineLearningServerConnectionString')]",

              "useApplicationInsights": "[parameters('useApplicationInsights')]",
              "applicationInsightsName": "[parameters('applicationInsightsName')]",
              "applicationInsightsLocation": "[parameters('applicationInsightsLocation')]",
              "storeSitecoreCountersInApplicationInsights": "[parameters('storeSitecoreCountersInApplicationInsights')]",

              "prcHostingPlanName": "[parameters('prcHostingPlanName')]",
              "repHostingPlanName": "[parameters('repHostingPlanName')]",
              "xcBasicHostingPlanName": "[parameters('xcBasicHostingPlanName')]",
              "xcResourceIntensiveHostingPlanName": "[parameters('xcResourceIntensiveHostingPlanName')]",

              "prcWebAppName": "[parameters('prcWebAppName')]",
              "repWebAppName": "[parameters('repWebAppName')]",
              "xcRefDataWebAppName": "[parameters('xcRefDataWebAppName')]",
              "xcCollectWebAppName": "[parameters('xcCollectWebAppName')]",
              "xcSearchWebAppName": "[parameters('xcSearchWebAppName')]",
              "maOpsWebAppName": "[parameters('maOpsWebAppName')]",
              "maRepWebAppName": "[parameters('maRepWebAppName')]",
              "cortexProcessingWebAppName": "[parameters('cortexProcessingWebAppName')]",
              "cortexReportingWebAppName": "[parameters('cortexReportingWebAppName')]",

              "securityClientIp": "[parameters('securityClientIp')]",
              "securityClientIpMask": "[parameters('securityClientIpMask')]",

              "passwordSalt": "[parameters('passwordSalt')]",

              "xcServerConfigurationEnvironment": "[parameters('xcServerConfigurationEnvironment')]",

              "authCertificateBlob": "[parameters('authCertificateBlob')]",
              "authCertificatePassword": "[parameters('authCertificatePassword')]",

              "machineLearningServerBlobEndpointCertificatePath": "[parameters('machineLearningServerBlobEndpointCertificatePath')]",
              "machineLearningServerBlobEndpointCertificatePassword": "[parameters('machineLearningServerBlobEndpointCertificatePassword')]",
              "machineLearningServerTableEndpointCertificatePath": "[parameters('machineLearningServerTableEndpointCertificatePath')]",
              "machineLearningServerTableEndpointCertificatePassword": "[parameters('machineLearningServerTableEndpointCertificatePassword')]",

              "machineLearningServerEndpointCertificationAuthorityCertificatePath": "[parameters('machineLearningServerEndpointCertificationAuthorityCertificatePath')]",

              "environmentType": "[parameters('environmentType')]"
            }
          },
          "extension": { "value": "[parameters('modules').items[copyIndex()].parameters]" }
        }
      },
      "dependsOn": [
        "[concat(parameters('deploymentId'), '-' , variables('dependencies')[copyIndex()].name)]"
      ]
    }
  ]
}
