﻿{
  "$schema": "http://schema.management.azure.com/schemas/2015-01-01/deploymentTemplate.json#",
  "contentVersion": "1.0.0.0",
  "variables": {
    "webApiVersion": "2018-02-01",
    "searchApiVersion": "2015-08-19",
    "searchRestApiVersion": "2017-11-11",
    "appInsightsApiVersion": "2015-05-01",

    "sqlServerFqdnTidy": "[trim(toLower(parameters('sqlServerFqdn')))]",

    "coreSqlDatabaseNameTidy": "[toLower(trim(parameters('coreSqlDatabaseName')))]",
    "securitySqlDatabaseNameTidy": "[toLower(trim(parameters('securitySqlDatabaseName')))]",
    "webSqlDatabaseNameTidy": "[toLower(trim(parameters('webSqlDatabaseName')))]",
    "masterSqlDatabaseNameTidy": "[toLower(trim(parameters('masterSqlDatabaseName')))]",
    "refDataSqlDatabaseNameTidy": "[toLower(trim(parameters('refDataSqlDatabaseName')))]",
    "formsSqlDatabaseNameTidy": "[toLower(trim(parameters('formsSqlDatabaseName')))]",
    "exmMasterSqlDatabaseNameTidy": "[toLower(trim(parameters('exmMasterSqlDatabaseName')))]",
    "messagingSqlDatabaseNameTidy": "[toLower(trim(parameters('messagingSqlDatabaseName')))]",

    "cmWebAppNameTidy": "[toLower(trim(parameters('cmWebAppName')))]",
    "prcWebAppNameTidy": "[toLower(trim(parameters('prcWebAppName')))]",
    "repWebAppNameTidy": "[toLower(trim(parameters('repWebAppName')))]",
    "xcSearchWebAppNameTidy": "[toLower(trim(parameters('xcSearchWebAppName')))]",
    "maOpsWebAppNameTidy": "[toLower(trim(parameters('maOpsWebAppName')))]",
    "maRepWebAppNameTidy": "[toLower(trim(parameters('maRepWebAppName')))]",
    "xcRefDataWebAppNameTidy": "[toLower(trim(parameters('xcRefDataWebAppName')))]",
    "exmDdsWebAppNameTidy": "[toLower(trim(parameters('exmDdsWebAppName')))]",

    "appInsightsNameTidy": "[toLower(trim(parameters('applicationInsightsName')))]",

    "searchProvider": "[if(empty(parameters('solrConnectionString')), 'Azure', 'Solr')]",

    "searchServiceNameTidy": "[toLower(trim(parameters('searchServiceName')))]",

    "dedicatedDispatchService": "/sitecore%20modules/web/exm/dedicateddispatchservice.asmx"
  },
  "parameters": {
    "infrastructure": {
      "type": "secureObject",
      "defaultValue": {
        "sqlServerFqdn": null,
        "siWebAppHostName": null,
        "authCertificateThumbprint": null
      }
    },

    "sitecoreAdminPassword": {
      "type": "securestring",
      "minLength": 8
    },
    "deploymentId": {
      "type": "string",
      "defaultValue": "[resourceGroup().name]"
    },
    "location": {
      "type": "string",
      "minLength": 1,
      "defaultValue": "[resourceGroup().location]"
    },

    "licenseXml": {
      "type": "securestring",
      "minLength": 1
    },
    "repAuthenticationApiKey": {
      "type": "securestring",
      "minLength": 32
    },
    "sqlServerFqdn": {
      "type": "string",
      "minLength": 1,
      "defaultValue": "[parameters('infrastructure').sqlServerFqdn]"
    },
    "sqlServerLogin": {
      "type": "string",
      "minLength": 1
    },
    "sqlServerPassword": {
      "type": "securestring",
      "minLength": 8
    },

    "coreSqlDatabaseName": {
      "type": "string",
      "minLength": 1,
      "defaultValue": "[concat(parameters('deploymentId'), '-core-db')]"
    },
    "securitySqlDatabaseName": {
      "type": "string",
      "minLength": 1,
      "defaultValue": "[concat(parameters('deploymentId'), '-core-db')]"
    },
    "masterSqlDatabaseName": {
      "type": "string",
      "minLength": 1,
      "defaultValue": "[concat(parameters('deploymentId'), '-master-db')]"
    },
    "webSqlDatabaseName": {
      "type": "string",
      "minLength": 1,
      "defaultValue": "[concat(parameters('deploymentId'), '-web-db')]"
    },
    "refDataSqlDatabaseName": {
      "type": "string",
      "minLength": 1,
      "defaultValue": "[concat(parameters('deploymentId'), '-refdata-db')]"
    },
    "formsSqlDatabaseName": {
      "type": "string",
      "minLength": 1,
      "defaultValue": "[concat(parameters('deploymentId'), '-forms-db')]"
    },
    "exmMasterSqlDatabaseName": {
      "type": "string",
      "minLength": 1,
      "defaultValue": "[concat(parameters('deploymentId'), '-exmmaster-db')]"
    },
    "messagingSqlDatabaseName": {
      "type": "string",
      "minLength": 1,
      "defaultValue": "[concat(parameters('deploymentId'), '-messaging-db')]"
    },
    "coreSqlDatabaseUserName": {
      "type": "string",
      "minLength": 1,
      "defaultValue": "coreuser"
    },
    "coreSqlDatabasePassword": {
      "type": "securestring",
      "minLength": 8,
      "defaultValue": "[concat(toUpper(uniqueString('core', parameters('passwordSalt'))), uniqueString('core', parameters('sqlServerPassword'), parameters('passwordSalt')), toUpper(uniqueString('core', parameters('sitecoreAdminPassword'), parameters('passwordSalt'))), '4@')]"
    },
    "securitySqlDatabaseUserName": {
      "type": "string",
      "minLength": 1,
      "defaultValue": "securityuser"
    },
    "securitySqlDatabasePassword": {
      "type": "securestring",
      "minLength": 8,
      "defaultValue": "[concat(toUpper(uniqueString('security', parameters('passwordSalt'))), uniqueString('security', parameters('sqlServerPassword'), parameters('passwordSalt')), toUpper(uniqueString('security', parameters('sitecoreAdminPassword'), parameters('passwordSalt'))), '4@')]"
    },
    "masterSqlDatabaseUserName": {
      "type": "string",
      "minLength": 1,
      "defaultValue": "masteruser"
    },
    "masterSqlDatabasePassword": {
      "type": "securestring",
      "minLength": 8,
      "defaultValue": "[concat(toUpper(uniqueString('master', parameters('passwordSalt'))), uniqueString('master', parameters('sqlServerPassword'), parameters('passwordSalt')), toUpper(uniqueString('master', parameters('sitecoreAdminPassword'), parameters('passwordSalt'))), '4@')]"
    },
    "webSqlDatabaseUserName": {
      "type": "string",
      "minLength": 1,
      "defaultValue": "webuser"
    },
    "webSqlDatabasePassword": {
      "type": "securestring",
      "minLength": 8,
      "defaultValue": "[concat(toUpper(uniqueString('web', parameters('passwordSalt'))), uniqueString('web', parameters('sqlServerPassword'), parameters('passwordSalt')), toUpper(uniqueString('web', parameters('sitecoreAdminPassword'), parameters('passwordSalt'))), '4@')]"
    },
    "formsSqlDatabaseUserName": {
      "type": "string",
      "minLength": 1,
      "defaultValue": "formsuser"
    },
    "formsSqlDatabasePassword": {
      "type": "securestring",
      "minLength": 8,
      "defaultValue": "[concat(toUpper(uniqueString('forms', parameters('passwordSalt'))), uniqueString('forms', parameters('sqlServerPassword'), parameters('passwordSalt')), toUpper(uniqueString('forms', parameters('sitecoreAdminPassword'), parameters('passwordSalt'))), '4@')]"
    },
    "exmMasterSqlDatabaseUserName": {
      "type": "string",
      "minLength": 1,
      "defaultValue": "exmmasteruser"
    },
    "exmMasterSqlDatabasePassword": {
      "type": "securestring",
      "minLength": 8,
      "defaultValue": "[concat(toUpper(uniqueString('exmmaster', parameters('passwordSalt'))), uniqueString('exmmaster', parameters('sqlServerPassword'), parameters('passwordSalt')), toUpper(uniqueString('exmmaster', parameters('sitecoreAdminPassword'), parameters('passwordSalt'))), '4@')]"
    },
    "xcRefDataSqlDatabaseUserName": {
      "type": "string",
      "minLength": 1,
      "defaultValue": "xcrefdatauser"
    },
    "xcRefDataSqlDatabasePassword": {
      "type": "securestring",
      "minLength": 8,
      "defaultValue": "[concat(toUpper(uniqueString('xcrefdata', parameters('passwordSalt'))), uniqueString('xcrefdata', parameters('sqlServerPassword'), parameters('passwordSalt')), toUpper(uniqueString('xcrefdata', parameters('sitecoreAdminPassword'), parameters('passwordSalt'))), '4@')]"
    },
    "messagingSqlDatabaseUserName": {
      "type": "string",
      "minLength": 1,
      "defaultValue": "messaginguser"
    },
    "messagingSqlDatabasePassword": {
      "type": "securestring",
      "minLength": 8,
      "defaultValue": "[concat(toUpper(uniqueString('messaging', parameters('passwordSalt'))), uniqueString('messaging', parameters('sqlServerPassword'), parameters('passwordSalt')), toUpper(uniqueString('messaging', parameters('sitecoreAdminPassword'), parameters('passwordSalt'))), '4@')]"
    },
    "searchServiceName": {
      "type": "string",
      "defaultValue": "[concat(parameters('deploymentId'), '-as')]"
    },

    "solrConnectionString": {
      "type": "securestring",
      "defaultValue": ""
    },

    "useApplicationInsights": {
      "type": "bool",
      "defaultValue": true
    },
    "applicationInsightsName": {
      "type": "string",
      "minLength": 1,
      "defaultValue": "[concat(parameters('deploymentId'), '-ai')]"
    },

    "cmWebAppName": {
      "type": "string",
      "minLength": 1,
      "defaultValue": "[concat(parameters('deploymentId'), '-cm')]"
    },
    "prcWebAppName": {
      "type": "string",
      "minLength": 1,
      "defaultValue": "[concat(parameters('deploymentId'), '-prc')]"
    },
    "repWebAppName": {
      "type": "string",
      "minLength": 1,
      "defaultValue": "[concat(parameters('deploymentId'), '-rep')]"
    },
    "xcSearchWebAppName": {
      "type": "string",
      "minLength": 1,
      "defaultValue": "[concat(parameters('deploymentId'), '-xc-search')]"
    },
    "maOpsWebAppName": {
      "type": "string",
      "minLength": 1,
      "defaultValue": "[concat(parameters('deploymentId'), '-ma-ops')]"
    },
    "maRepWebAppName": {
      "type": "string",
      "minLength": 1,
      "defaultValue": "[concat(parameters('deploymentId'), '-ma-rep')]"
    },
    "xcRefDataWebAppName": {
      "type": "string",
      "minLength": 1,
      "defaultValue": "[concat(parameters('deploymentId'), '-xc-refdata')]"
    },
    "exmDdsWebAppName": {
      "type": "string",
      "minLength": 1,
      "defaultValue": "[concat(parameters('deploymentId'), '-exm-dds')]"
    },

    "siWebAppHostName": {
      "type": "string",
      "minLength": 1,
      "defaultValue": "[parameters('infrastructure').siWebAppHostName]"
    },

    "authCertificateThumbprint": {
      "type": "string",
      "minLength": 8,
      "defaultValue": "[parameters('infrastructure').authCertificateThumbprint]"
    },

    "exmDdsMsDeployPackageUrl": {
      "type": "securestring",
      "minLength": 1
    },
    "exmCmMsDeployPackageUrl": {
      "type": "securestring",
      "minLength": 1
    },
    "bootloaderMsDeployPackageUrl": {
      "type": "securestring",
      "defaultValue": ""
    },

    "securityClientIp": {
      "type": "string",
      "minLength": 1,
      "defaultValue": "0.0.0.0"
    },
    "securityClientIpMask": {
      "type": "string",
      "minLength": 1,
      "defaultValue": "0.0.0.0"
    },

    "exmCryptographicKey": {
      "type": "securestring",
      "minLength": 64,
      "defaultValue": "[toUpper(replace(concat(guid(uniqueString('exmCryptographicKey', parameters('sitecoreAdminPassword'), parameters('passwordSalt'))), guid(uniqueString('exmCryptographicKey', parameters('sqlServerPassword'), parameters('passwordSalt')))), '-',''))]"
    },
    "exmAuthenticationKey": {
      "type": "securestring",
      "minLength": 64,
      "defaultValue": "[toUpper(replace(concat(guid(uniqueString('exmAuthenticationKey', parameters('sitecoreAdminPassword'), parameters('passwordSalt'))), guid(uniqueString('exmAuthenticationKey', parameters('sqlServerPassword'), parameters('passwordSalt')))), '-',''))]"
    },
    "exmInternalApiKey": {
      "type": "securestring",
      "minLength": 64,
      "defaultValue": "[toUpper(replace(concat(guid(uniqueString('exmInternalApiKey', parameters('sitecoreAdminPassword'), parameters('passwordSalt'))), guid(uniqueString('exmInternalApiKey', parameters('sqlServerPassword'), parameters('passwordSalt')))), '-',''))]"
    },

    "exmEdsProvider": {
      "type": "string",
      "allowedValues": [ "CustomSMTP", "EmailCloud" ],
      "defaultValue": "CustomSMTP"
    },

    "siClientSecret": {
      "type": "securestring",
      "minLength": 6,
      "defaultValue": "[toUpper(replace(guid(uniqueString('siClientSecret', parameters('sitecoreAdminPassword'), parameters('passwordSalt'))), '-',''))]"
    },
    "telerikEncryptionKey": {
      "type": "securestring",
      "minLength": 8,
      "defaultValue": "[concat(toUpper(uniqueString('telerik', parameters('passwordSalt'))), uniqueString('telerik', parameters('sqlServerPassword'), parameters('passwordSalt')), toUpper(uniqueString('telerik', parameters('sitecoreAdminPassword'), parameters('passwordSalt'))), '4@')]"
    },

    "allowInvalidClientCertificates": {
      "type": "bool",
      "defaultValue": false
    },

    "passwordSalt": {
      "type": "securestring",
      "minLength": 1,
      "defaultValue": "[resourceGroup().id]"
    },
    
    "environmentType": {
      "type": "string",
      "defaultValue": "Non-Production"
    }
  },
  "resources": [
    {
      "name": "[concat(variables('cmWebAppNameTidy'), '/', 'MSDeploy')]",
      "type": "Microsoft.Web/sites/extensions",
      "location": "[parameters('location')]",
      "apiVersion": "[variables('webApiVersion')]",
      "properties": {
        "addOnPackages": [
          {
            "packageUri": "[parameters('exmCmMsDeployPackageUrl')]",
            "setParameters": {
              "Application Path": "[variables('cmWebAppNameTidy')]",
              "EXM Cryptographic Key": "[parameters('exmCryptographicKey')]",
              "EXM Authentication Key": "[parameters('exmAuthenticationKey')]",
              "EXM Internal Api Key": "[parameters('exmInternalApiKey')]",
              "Dedicated Dispatch Service": "[variables('dedicatedDispatchService')]",
              "Dedicated Server Host Name": "[concat('https://', reference(concat('Microsoft.Web/sites/', variables('exmDdsWebAppNameTidy')), variables('webApiVersion')).defaultHostName)]"
            }
          },
          {
            "packageUri": "[parameters('bootloaderMsDeployPackageUrl')]",
            "setParameters": {
              "Application Path": "[variables('cmWebAppNameTidy')]"
            }
          }
        ]
      }
    },
    {
      "name": "[concat(variables('exmDdsWebAppNameTidy'), '/', 'MSDeploy')]",
      "type": "Microsoft.Web/sites/extensions",
      "location": "[parameters('location')]",
      "apiVersion": "[variables('webApiVersion')]",
      "properties": {
        "addOnPackages": [
          {
            "dbType": "SQL",
            "connectionString": "[concat('Data Source=tcp:', variables('sqlServerFqdnTidy'), ',1433;Initial Catalog=master;User Id=', parameters('sqlServerLogin'), ';Password=', parameters('sqlServerPassword'), ';')]",
            "packageUri": "[parameters('exmDdsMsDeployPackageUrl')]",
            "setParameters": {
              "Application Path": "[variables('exmDdsWebAppNameTidy')]",
              "Core Connection String": "[concat('Encrypt=True;TrustServerCertificate=False;Data Source=', variables('sqlServerFqdnTidy'), ',1433;Initial Catalog=',variables('coreSqlDatabaseNameTidy'),';User Id=', parameters('coreSqlDatabaseUserName'), ';Password=', parameters('coreSqlDatabasePassword'), ';')]",
              "Security Connection String": "[concat('Encrypt=True;TrustServerCertificate=False;Data Source=', variables('sqlServerFqdnTidy'), ',1433;Initial Catalog=',variables('securitySqlDatabaseNameTidy'),';User Id=', parameters('securitySqlDatabaseUserName'), ';Password=', parameters('securitySqlDatabasePassword'), ';')]",
              "Master Connection String": "[concat('Encrypt=True;TrustServerCertificate=False;Data Source=', variables('sqlServerFqdnTidy'), ',1433;Initial Catalog=',variables('masterSqlDatabaseNameTidy'),';User Id=', parameters('masterSqlDatabaseUserName'), ';Password=', parameters('masterSqlDatabasePassword'), ';')]",
              "Web Connection String": "[concat('Encrypt=True;TrustServerCertificate=False;Data Source=', variables('sqlServerFqdnTidy'), ',1433;Initial Catalog=',variables('webSqlDatabaseNameTidy'),';User Id=', parameters('webSqlDatabaseUserName'), ';Password=', parameters('webSqlDatabasePassword'), ';')]",
              "EXM Master Connection String": "[concat('Encrypt=True;TrustServerCertificate=False;Data Source=', variables('sqlServerFqdnTidy'), ',1433;Initial Catalog=',variables('exmMasterSqlDatabaseNameTidy'),';User Id=', parameters('exmMasterSqlDatabaseUserName'), ';Password=', parameters('exmMasterSqlDatabasePassword'), ';')]",
              "XDB Reference Data Connection String": "[concat('Encrypt=True;TrustServerCertificate=False;Data Source=', variables('sqlServerFqdnTidy'), ',1433;Initial Catalog=',variables('refDataSqlDatabaseNameTidy'),';User Id=', parameters('xcRefDataSqlDatabaseUserName'), ';Password=', parameters('xcRefDataSqlDatabasePassword'), ';')]",
              "Experience Forms Connection String": "[concat('Encrypt=True;TrustServerCertificate=False;Data Source=', variables('sqlServerFqdnTidy'), ',1433;Initial Catalog=',variables('formsSqlDatabaseNameTidy'),';User Id=', parameters('formsSqlDatabaseUserName'), ';Password=', parameters('formsSqlDatabasePassword'), ';')]",
              "Processing Service Url": "[concat('https://', reference(resourceId(subscription().subscriptionId, resourceGroup().name, 'Microsoft.Web/sites', variables('prcWebAppNameTidy')), variables('webApiVersion')).hostNames[0])]",
              "Reporting Service Url": "[concat('https://', reference(resourceId(subscription().subscriptionId, resourceGroup().name, 'Microsoft.Web/sites', variables('repWebAppNameTidy')), variables('webApiVersion')).hostNames[0])]",
              "Reporting Service Api Key": "[parameters('repAuthenticationApiKey')]",
              "XConnect Collection": "[concat('https://', reference(resourceId(subscription().subscriptionId, resourceGroup().name, 'Microsoft.Web/sites', variables('xcSearchWebAppNameTidy')), variables('webApiVersion')).hostNames[0])]",
              "XDB Reference Data Client": "[concat('https://', reference(resourceId(subscription().subscriptionId, resourceGroup().name, 'Microsoft.Web/sites', variables('xcRefDataWebAppNameTidy')), variables('webApiVersion')).hostNames[0])]",
              "XDB MA Reporting Client": "[concat('https://', reference(resourceId(subscription().subscriptionId, resourceGroup().name, 'Microsoft.Web/sites', variables('maRepWebAppNameTidy')), variables('webApiVersion')).hostNames[0])]",
              "XDB MA Ops Client": "[concat('https://', reference(resourceId(subscription().subscriptionId, resourceGroup().name, 'Microsoft.Web/sites', variables('maOpsWebAppNameTidy')), variables('webApiVersion')).hostNames[0])]",
              "Search Provider": "[variables('searchProvider')]",
              "Cloud Search Connection String": "[if(equals(variables('searchProvider'), 'Azure'), concat('serviceUrl=https://', variables('searchServiceNameTidy'), '.search.windows.net;apiVersion=', variables('searchRestApiVersion'), ';apiKey=', listAdminKeys(resourceId('Microsoft.Search/searchServices', variables('searchServiceNameTidy')), variables('searchApiVersion')).primaryKey), '')]",
              "SOLR Connection String": "[parameters('solrConnectionString')]",
              "Messaging Connection String": "[concat('Encrypt=True;TrustServerCertificate=False;Data Source=', variables('sqlServerFqdnTidy'), ',1433;Initial Catalog=',variables('messagingSqlDatabaseNameTidy'),';User Id=', parameters('messagingSqlDatabaseUserName'), ';Password=', parameters('messagingSqlDatabasePassword'), ';')]",
              "Application Insights Instrumentation Key": "[if(parameters('useApplicationInsights'), reference(resourceId('Microsoft.Insights/Components', variables('appInsightsNameTidy')), variables('appInsightsApiVersion')).InstrumentationKey, '')]",
              "Application Insights Role": "[if(parameters('useApplicationInsights'), 'DDS', '')]",
              "IP Security Client IP": "[parameters('securityClientIp')]",
              "IP Security Client IP Mask": "[parameters('securityClientIpMask')]",
              "Sitecore Identity Authority": "[concat('https://', parameters('siWebAppHostName'))]",
              "Sitecore Identity Secret": "[parameters('siClientSecret')]",
              "Telerik Encryption Key": "[parameters('telerikEncryptionKey')]",
              "XConnect Collection Certificate": "[concat('StoreName=My;StoreLocation=CurrentUser;FindType=FindByThumbprint;FindValue=', parameters('authCertificateThumbprint'))]",
              "XDB Reference Data Client Certificate": "[concat('StoreName=My;StoreLocation=CurrentUser;FindType=FindByThumbprint;FindValue=', parameters('authCertificateThumbprint'))]",
              "XDB MA Reporting Client Certificate": "[concat('StoreName=My;StoreLocation=CurrentUser;FindType=FindByThumbprint;FindValue=', parameters('authCertificateThumbprint'))]",
              "XDB MA Ops Client Certificate": "[concat('StoreName=My;StoreLocation=CurrentUser;FindType=FindByThumbprint;FindValue=', parameters('authCertificateThumbprint'))]",
              "Allow Invalid Client Certificates": "[parameters('allowInvalidClientCertificates')]",
              "EXM Cryptographic Key": "[parameters('exmCryptographicKey')]",
              "EXM Authentication Key": "[parameters('exmAuthenticationKey')]",
              "EXM Internal Api Key": "[parameters('exmInternalApiKey')]",
              "License Xml": "[parameters('licenseXml')]",
              "EXM EDS Provider": "[parameters('exmEdsProvider')]"
            }
          }
        ]
      }
    },
    {
      "name": "[concat(variables('exmDdsWebAppNameTidy'), '/', 'appsettings')]",
      "type": "Microsoft.Web/sites/config",
      "apiVersion": "[variables('webApiVersion')]",
      "properties": {
        "WEBSITE_LOAD_CERTIFICATES": "[parameters('authCertificateThumbprint')]",
        "WEBSITE_DYNAMIC_CACHE": 0,
        "SITECORE_ENVIRONMENT_TYPE": "[parameters('environmentType')]"
      },
      "dependsOn": [
        "[resourceId('Microsoft.Web/sites/extensions', variables('exmDdsWebAppNameTidy'),'MSDeploy')]"
      ]
    }
  ]
}
