﻿{
  "$schema": "http://schema.management.azure.com/schemas/2015-01-01/deploymentTemplate.json#",
  "contentVersion": "1.0.0.0",
  "variables": {
    "webApiVersion": "2016-08-01",
    "searchApiVersion": "2015-08-19",
    "searchPreviewApiVersion": "2015-02-28-preview",
    "redisApiVersion": "2016-04-01",
    "appInsightsApiVersion": "2015-05-01",
    "sqlServerFqdnTidy": "[trim(toLower(parameters('sqlServerFqdn')))]",
    "coreSqlDatabaseNameTidy": "[toLower(trim(parameters('coreSqlDatabaseName')))]",
    "webSqlDatabaseNameTidy": "[toLower(trim(parameters('webSqlDatabaseName')))]",
    "masterSqlDatabaseNameTidy": "[toLower(trim(parameters('masterSqlDatabaseName')))]",
    "reportingSqlDatabaseNameTidy": "[toLower(trim(parameters('reportingSqlDatabaseName')))]",
    "poolsSqlDatabaseNameTidy": "[toLower(trim(parameters('poolsSqlDatabaseName')))]",
    "tasksSqlDatabaseNameTidy": "[toLower(trim(parameters('tasksSqlDatabaseName')))]",
    "refDataSqlDatabaseNameTidy": "[toLower(trim(parameters('refDataSqlDatabaseName')))]",
    "formsSqlDatabaseNameTidy": "[toLower(trim(parameters('formsSqlDatabaseName')))]",
    "exmMasterSqlDatabaseNameTidy": "[toLower(trim(parameters('exmMasterSqlDatabaseName')))]",
    "messagingSqlDatabaseNameTidy": "[toLower(trim(parameters('messagingSqlDatabaseName')))]",
    "cmWebAppNameTidy": "[toLower(trim(parameters('cmWebAppName')))]",
    "cdWebAppNameTidy": "[toLower(trim(parameters('cdWebAppName')))]",
    "prcWebAppNameTidy": "[toLower(trim(parameters('prcWebAppName')))]",
    "repWebAppNameTidy": "[toLower(trim(parameters('repWebAppName')))]",
    "xcCollectWebAppNameTidy": "[toLower(trim(parameters('xcCollectWebAppName')))]",
    "xcSearchWebAppNameTidy": "[toLower(trim(parameters('xcSearchWebAppName')))]",
    "maOpsWebAppNameTidy": "[toLower(trim(parameters('maOpsWebAppName')))]",
    "maRepWebAppNameTidy": "[toLower(trim(parameters('maRepWebAppName')))]",
    "xcRefDataWebAppNameTidy": "[toLower(trim(parameters('xcRefDataWebAppName')))]",
    "appInsightsNameTidy": "[toLower(trim(parameters('applicationInsightsName')))]",
    "searchProvider": "[if(empty(parameters('solrConnectionString')), 'Azure', 'Solr')]",
    "searchServiceNameTidy": "[toLower(trim(parameters('searchServiceName')))]",
    "redisCacheNameTidy": "[toLower(trim(parameters('redisCacheName')))]"
  },
  "parameters": {
    "infrastructure": {
      "type": "secureObject",
      "defaultValue": {
        "sqlServerFqdn": null,
        "authCertificateThumbprint": null
      }
    },
    "deploymentId": {
      "type": "string",
      "defaultValue": "[resourceGroup().name]"
    },
    "location": {
      "type": "string",
      "minLength": 1,
      "defaultValue": "[resourceGroup().location]"
    },
    "sitecoreAdminPassword": {
      "type": "securestring",
      "minLength": 8
    },
    "licenseXml": {
      "type": "securestring",
      "minLength": 1
    },
    "repAuthenticationApiKey": {
      "type": "securestring",
      "minLength": 32
    },
    "sqlServerFqdn": {
      "type": "string",
      "minLength": 1,
      "defaultValue": "[parameters('infrastructure').sqlServerFqdn]"
    },
    "sqlServerLogin": {
      "type": "string",
      "minLength": 1
    },
    "sqlServerPassword": {
      "type": "securestring",
      "minLength": 8
    },
    "coreSqlDatabaseName": {
      "type": "string",
      "minLength": 1,
      "defaultValue": "[concat(parameters('deploymentId'), '-core-db')]"
    },
    "masterSqlDatabaseName": {
      "type": "string",
      "minLength": 1,
      "defaultValue": "[concat(parameters('deploymentId'), '-master-db')]"
    },
    "webSqlDatabaseName": {
      "type": "string",
      "minLength": 1,
      "defaultValue": "[concat(parameters('deploymentId'), '-web-db')]"
    },
    "reportingSqlDatabaseName": {
      "type": "string",
      "minLength": 1,
      "defaultValue": "[concat(parameters('deploymentId'), '-reporting-db')]"
    },
    "poolsSqlDatabaseName": {
      "type": "string",
      "minLength": 1,
      "defaultValue": "[concat(parameters('deploymentId'), '-pools-db')]"
    },
    "tasksSqlDatabaseName": {
      "type": "string",
      "minLength": 1,
      "defaultValue": "[concat(parameters('deploymentId'), '-tasks-db')]"
    },
    "refDataSqlDatabaseName": {
      "type": "string",
      "minLength": 1,
      "defaultValue": "[concat(parameters('deploymentId'), '-refdata-db')]"
    },
    "formsSqlDatabaseName": {
      "type": "string",
      "minLength": 1,
      "defaultValue": "[concat(parameters('deploymentId'), '-forms-db')]"
    },
    "exmMasterSqlDatabaseName": {
      "type": "string",
      "minLength": 1,
      "defaultValue": "[concat(parameters('deploymentId'), '-exmmaster-db')]"
    },
    "messagingSqlDatabaseName": {
      "type": "string",
      "minLength": 1,
      "defaultValue": "[concat(parameters('deploymentId'), '-messaging-db')]"
    },
    "coreSqlDatabaseUserName": {
      "type": "string",
      "minLength": 1,
      "defaultValue": "coreuser"
    },
    "coreSqlDatabasePassword": {
      "type": "securestring",
      "minLength": 8,
      "defaultValue": "[concat(toUpper(uniqueString('core', parameters('passwordSalt'))), uniqueString('core', parameters('sqlServerPassword'), parameters('passwordSalt')), toUpper(uniqueString('core', parameters('sitecoreAdminPassword'), parameters('passwordSalt'))), '4@')]"
    },
    "masterSqlDatabaseUserName": {
      "type": "string",
      "minLength": 1,
      "defaultValue": "masteruser"
    },
    "masterSqlDatabasePassword": {
      "type": "securestring",
      "minLength": 8,
      "defaultValue": "[concat(toUpper(uniqueString('master', parameters('passwordSalt'))), uniqueString('master', parameters('sqlServerPassword'), parameters('passwordSalt')), toUpper(uniqueString('master', parameters('sitecoreAdminPassword'), parameters('passwordSalt'))), '4@')]"
    },
    "webSqlDatabaseUserName": {
      "type": "string",
      "minLength": 1,
      "defaultValue": "webuser"
    },
    "webSqlDatabasePassword": {
      "type": "securestring",
      "minLength": 8,
      "defaultValue": "[concat(toUpper(uniqueString('web', parameters('passwordSalt'))), uniqueString('web', parameters('sqlServerPassword'), parameters('passwordSalt')), toUpper(uniqueString('web', parameters('sitecoreAdminPassword'), parameters('passwordSalt'))), '4@')]"
    },
    "formsSqlDatabaseUserName": {
      "type": "string",
      "minLength": 1,
      "defaultValue": "formsuser"
    },
    "formsSqlDatabasePassword": {
      "type": "securestring",
      "minLength": 8,
      "defaultValue": "[concat(toUpper(uniqueString('forms', parameters('passwordSalt'))), uniqueString('forms', parameters('sqlServerPassword'), parameters('passwordSalt')), toUpper(uniqueString('forms', parameters('sitecoreAdminPassword'), parameters('passwordSalt'))), '4@')]"
    },
    "exmMasterSqlDatabaseUserName": {
      "type": "string",
      "minLength": 1,
      "defaultValue": "exmmasteruser"
    },
    "exmMasterSqlDatabasePassword": {
      "type": "securestring",
      "minLength": 8,
      "defaultValue": "[concat(toUpper(uniqueString('exmmaster', parameters('passwordSalt'))), uniqueString('exmmaster', parameters('sqlServerPassword'), parameters('passwordSalt')), toUpper(uniqueString('exmmaster', parameters('sitecoreAdminPassword'), parameters('passwordSalt'))), '4@')]"
    },
    "reportingSqlDatabaseUserName": {
      "type": "string",
      "minLength": 1,
      "defaultValue": "reportinguser"
    },
    "reportingSqlDatabasePassword": {
      "type": "securestring",
      "minLength": 8,
      "defaultValue": "[concat(toUpper(uniqueString('reporting', parameters('passwordSalt'))), uniqueString('reporting', parameters('sqlServerPassword'), parameters('passwordSalt')), toUpper(uniqueString('reporting', parameters('sitecoreAdminPassword'), parameters('passwordSalt'))), '4@')]"
    },
    "poolsSqlDatabaseUserName": {
      "type": "string",
      "minLength": 1,
      "defaultValue": "poolsuser"
    },
    "poolsSqlDatabasePassword": {
      "type": "securestring",
      "minLength": 8,
      "defaultValue": "[concat(toUpper(uniqueString('pools', parameters('passwordSalt'))), uniqueString('pools', parameters('sqlServerPassword'), parameters('passwordSalt')), toUpper(uniqueString('pools', parameters('sitecoreAdminPassword'), parameters('passwordSalt'))), '4@')]"
    },
    "tasksSqlDatabaseUserName": {
      "type": "string",
      "minLength": 1,
      "defaultValue": "tasksuser"
    },
    "tasksSqlDatabasePassword": {
      "type": "securestring",
      "minLength": 8,
      "defaultValue": "[concat(toUpper(uniqueString('tasks', parameters('passwordSalt'))), uniqueString('tasks', parameters('sqlServerPassword'), parameters('passwordSalt')), toUpper(uniqueString('tasks', parameters('sitecoreAdminPassword'), parameters('passwordSalt'))), '4@')]"
    },
    "xcRefDataSqlDatabaseUserName": {
      "type": "string",
      "minLength": 1,
      "defaultValue": "xcrefdatauser"
    },
    "xcRefDataSqlDatabasePassword": {
      "type": "securestring",
      "minLength": 8,
      "defaultValue": "[concat(toUpper(uniqueString('xcrefdata', parameters('passwordSalt'))), uniqueString('xcrefdata', parameters('sqlServerPassword'), parameters('passwordSalt')), toUpper(uniqueString('xcrefdata', parameters('sitecoreAdminPassword'), parameters('passwordSalt'))), '4@')]"
    },
    "messagingSqlDatabaseUserName": {
      "type": "string",
      "minLength": 1,
      "defaultValue": "messaginguser"
    },
    "messagingSqlDatabasePassword": {
      "type": "securestring",
      "minLength": 8,
      "defaultValue": "[concat(toUpper(uniqueString('messaging', parameters('passwordSalt'))), uniqueString('messaging', parameters('sqlServerPassword'), parameters('passwordSalt')), toUpper(uniqueString('messaging', parameters('sitecoreAdminPassword'), parameters('passwordSalt'))), '4@')]"
    },
    "searchServiceName": {
      "type": "string",
      "minLength": 1,
      "defaultValue": "[concat(parameters('deploymentId'), '-as')]"
    },
    "redisCacheName": {
      "type": "string",
      "minLength": 1,
      "defaultValue": "[concat(parameters('deploymentId'), '-redis')]"
    },
    "applicationInsightsName": {
      "type": "string",
      "minLength": 1,
      "defaultValue": "[concat(parameters('deploymentId'), '-ai')]"
    },
    "solrConnectionString": {
      "type": "securestring",
      "defaultValue": ""
    },
    "cmWebAppName": {
      "type": "string",
      "minLength": 1,
      "defaultValue": "[concat(parameters('deploymentId'), '-cm')]"
    },
    "cdWebAppName": {
      "type": "string",
      "minLength": 1,
      "defaultValue": "[concat(parameters('deploymentId'), '-cd')]"
    },
    "prcWebAppName": {
      "type": "string",
      "minLength": 1,
      "defaultValue": "[concat(parameters('deploymentId'), '-prc')]"
    },
    "repWebAppName": {
      "type": "string",
      "minLength": 1,
      "defaultValue": "[concat(parameters('deploymentId'), '-rep')]"
    },
    "xcCollectWebAppName": {
      "type": "string",
      "minLength": 1,
      "defaultValue": "[concat(parameters('deploymentId'), '-xc-collect')]"
    },
    "xcSearchWebAppName": {
      "type": "string",
      "minLength": 1,
      "defaultValue": "[concat(parameters('deploymentId'), '-xc-search')]"
    },
    "maOpsWebAppName": {
      "type": "string",
      "minLength": 1,
      "defaultValue": "[concat(parameters('deploymentId'), '-ma-ops')]"
    },
    "maRepWebAppName": {
      "type": "string",
      "minLength": 1,
      "defaultValue": "[concat(parameters('deploymentId'), '-ma-rep')]"
    },
    "xcRefDataWebAppName": {
      "type": "string",
      "minLength": 1,
      "defaultValue": "[concat(parameters('deploymentId'), '-xc-refdata')]"
    },
    "authCertificateThumbprint": {
      "type": "string",
      "minLength": 8,
      "defaultValue": "[parameters('infrastructure').authCertificateThumbprint]"
    },
    "cmMsDeployPackageUrl": {
      "type": "securestring",
      "minLength": 1
    },
    "cdMsDeployPackageUrl": {
      "type": "securestring",
      "minLength": 1
    },
    "prcMsDeployPackageUrl": {
      "type": "securestring",
      "minLength": 1
    },
    "repMsDeployPackageUrl": {
      "type": "securestring",
      "minLength": 1
    },
    "powerShellExtensionsMsDeployPackageUrl": {
      "type": "securestring",
      "minLength": 1
    },
    "cmPsModuleMsDeployPackageUrl": {
      "type": "securestring",
      "minLength": 1
    },
    "cdPsModuleMsDeployPackageUrl": {
      "type": "securestring",
      "minLength": 1
    },
    "disablePrefetchCachingMsDeployPackageUrl": {
      "type": "securestring",
      "minLength": 1,
      "defaultValue": " "
    },
    "securityClientIp": {
      "type": "string",
      "minLength": 1,
      "defaultValue": "0.0.0.0"
    },
    "securityClientIpMask": {
      "type": "string",
      "minLength": 1,
      "defaultValue": "0.0.0.0"
    },
    "exmCryptographicKey": {
      "type": "securestring",
      "minLength": 64,
      "defaultValue": "[toUpper(replace(concat(guid(uniqueString('exmCryptographicKey', parameters('sitecoreAdminPassword'), parameters('passwordSalt'))), guid(uniqueString('exmCryptographicKey', parameters('sqlServerPassword'), parameters('passwordSalt')))), '-',''))]"
    },
    "exmAuthenticationKey": {
      "type": "securestring",
      "minLength": 64,
      "defaultValue": "[toUpper(replace(concat(guid(uniqueString('exmAuthenticationKey', parameters('sitecoreAdminPassword'), parameters('passwordSalt'))), guid(uniqueString('exmAuthenticationKey', parameters('sqlServerPassword'), parameters('passwordSalt')))), '-',''))]"
    },
    "exmEdsProvider": {
      "type": "string",
      "allowedValues": [
        "CustomSMTP",
        "EmailCloud"
      ],
      "defaultValue": "CustomSMTP"
    },
    "telerikEncryptionKey": {
      "type": "securestring",
      "minLength": 8,
      "defaultValue": "[concat(toUpper(uniqueString('telerik', parameters('passwordSalt'))), uniqueString('telerik', parameters('sqlServerPassword'), parameters('passwordSalt')), toUpper(uniqueString('telerik', parameters('sitecoreAdminPassword'), parameters('passwordSalt'))), '4@')]"
    },
    "allowInvalidClientCertificates": {
      "type": "bool",
      "defaultValue": false
    },
    "passwordSalt": {
      "type": "securestring",
      "minLength": 1,
      "defaultValue": "[resourceGroup().id]"
    },
    "StorageConnectionString": {
      "type": "string"
    }
  },
  "resources": [
    {
      "type": "Microsoft.Web/sites",
      "name": "[variables('cmWebAppNameTidy')]",
      "apiVersion": "[variables('webApiVersion')]",
      "properties": {},
      "location": "[parameters('location')]",
      "resources": [
        {
          "type": "slots",
          "name": "staging",
          "apiVersion": "[variables('webApiVersion')]",
          "properties": {},
          "location": "[parameters('location')]",
          "dependsOn": [
            "[resourceId('Microsoft.Web/sites', variables('cmWebAppNameTidy'))]"
          ],
          "resources": [
            {
              "name": "MSDeploy",
              "type": "extensions",
              "location": "[parameters('location')]",
              "apiVersion": "[variables('webApiVersion')]",
              "dependsOn": [
                "[resourceId('Microsoft.Web/sites/slots', variables('cmWebAppNameTidy'), 'staging')]",
              ],
              "properties": {
                "packageUri": "[parameters('cmMsDeployPackageUrl')]",
                "dbType": "SQL",
                "connectionString": "[concat('Data Source=tcp:', variables('sqlServerFqdnTidy'), ',1433;Initial Catalog=master;User Id=', parameters('sqlServerLogin'), ';Password=', parameters('sqlServerPassword'), ';')]",
                "setParameters": {
                  "Application Path": "[variables('cmWebAppNameTidy')]",
                  "Sitecore Admin New Password": "[parameters('sitecoreAdminPassword')]",
                  "Core DB User Name": "[parameters('coreSqlDatabaseUserName')]",
                  "Core DB Password": "[parameters('coreSqlDatabasePassword')]",
                  "Core Admin Connection String": "[concat('Encrypt=True;TrustServerCertificate=False;Data Source=', variables('sqlServerFqdnTidy'), ',1433;Initial Catalog=',variables('coreSqlDatabaseNameTidy'),';User Id=', parameters('sqlServerLogin'), ';Password=', parameters('sqlServerPassword'), ';')]",
                  "Core Connection String": "[concat('Encrypt=True;TrustServerCertificate=False;Data Source=', variables('sqlServerFqdnTidy'), ',1433;Initial Catalog=',variables('coreSqlDatabaseNameTidy'),';User Id=', parameters('coreSqlDatabaseUserName'), ';Password=', parameters('coreSqlDatabasePassword'), ';')]",
                  "Master DB User Name": "[parameters('masterSqlDatabaseUserName')]",
                  "Master DB Password": "[parameters('masterSqlDatabasePassword')]",
                  "Master Admin Connection String": "[concat('Encrypt=True;TrustServerCertificate=False;Data Source=', variables('sqlServerFqdnTidy'), ',1433;Initial Catalog=',variables('masterSqlDatabaseNameTidy'),';User Id=', parameters('sqlServerLogin'), ';Password=', parameters('sqlServerPassword'), ';')]",
                  "Master Connection String": "[concat('Encrypt=True;TrustServerCertificate=False;Data Source=', variables('sqlServerFqdnTidy'), ',1433;Initial Catalog=',variables('masterSqlDatabaseNameTidy'),';User Id=', parameters('masterSqlDatabaseUserName'), ';Password=', parameters('masterSqlDatabasePassword'), ';')]",
                  "Web DB User Name": "[parameters('webSqlDatabaseUserName')]",
                  "Web DB Password": "[parameters('webSqlDatabasePassword')]",
                  "Web Admin Connection String": "[concat('Encrypt=True;TrustServerCertificate=False;Data Source=', variables('sqlServerFqdnTidy'), ',1433;Initial Catalog=',variables('webSqlDatabaseNameTidy'),';User Id=', parameters('sqlServerLogin'), ';Password=', parameters('sqlServerPassword'), ';')]",
                  "Web Connection String": "[concat('Encrypt=True;TrustServerCertificate=False;Data Source=', variables('sqlServerFqdnTidy'), ',1433;Initial Catalog=',variables('webSqlDatabaseNameTidy'),';User Id=', parameters('webSqlDatabaseUserName'), ';Password=', parameters('webSqlDatabasePassword'), ';')]",
                  "XDB Reference Data Connection String": "[concat('Encrypt=True;TrustServerCertificate=False;Data Source=', variables('sqlServerFqdnTidy'), ',1433;Initial Catalog=',variables('refDataSqlDatabaseNameTidy'),';User Id=', parameters('xcRefDataSqlDatabaseUserName'), ';Password=', parameters('xcRefDataSqlDatabasePassword'), ';')]",
                  "Reporting DB User Name": "[parameters('reportingSqlDatabaseUserName')]",
                  "Reporting DB Password": "[parameters('reportingSqlDatabasePassword')]",
                  "Reporting Admin Connection String": "[concat('Encrypt=True;TrustServerCertificate=False;Data Source=', variables('sqlServerFqdnTidy'), ',1433;Initial Catalog=',variables('reportingSqlDatabaseNameTidy'),';User Id=', parameters('sqlServerLogin'), ';Password=', parameters('sqlServerPassword'), ';')]",
                  "Experience Forms DB User Name": "[parameters('formsSqlDatabaseUserName')]",
                  "Experience Forms DB Password": "[parameters('formsSqlDatabasePassword')]",
                  "Experience Forms Admin Connection String": "[concat('Encrypt=True;TrustServerCertificate=False;Data Source=', variables('sqlServerFqdnTidy'), ',1433;Initial Catalog=',variables('formsSqlDatabaseNameTidy'),';User Id=', parameters('sqlServerLogin'), ';Password=', parameters('sqlServerPassword'), ';')]",
                  "Experience Forms Connection String": "[concat('Encrypt=True;TrustServerCertificate=False;Data Source=', variables('sqlServerFqdnTidy'), ',1433;Initial Catalog=',variables('formsSqlDatabaseNameTidy'),';User Id=', parameters('formsSqlDatabaseUserName'), ';Password=', parameters('formsSqlDatabasePassword'), ';')]",
                  "EXM Master DB User Name": "[parameters('exmMasterSqlDatabaseUserName')]",
                  "EXM Master DB Password": "[parameters('exmMasterSqlDatabasePassword')]",
                  "EXM Master Admin Connection String": "[concat('Encrypt=True;TrustServerCertificate=False;Data Source=', variables('sqlServerFqdnTidy'), ',1433;Initial Catalog=',variables('exmMasterSqlDatabaseNameTidy'),';User Id=', parameters('sqlServerLogin'), ';Password=', parameters('sqlServerPassword'), ';')]",
                  "EXM Master Connection String": "[concat('Encrypt=True;TrustServerCertificate=False;Data Source=', variables('sqlServerFqdnTidy'), ',1433;Initial Catalog=',variables('exmMasterSqlDatabaseNameTidy'),';User Id=', parameters('exmMasterSqlDatabaseUserName'), ';Password=', parameters('exmMasterSqlDatabasePassword'), ';')]",
                  "Processing Service Url": "[concat('https://', reference(resourceId(subscription().subscriptionId, resourceGroup().name, 'Microsoft.Web/sites', variables('prcWebAppNameTidy')), variables('webApiVersion')).hostNames[0])]",
                  "Reporting Service Url": "[concat('https://', reference(resourceId(subscription().subscriptionId, resourceGroup().name, 'Microsoft.Web/sites', variables('repWebAppNameTidy')), variables('webApiVersion')).hostNames[0])]",
                  "Reporting Service Api Key": "[parameters('repAuthenticationApiKey')]",
                  "XConnect Collection": "[concat('https://', reference(resourceId(subscription().subscriptionId, resourceGroup().name, 'Microsoft.Web/sites', variables('xcSearchWebAppNameTidy')), variables('webApiVersion')).hostNames[0])]",
                  "XDB Reference Data Client": "[concat('https://', reference(resourceId(subscription().subscriptionId, resourceGroup().name, 'Microsoft.Web/sites', variables('xcRefDataWebAppNameTidy')), variables('webApiVersion')).hostNames[0])]",
                  "XDB MA Reporting Client": "[concat('https://', reference(resourceId(subscription().subscriptionId, resourceGroup().name, 'Microsoft.Web/sites', variables('maRepWebAppNameTidy')), variables('webApiVersion')).hostNames[0])]",
                  "XDB MA Ops Client": "[concat('https://', reference(resourceId(subscription().subscriptionId, resourceGroup().name, 'Microsoft.Web/sites', variables('maOpsWebAppNameTidy')), variables('webApiVersion')).hostNames[0])]",
                  "Search Provider": "[variables('searchProvider')]",
                  "Cloud Search Connection String": "[if(equals(variables('searchProvider'), 'Azure'), concat('serviceUrl=https://', variables('searchServiceNameTidy'), '.search.windows.net;apiVersion=', variables('searchPreviewApiVersion'), ';apiKey=', listAdminKeys(resourceId('Microsoft.Search/searchServices', variables('searchServiceNameTidy')), variables('searchApiVersion')).primaryKey), '')]",
                  "SOLR Connection String": "[parameters('solrConnectionString')]",
                  "Messaging Connection String": "[concat('Encrypt=True;TrustServerCertificate=False;Data Source=', variables('sqlServerFqdnTidy'), ',1433;Initial Catalog=',variables('messagingSqlDatabaseNameTidy'),';User Id=', parameters('messagingSqlDatabaseUserName'), ';Password=', parameters('messagingSqlDatabasePassword'), ';')]",
                  "Application Insights Instrumentation Key": "[reference(resourceId('Microsoft.Insights/Components', variables('appInsightsNameTidy')), variables('appInsightsApiVersion')).InstrumentationKey]",
                  "Application Insights Role": "CM",
                  "IP Security Client IP": "[parameters('securityClientIp')]",
                  "IP Security Client IP Mask": "[parameters('securityClientIpMask')]",
                  "EXM Cryptographic Key": "[parameters('exmCryptographicKey')]",
                  "EXM Authentication Key": "[parameters('exmAuthenticationKey')]",
                  "Telerik Encryption Key": "[parameters('telerikEncryptionKey')]",
                  "EXM EDS Provider": "[parameters('exmEdsProvider')]",
                  "XConnect Collection Certificate": "[concat('StoreName=My;StoreLocation=CurrentUser;FindType=FindByThumbprint;FindValue=', parameters('authCertificateThumbprint'))]",
                  "XDB Reference Data Client Certificate": "[concat('StoreName=My;StoreLocation=CurrentUser;FindType=FindByThumbprint;FindValue=', parameters('authCertificateThumbprint'))]",
                  "XDB MA Reporting Client Certificate": "[concat('StoreName=My;StoreLocation=CurrentUser;FindType=FindByThumbprint;FindValue=', parameters('authCertificateThumbprint'))]",
                  "XDB MA Ops Client Certificate": "[concat('StoreName=My;StoreLocation=CurrentUser;FindType=FindByThumbprint;FindValue=', parameters('authCertificateThumbprint'))]",
                  "Allow Invalid Client Certificates": "[parameters('allowInvalidClientCertificates')]",
                  "License Xml": "[parameters('licenseXml')]"
                },
                "addOnPackages": [
                  {
                    "packageUri": "[parameters('powerShellExtensionsMsDeployPackageUrl')]",
                    "AppOffline": true,
                    "setParameters": {
                      "Application Path": "[variables('cmWebAppNameTidy')]",
                      "Core Admin Connection String": "[concat('Encrypt=True;TrustServerCertificate=False;Data Source=', variables('sqlServerFqdnTidy'), ',1433;Initial Catalog=',variables('coreSqlDatabaseNameTidy'),';User Id=', parameters('sqlServerLogin'), ';Password=', parameters('sqlServerPassword'), ';')]",
                      "Master Admin Connection String": "[concat('Encrypt=True;TrustServerCertificate=False;Data Source=', variables('sqlServerFqdnTidy'), ',1433;Initial Catalog=',variables('masterSqlDatabaseNameTidy'),';User Id=', parameters('sqlServerLogin'), ';Password=', parameters('sqlServerPassword'), ';')]"
                    }
                  },
                  {
                    "packageUri": "[parameters('cmPsModuleMsDeployPackageUrl')]",     
                    "AppOffline": true,
                    "setParameters": {
                      "Application Path": "[variables('cmWebAppNameTidy')]",
                      "Core Admin Connection String": "[concat('Encrypt=True;TrustServerCertificate=False;Data Source=', variables('sqlServerFqdnTidy'), ',1433;Initial Catalog=',variables('coreSqlDatabaseNameTidy'),';User Id=', parameters('sqlServerLogin'), ';Password=', parameters('sqlServerPassword'), ';')]",
                      "Publishing Service URL": "https://uks-sc9-ao-prd-ps.azurewebsites.net"
                    }                           
                  }
                ]
              }
            },
            {
              "name": "appsettings",
              "type": "config",
              "apiVersion": "[variables('webApiVersion')]",
              "properties": {
                "WEBSITE_LOAD_CERTIFICATES": "[parameters('authCertificateThumbprint')]",
                "WEBSITE_DYNAMIC_CACHE": 0,
                "StorageConnectionString": "[parameters('StorageConnectionString')]",
                "WEBSITES_CONTAINER_START_TIME_LIMIT": 520,
                "localenv:define" : "Prod"
              },
              "dependsOn": [
                "[resourceId('Microsoft.Web/sites/slots', variables('cmWebAppNameTidy'), 'staging')]",
                "[concat('Microsoft.Web/sites/', variables('cmWebAppNameTidy'), '/slots/staging/Extensions/MSDeploy')]"
              ]
            }      
          ]
        }
      ]
    },
    {
      "type": "Microsoft.Web/sites",
      "name": "[variables('cdWebAppNameTidy')]",
      "apiVersion": "[variables('webApiVersion')]",
      "properties": {},
      "location": "[parameters('location')]",
      "resources": [
        {
          "type": "slots",
          "name": "staging",
          "apiVersion": "[variables('webApiVersion')]",
          "properties": {},
          "location": "[parameters('location')]",
          "dependsOn": [
            "[resourceId('Microsoft.Web/sites', variables('cdWebAppNameTidy'))]"
          ],
          "resources": [
            {
              "name": "MSDeploy",
              "type": "extensions",
              "location": "[parameters('location')]",
              "apiVersion": "[variables('webApiVersion')]",
              "dependsOn": [
                "[resourceId('Microsoft.Web/sites/slots', variables('cdWebAppNameTidy'), 'staging')]",
                "[concat('Microsoft.Web/sites/', variables('cmWebAppNameTidy'), '/slots/staging/Extensions/MSDeploy')]"
              ],
              "properties": {
                "packageUri": "[parameters('cdMsDeployPackageUrl')]",
                "dbType": "SQL",
                "connectionString": "[concat('Data Source=tcp:', variables('sqlServerFqdnTidy'), ',1433;Initial Catalog=master;User Id=', parameters('sqlServerLogin'), ';Password=', parameters('sqlServerPassword'), ';')]",
                "setParameters": {
                  "Application Path": "[variables('cdWebAppNameTidy')]",
                  "Core Connection String": "[concat('Encrypt=True;TrustServerCertificate=False;Data Source=', variables('sqlServerFqdnTidy'), ',1433;Initial Catalog=',variables('coreSqlDatabaseNameTidy'),';User Id=', parameters('coreSqlDatabaseUserName'), ';Password=', parameters('coreSqlDatabasePassword'), ';')]",
                  "Web Connection String": "[concat('Encrypt=True;TrustServerCertificate=False;Data Source=', variables('sqlServerFqdnTidy'), ',1433;Initial Catalog=',variables('webSqlDatabaseNameTidy'),';User Id=', parameters('webSqlDatabaseUserName'), ';Password=', parameters('webSqlDatabasePassword'), ';')]",
                  "Reference Data Connection String": "[concat('Encrypt=True;TrustServerCertificate=False;Data Source=', variables('sqlServerFqdnTidy'), ',1433;Initial Catalog=',variables('refDataSqlDatabaseNameTidy'),';User Id=', parameters('xcRefDataSqlDatabaseUserName'), ';Password=', parameters('xcRefDataSqlDatabasePassword'), ';')]",
                  "Experience Forms Connection String": "[concat('Encrypt=True;TrustServerCertificate=False;Data Source=', variables('sqlServerFqdnTidy'), ',1433;Initial Catalog=',variables('formsSqlDatabaseNameTidy'),';User Id=', parameters('formsSqlDatabaseUserName'), ';Password=', parameters('formsSqlDatabasePassword'), ';')]",
                  "EXM Master Connection String": "[concat('Encrypt=True;TrustServerCertificate=False;Data Source=', variables('sqlServerFqdnTidy'), ',1433;Initial Catalog=',variables('exmMasterSqlDatabaseNameTidy'),';User Id=', parameters('exmMasterSqlDatabaseUserName'), ';Password=', parameters('exmMasterSqlDatabasePassword'), ';')]",
                  "Messaging Connection String": "[concat('Encrypt=True;TrustServerCertificate=False;Data Source=', variables('sqlServerFqdnTidy'), ',1433;Initial Catalog=',variables('messagingSqlDatabaseNameTidy'),';User Id=', parameters('messagingSqlDatabaseUserName'), ';Password=', parameters('messagingSqlDatabasePassword'), ';')]",
                  "XConnect Collection": "[concat('https://', reference(resourceId(subscription().subscriptionId, resourceGroup().name, 'Microsoft.Web/sites', variables('xcCollectWebAppNameTidy')), variables('webApiVersion')).hostNames[0])]",
                  "XDB Reference Data Client": "[concat('https://', reference(resourceId(subscription().subscriptionId, resourceGroup().name, 'Microsoft.Web/sites', variables('xcRefDataWebAppNameTidy')), variables('webApiVersion')).hostNames[0])]",
                  "XDB MA Ops Client": "[concat('https://', reference(resourceId(subscription().subscriptionId, resourceGroup().name, 'Microsoft.Web/sites', variables('maOpsWebAppNameTidy')), variables('webApiVersion')).hostNames[0])]",
                  "Redis Sessions": "[concat(reference(resourceId('Microsoft.Cache/Redis', variables('redisCacheNameTidy')), variables('redisApiVersion')).hostName, ':', reference(resourceId('Microsoft.Cache/Redis', variables('redisCacheNameTidy')), variables('redisApiVersion')).sslPort, ',password=', listKeys(resourceId('Microsoft.Cache/Redis', variables('redisCacheNameTidy')), variables('redisApiVersion')).primaryKey, ',ssl=True,abortConnect=False')]",
                  "Search Provider": "[variables('searchProvider')]",
                  "Cloud Search Connection String": "[if(equals(variables('searchProvider'), 'Azure'), concat('serviceUrl=https://', variables('searchServiceNameTidy'), '.search.windows.net;apiVersion=', variables('searchPreviewApiVersion'), ';apiKey=', listAdminKeys(resourceId('Microsoft.Search/searchServices', variables('searchServiceNameTidy')), variables('searchApiVersion')).primaryKey), '')]",
                  "SOLR Connection String": "[parameters('solrConnectionString')]",
                  "Application Insights Instrumentation Key": "[reference(resourceId('Microsoft.Insights/Components', variables('appInsightsNameTidy')), variables('appInsightsApiVersion')).InstrumentationKey]",
                  "Application Insights Role": "CD",
                  "EXM Cryptographic Key": "[parameters('exmCryptographicKey')]",
                  "EXM Authentication Key": "[parameters('exmAuthenticationKey')]",
                  "XConnect Collection Certificate": "[concat('StoreName=My;StoreLocation=CurrentUser;FindType=FindByThumbprint;FindValue=', parameters('authCertificateThumbprint'))]",
                  "XDB Reference Data Client Certificate": "[concat('StoreName=My;StoreLocation=CurrentUser;FindType=FindByThumbprint;FindValue=', parameters('authCertificateThumbprint'))]",
                  "XDB MA Ops Client Certificate": "[concat('StoreName=My;StoreLocation=CurrentUser;FindType=FindByThumbprint;FindValue=', parameters('authCertificateThumbprint'))]",
                  "Allow Invalid Client Certificates": "[parameters('allowInvalidClientCertificates')]",
                  "License Xml": "[parameters('licenseXml')]"
                },
                "addOnPackages": [
                  {
                    "packageUri": "[parameters('disablePrefetchCachingMsDeployPackageUrl')]",
                    "setParameters": {
                      "Application Path": "[variables('cdWebAppNameTidy')]"
                    }
                  },
                  {
                    "packageUri": "[parameters('cdPsModuleMsDeployPackageUrl')]",     
                    "AppOffline": true,
                    "setParameters": {
                      "Application Path": "[variables('cmWebAppNameTidy')]",
                      "Core Admin Connection String": "[concat('Encrypt=True;TrustServerCertificate=False;Data Source=', variables('sqlServerFqdnTidy'), ',1433;Initial Catalog=',variables('coreSqlDatabaseNameTidy'),';User Id=', parameters('sqlServerLogin'), ';Password=', parameters('sqlServerPassword'), ';')]",
                      "Publishing Service URL": "https://uks-sc9-ao-prd-ps.azurewebsites.net"
                    }                           
                  }
                ]
              }
            },
            {
              "name": "appsettings",
              "type": "config",
              "apiVersion": "[variables('webApiVersion')]",
              "properties": {
                "WEBSITE_LOAD_CERTIFICATES": "[parameters('authCertificateThumbprint')]",
                "WEBSITE_DYNAMIC_CACHE": 0,
                "StorageConnectionString": "[parameters('StorageConnectionString')]",
                "WEBSITES_CONTAINER_START_TIME_LIMIT": 520,
                "localenv:define" : "Prod"
              },
              "dependsOn": [
                "[resourceId('Microsoft.Web/sites/slots', variables('cdWebAppNameTidy'), 'staging')]",
                "[concat('Microsoft.Web/sites/', variables('cdWebAppNameTidy'), '/slots/staging/Extensions/MSDeploy')]"
              ]
            }
          ]
        }
      ]
    }
  ]
}