{
  "$schema": "http://schema.management.azure.com/schemas/2015-01-01/deploymentTemplate.json#",
  "contentVersion": "1.0.0.0",
  "variables": {
    "webApiVersion": "2016-08-01",
    "serverFarmApiVersion": "2016-09-01",

    "exmDdsHostingPlanNameTidy": "[toLower(trim(parameters('exmDdsHostingPlanName')))]",
    "exmDdsWebAppNameTidy": "[toLower(trim(parameters('exmDdsWebAppName')))]",

    "sitecoreTags": {
      "provider": "b51535c2-ab3e-4a68-95f8-e2e3c9a19299",
      "dds": "dds"
    }
  },
  "parameters": {
    "deploymentId": {
      "type": "string",
      "defaultValue": "[resourceGroup().name]"
    },
    "location": {
      "type": "string",
      "defaultValue": "[resourceGroup().location]"
    },
    "sitecoreSKU": {
      "type": "string",
      "allowedValues": [ "Extra Small", "Small", "Medium", "Large", "Extra Large" ],
      "defaultValue": "Extra Small",
      "metadata": {
        "description": "Sitecore SKU controls the sizes and service levels of the provisioned resources"
      }
    },
    "exmDdsHostingPlanName": {
      "type": "string",
      "defaultValue": "[concat(parameters('deploymentId'), '-exm-dds-hp')]"
    },
    "exmDdsWebAppName": {
      "type": "string",
      "defaultValue": "[concat(parameters('deploymentId'), '-exm-dds')]"
    },
    "skuMap": {
      "type": "secureObject",
      "defaultValue": {
        "Extra Small": {
          "exmDdsHostingPlan": {
            "SkuName": "B2",
            "SkuCapacity": 1
          }
        },
        "Small": {
          "exmDdsHostingPlan": {
            "SkuName": "B2",
            "SkuCapacity": 1
          }
        },
        "Medium": {
          "exmDdsHostingPlan": {
            "SkuName": "B2",
            "SkuCapacity": 1
          }
        },
        "Large": {
          "exmDdsHostingPlan": {
            "SkuName": "B2",
            "SkuCapacity": 1
          }
        },
        "Extra Large": {
          "exmDdsHostingPlan": {
            "SkuName": "B2",
            "SkuCapacity": 1
          }
        }
      }
    },
    "resourceSizes": {
      "type": "object",
      "defaultValue": "[parameters('skuMap')[parameters('sitecoreSKU')]]"
    }
  },
  "resources": [
    {
      "type": "Microsoft.Web/serverfarms",
      "name": "[variables('exmDdsHostingPlanNameTidy')]",
      "apiVersion": "[variables('serverFarmApiVersion')]",
      "sku": {
        "name": "[parameters('resourceSizes').exmDdsHostingPlan.SkuName]",
        "capacity": "[parameters('resourceSizes').exmDdsHostingPlan.SkuCapacity]"
      },
      "properties": {
        "name": "[variables('exmDdsHostingPlanNameTidy')]"
      },
      "location": "[parameters('location')]",
      "tags": {
        "provider": "[variables('sitecoreTags').provider]",
        "logicalName": "[variables('sitecoreTags').dds]"
      }
    },
    {
      "type": "Microsoft.Web/sites",
      "name": "[variables('exmDdsWebAppNameTidy')]",
      "apiVersion": "[variables('webApiVersion')]",
      "properties": {
        "serverFarmId": "[resourceId('Microsoft.Web/serverfarms', variables('exmDdsHostingPlanNameTidy'))]",
        "siteConfig": {
          "use32BitWorkerProcess": false,
          "alwaysOn": true,
          "phpVersion": "",
          "defaultDocuments": [
            "index.html"
          ]
        }
      },
      "location": "[parameters('location')]",
      "dependsOn": [
        "[resourceId('Microsoft.Web/serverfarms', variables('exmDdsHostingPlanNameTidy'))]"
      ],
      "tags": {
        "provider": "[variables('sitecoreTags').provider]",
        "logicalName": "[variables('sitecoreTags').dds]"
      }
    }
  ]
}
