﻿{
  "$schema": "http://schema.management.azure.com/schemas/2015-01-01/deploymentTemplate.json#",
  "contentVersion": "1.0.0.0",
  "variables": {
    "webApiVersion": "2016-03-01",
    "searchApiVersion": "2015-08-19",
    "searchPreviewApiVersion": "2015-02-28-preview",
    "applicationInsightsApiVersion": "2015-05-01",
    "sqlServerFqdnTidy": "[trim(toLower(parameters('sqlServerFqdn')))]",
    "coreSqlDatabaseNameTidy": "[toLower(trim(parameters('coreSqlDatabaseName')))]",
    "webSqlDatabaseNameTidy": "[toLower(trim(parameters('webSqlDatabaseName')))]",
    "masterSqlDatabaseNameTidy": "[toLower(trim(parameters('masterSqlDatabaseName')))]",
    "formsSqlDatabaseNameTidy": "[toLower(trim(parameters('formsSqlDatabaseName')))]",
    "singleWebAppNameTidy": "[toLower(trim(parameters('singleWebAppName')))]",
    "applicationInsightsNameTidy": "[toLower(trim(parameters('applicationInsightsName')))]",
    "searchServiceNameTidy": "[toLower(trim(parameters('searchServiceName')))]",
    "searchProvider": "[if(empty(parameters('solrConnectionString')), 'Azure', 'Solr')]"
  },
  "parameters": {
    "infrastructure": {
      "type": "secureObject",
      "defaultValue": {
        "sqlServerFqdn": null
      }
    },
    "deploymentId": {
      "type": "string",
      "defaultValue": "[resourceGroup().name]"
    },
    "location": {
      "type": "string",
      "minLength": 1,
      "defaultValue": "[resourceGroup().location]"
    },
    "sitecoreAdminPassword": {
      "type": "securestring",
      "minLength": 8
    },
    "licenseXml": {
      "type": "securestring",
      "minLength": 1
    },
    "sqlServerFqdn": {
      "type": "string",
      "defaultValue": "[parameters('infrastructure').sqlServerFqdn]"
    },
    "sqlServerLogin": {
      "type": "string",
      "minLength": 1
    },
    "sqlServerPassword": {
      "type": "securestring",
      "minLength": 8
    },
    "coreSqlDatabaseName": {
      "type": "string",
      "minLength": 1,
      "defaultValue": "[concat(parameters('deploymentId'), '-core-db')]"
    },
    "masterSqlDatabaseName": {
      "type": "string",
      "minLength": 1,
      "defaultValue": "[concat(parameters('deploymentId'), '-master-db')]"
    },
    "webSqlDatabaseName": {
      "type": "string",
      "minLength": 1,
      "defaultValue": "[concat(parameters('deploymentId'), '-web-db')]"
    },
    "formsSqlDatabaseName": {
      "type": "string",
      "minLength": 1,
      "defaultValue": "[concat(parameters('deploymentId'), '-forms-db')]"
    },
    "coreSqlDatabaseUserName": {
      "type": "string",
      "minLength": 1,
      "defaultValue": "coreuser"
    },
    "coreSqlDatabasePassword": {
      "type": "securestring",
      "minLength": 8,
      "defaultValue": "[concat(toUpper(uniqueString('core', parameters('passwordSalt'))), uniqueString('core', parameters('sqlServerPassword'), parameters('passwordSalt')), toUpper(uniqueString('core', parameters('sitecoreAdminPassword'), parameters('passwordSalt'))), '4@')]"
    },
    "masterSqlDatabaseUserName": {
      "type": "string",
      "minLength": 1,
      "defaultValue": "masteruser"
    },
    "masterSqlDatabasePassword": {
      "type": "securestring",
      "minLength": 8,
      "defaultValue": "[concat(toUpper(uniqueString('master', parameters('passwordSalt'))), uniqueString('master', parameters('sqlServerPassword'), parameters('passwordSalt')), toUpper(uniqueString('master', parameters('sitecoreAdminPassword'), parameters('passwordSalt'))), '4@')]"
    },
    "webSqlDatabaseUserName": {
      "type": "string",
      "minLength": 1,
      "defaultValue": "webuser"
    },
    "webSqlDatabasePassword": {
      "type": "securestring",
      "minLength": 8,
      "defaultValue": "[concat(toUpper(uniqueString('web', parameters('passwordSalt'))), uniqueString('web', parameters('sqlServerPassword'), parameters('passwordSalt')), toUpper(uniqueString('web', parameters('sitecoreAdminPassword'), parameters('passwordSalt'))), '4@')]"
    },
    "formsSqlDatabaseUserName": {
      "type": "string",
      "minLength": 1,
      "defaultValue": "formsuser"
    },
    "formsSqlDatabasePassword": {
      "type": "securestring",
      "minLength": 8,
      "defaultValue": "[concat(toUpper(uniqueString('forms', parameters('passwordSalt'))), uniqueString('forms', parameters('sqlServerPassword'), parameters('passwordSalt')), toUpper(uniqueString('forms', parameters('sitecoreAdminPassword'), parameters('passwordSalt'))), '4@')]"
    },
    "searchServiceName": {
      "type": "string",
      "defaultValue": "[concat(parameters('deploymentId'), '-as')]"
    },
    "solrConnectionString": {
      "type": "securestring",
      "defaultValue": ""
    },   
    "applicationInsightsName": {
      "type": "string",
      "minLength": 1,
      "defaultValue": "[concat(parameters('deploymentId'), '-ai')]"
    },
    "singleWebAppName": {
      "type": "string",
      "minLength": 1,
      "defaultValue": "[concat(parameters('deploymentId'), '-single')]"
    },
    "singleMsDeployPackageUrl": {
      "type": "securestring",
      "minLength": 1
    },
    "telerikEncryptionKey": {
      "type": "securestring",
      "minLength": 8,
      "defaultValue": "[concat(toUpper(uniqueString('telerik', parameters('passwordSalt'))), uniqueString('telerik', parameters('sqlServerPassword'), parameters('passwordSalt')), toUpper(uniqueString('telerik', parameters('sitecoreAdminPassword'), parameters('passwordSalt'))), '4@')]"
    },
    "passwordSalt": {
      "type": "securestring",
      "minLength": 1,
      "defaultValue": "[resourceGroup().id]"
    }
  },
  "resources": [
    {
      "name": "[concat(variables('singleWebAppNameTidy'), '/', 'MSDeploy')]",
      "type": "Microsoft.Web/sites/extensions",
      "location": "[parameters('location')]",
      "apiVersion": "[variables('webApiVersion')]",
      "properties": {
        "mode": "Incremental",
        "addOnPackages": [
          {
            "packageUri": "[parameters('singleMsDeployPackageUrl')]",
            "dbType": "SQL",
            "connectionString": "[concat('Data Source=tcp:', variables('sqlServerFqdnTidy'), ',1433;Initial Catalog=master;User Id=', parameters('sqlServerLogin'), ';Password=', parameters('sqlServerPassword'), ';')]",
            "setParameters": {
              "Application Path": "[variables('singleWebAppNameTidy')]",
              "Sitecore Admin New Password": "[parameters('sitecoreAdminPassword')]",
              "Core DB User Name": "[parameters('coreSqlDatabaseUserName')]",
              "Core DB Password": "[parameters('coreSqlDatabasePassword')]",
              "Core Admin Connection String": "[concat('Encrypt=True;TrustServerCertificate=False;Data Source=', variables('sqlServerFqdnTidy'), ',1433;Initial Catalog=',variables('coreSqlDatabaseNameTidy'),';User Id=', parameters('sqlServerLogin'), ';Password=', parameters('sqlServerPassword'), ';')]",
              "Core Connection String": "[concat('Encrypt=True;TrustServerCertificate=False;Data Source=', variables('sqlServerFqdnTidy'), ',1433;Initial Catalog=',variables('coreSqlDatabaseNameTidy'),';User Id=', parameters('coreSqlDatabaseUserName'), ';Password=', parameters('coreSqlDatabasePassword'), ';')]",
              "Master DB User Name": "[parameters('masterSqlDatabaseUserName')]",
              "Master DB Password": "[parameters('masterSqlDatabasePassword')]",
              "Master Admin Connection String": "[concat('Encrypt=True;TrustServerCertificate=False;Data Source=', variables('sqlServerFqdnTidy'), ',1433;Initial Catalog=',variables('masterSqlDatabaseNameTidy'),';User Id=', parameters('sqlServerLogin'), ';Password=', parameters('sqlServerPassword'), ';')]",
              "Master Connection String": "[concat('Encrypt=True;TrustServerCertificate=False;Data Source=', variables('sqlServerFqdnTidy'), ',1433;Initial Catalog=',variables('masterSqlDatabaseNameTidy'),';User Id=', parameters('masterSqlDatabaseUserName'), ';Password=', parameters('masterSqlDatabasePassword'), ';')]",
              "Web DB User Name": "[parameters('webSqlDatabaseUserName')]",
              "Web DB Password": "[parameters('webSqlDatabasePassword')]",
              "Web Admin Connection String": "[concat('Encrypt=True;TrustServerCertificate=False;Data Source=', variables('sqlServerFqdnTidy'), ',1433;Initial Catalog=',variables('webSqlDatabaseNameTidy'),';User Id=', parameters('sqlServerLogin'), ';Password=', parameters('sqlServerPassword'), ';')]",
              "Web Connection String": "[concat('Encrypt=True;TrustServerCertificate=False;Data Source=', variables('sqlServerFqdnTidy'), ',1433;Initial Catalog=',variables('webSqlDatabaseNameTidy'),';User Id=', parameters('webSqlDatabaseUserName'), ';Password=', parameters('webSqlDatabasePassword'), ';')]",
              "Experience Forms DB User Name": "[parameters('formsSqlDatabaseUserName')]",
              "Experience Forms DB Password": "[parameters('formsSqlDatabasePassword')]",
              "Experience Forms Admin Connection String": "[concat('Encrypt=True;TrustServerCertificate=False;Data Source=', variables('sqlServerFqdnTidy'), ',1433;Initial Catalog=',variables('formsSqlDatabaseNameTidy'),';User Id=', parameters('sqlServerLogin'), ';Password=', parameters('sqlServerPassword'), ';')]",
              "Experience Forms Connection String": "[concat('Encrypt=True;TrustServerCertificate=False;Data Source=', variables('sqlServerFqdnTidy'), ',1433;Initial Catalog=',variables('formsSqlDatabaseNameTidy'),';User Id=', parameters('formsSqlDatabaseUserName'), ';Password=', parameters('formsSqlDatabasePassword'), ';')]",
              "Search Provider": "[variables('searchProvider')]",
              "Cloud Search Connection String": "[if(equals(variables('searchProvider'), 'Azure'), concat('serviceUrl=https://', variables('searchServiceNameTidy'), '.search.windows.net;apiVersion=', variables('searchPreviewApiVersion'), ';apiKey=', listAdminKeys(resourceId('Microsoft.Search/searchServices', variables('searchServiceNameTidy')), variables('searchApiVersion')).primaryKey), '')]",
              "SOLR Connection String": "[parameters('solrConnectionString')]",
              "Application Insights Instrumentation Key": "[reference(resourceId('Microsoft.Insights/Components', variables('applicationInsightsNameTidy')), variables('applicationInsightsApiVersion')).InstrumentationKey]",
              "Application Insights Role": "Single",
              "Telerik Encryption Key": "[parameters('telerikEncryptionKey')]",
              "License Xml": "[parameters('licenseXml')]"
            }
          }
        ]
      }
    },
    {
      "name": "[concat(variables('singleWebAppNameTidy'), '/', 'appsettings')]",
      "type": "Microsoft.Web/sites/config",
      "apiVersion": "[variables('webApiVersion')]",
      "properties": {
        "WEBSITE_DYNAMIC_CACHE": 0
      },
      "dependsOn": [
        "[resourceId('Microsoft.Web/sites/extensions', variables('singleWebAppNameTidy'),'MSDeploy')]"
      ]
    }
  ]
}