{
  "$schema": "https://schema.management.azure.com/schemas/2015-01-01/deploymentParameters.json#",
  "contentVersion": "1.0.0.0",
  "parameters": {
    "deploymentId": {
      "value": ""
    },
    "location": {
      "value": ""
    },
    "sitecoreAdminPassword": {
      "value": ""
    },
    "licenseXml": {
      "value": ""
    },
    "sqlServerLogin": {
      "value": ""
    },
    "sqlServerPassword": {
      "value": ""
    },
    "siMsDeployPackageUrl": {
      "value": ""
    },
    "singleMsDeployPackageUrl": {
      "value": ""
    },
    "xcSingleMsDeployPackageUrl": {
      "value": ""
    },
    "authCertificateBlob": {
      "value": ""
    },
    "authCertificatePassword": {
      "value": ""
    },
    "machineLearningServerConnectionString": {
      "value": ""
    },
    "machineLearningServerBlobEndpointCertificatePath": {
      "value": ""
    },
    "machineLearningServerBlobEndpointCertificatePassword": {
      "value": ""
    },
    "machineLearningServerTableEndpointCertificatePath": {
      "value": ""
    },
    "machineLearningServerTableEndpointCertificatePassword": {
      "value": ""
    },
    "machineLearningServerEndpointCertificationAuthorityCertificatePath": {
      "value": ""
    }
  }
}