{
  "$schema": "http://schema.management.azure.com/schemas/2015-01-01/deploymentTemplate.json#",
  "contentVersion": "1.0.0.0",
  "variables": {
    "webApiVersion": "2018-02-01",
    "appInsightsApiVersion": "2015-05-01",
    "sqlServerFqdnTidy": "[trim(toLower(parameters('sqlServerFqdn')))]",
    "coreSqlDatabaseNameTidy": "[toLower(trim(parameters('coreSqlDatabaseName')))]",
    "securitySqlDatabaseNameTidy": "[toLower(trim(parameters('securitySqlDatabaseName')))]",
    "masterSqlDatabaseNameTidy": "[toLower(trim(parameters('masterSqlDatabaseName')))]",
    "reportingSqlDatabaseNameTidy": "[toLower(trim(parameters('reportingSqlDatabaseName')))]",
    "poolsSqlDatabaseNameTidy": "[toLower(trim(parameters('poolsSqlDatabaseName')))]",
    "tasksSqlDatabaseNameTidy": "[toLower(trim(parameters('tasksSqlDatabaseName')))]",
    "refDataSqlDatabaseNameTidy": "[toLower(trim(parameters('refDataSqlDatabaseName')))]",
    "prcWebAppNameTidy": "[toLower(trim(parameters('prcWebAppName')))]",
    "repWebAppNameTidy": "[toLower(trim(parameters('repWebAppName')))]",
    "xcCollectWebAppNameTidy": "[toLower(trim(parameters('xcCollectWebAppName')))]",
    "appInsightsNameTidy": "[toLower(trim(parameters('applicationInsightsName')))]"
  },
  "parameters": {
    "infrastructure": {
      "type": "secureObject",
      "defaultValue": {
        "sqlServerFqdn": null,
        "authCertificateThumbprint": null
      }
    },
    "deploymentId": {
      "type": "string",
      "defaultValue": "[resourceGroup().name]"
    },
    "location": {
      "type": "string",
      "minLength": 1,
      "defaultValue": "[resourceGroup().location]"
    },
    "sitecoreAdminPassword": {
      "type": "securestring",
      "minLength": 8
    },
    "licenseXml": {
      "type": "securestring",
      "minLength": 1
    },
    "repAuthenticationApiKey": {
      "type": "securestring",
      "minLength": 32
    },
    "sqlServerFqdn": {
      "type": "string",
      "minLength": 1,
      "defaultValue": "[parameters('infrastructure').sqlServerFqdn]"
    },
    "sqlServerLogin": {
      "type": "string",
      "minLength": 1
    },
    "sqlServerPassword": {
      "type": "securestring",
      "minLength": 8
    },
    "coreSqlDatabaseName": {
      "type": "string",
      "minLength": 1,
      "defaultValue": "[concat(parameters('deploymentId'), '-core-db')]"
    },
    "securitySqlDatabaseName": {
      "type": "string",
      "minLength": 1,
      "defaultValue": "[concat(parameters('deploymentId'), '-core-db')]"
    },
    "masterSqlDatabaseName": {
      "type": "string",
      "minLength": 1,
      "defaultValue": "[concat(parameters('deploymentId'), '-master-db')]"
    },
    "reportingSqlDatabaseName": {
      "type": "string",
      "minLength": 1,
      "defaultValue": "[concat(parameters('deploymentId'), '-reporting-db')]"
    },
    "poolsSqlDatabaseName": {
      "type": "string",
      "minLength": 1,
      "defaultValue": "[concat(parameters('deploymentId'), '-pools-db')]"
    },
    "tasksSqlDatabaseName": {
      "type": "string",
      "minLength": 1,
      "defaultValue": "[concat(parameters('deploymentId'), '-tasks-db')]"
    },
    "refDataSqlDatabaseName": {
      "type": "string",
      "minLength": 1,
      "defaultValue": "[concat(parameters('deploymentId'), '-refdata-db')]"
    },
    "coreSqlDatabaseUserName": {
      "type": "string",
      "minLength": 1,
      "defaultValue": "coreuser"
    },
    "coreSqlDatabasePassword": {
      "type": "securestring",
      "minLength": 8,
      "defaultValue": "[concat(toUpper(uniqueString('core', parameters('passwordSalt'))), uniqueString('core', parameters('sqlServerPassword'), parameters('passwordSalt')), toUpper(uniqueString('core', parameters('sitecoreAdminPassword'), parameters('passwordSalt'))), '4@')]"
    },
    "securitySqlDatabaseUserName": {
      "type": "string",
      "minLength": 1,
      "defaultValue": "securityuser"
    },
    "securitySqlDatabasePassword": {
      "type": "securestring",
      "minLength": 8,
      "defaultValue": "[concat(toUpper(uniqueString('security', parameters('passwordSalt'))), uniqueString('security', parameters('sqlServerPassword'), parameters('passwordSalt')), toUpper(uniqueString('security', parameters('sitecoreAdminPassword'), parameters('passwordSalt'))), '4@')]"
    },
    "masterSqlDatabaseUserName": {
      "type": "string",
      "minLength": 1,
      "defaultValue": "masteruser"
    },
    "masterSqlDatabasePassword": {
      "type": "securestring",
      "minLength": 8,
      "defaultValue": "[concat(toUpper(uniqueString('master', parameters('passwordSalt'))), uniqueString('master', parameters('sqlServerPassword'), parameters('passwordSalt')), toUpper(uniqueString('master', parameters('sitecoreAdminPassword'), parameters('passwordSalt'))), '4@')]"
    },
    "reportingSqlDatabaseUserName": {
      "type": "string",
      "minLength": 1,
      "defaultValue": "reportinguser"
    },
    "reportingSqlDatabasePassword": {
      "type": "securestring",
      "minLength": 8,
      "defaultValue": "[concat(toUpper(uniqueString('reporting', parameters('passwordSalt'))), uniqueString('reporting', parameters('sqlServerPassword'), parameters('passwordSalt')), toUpper(uniqueString('reporting', parameters('sitecoreAdminPassword'), parameters('passwordSalt'))), '4@')]"
    },
    "poolsSqlDatabaseUserName": {
      "type": "string",
      "minLength": 1,
      "defaultValue": "poolsuser"
    },
    "poolsSqlDatabasePassword": {
      "type": "securestring",
      "minLength": 8,
      "defaultValue": "[concat(toUpper(uniqueString('pools', parameters('passwordSalt'))), uniqueString('pools', parameters('sqlServerPassword'), parameters('passwordSalt')), toUpper(uniqueString('pools', parameters('sitecoreAdminPassword'), parameters('passwordSalt'))), '4@')]"
    },
    "tasksSqlDatabaseUserName": {
      "type": "string",
      "minLength": 1,
      "defaultValue": "tasksuser"
    },
    "tasksSqlDatabasePassword": {
      "type": "securestring",
      "minLength": 8,
      "defaultValue": "[concat(toUpper(uniqueString('tasks', parameters('passwordSalt'))), uniqueString('tasks', parameters('sqlServerPassword'), parameters('passwordSalt')), toUpper(uniqueString('tasks', parameters('sitecoreAdminPassword'), parameters('passwordSalt'))), '4@')]"
    },
    "xcRefDataSqlDatabaseUserName": {
      "type": "string",
      "minLength": 1,
      "defaultValue": "xcrefdatauser"
    },
    "xcRefDataSqlDatabasePassword": {
      "type": "securestring",
      "minLength": 8,
      "defaultValue": "[concat(toUpper(uniqueString('xcrefdata', parameters('passwordSalt'))), uniqueString('xcrefdata', parameters('sqlServerPassword'), parameters('passwordSalt')), toUpper(uniqueString('xcrefdata', parameters('sitecoreAdminPassword'), parameters('passwordSalt'))), '4@')]"
    },
    "useApplicationInsights": {
      "type": "bool",
      "defaultValue": true
    },
    "applicationInsightsName": {
      "type": "string",
      "minLength": 1,
      "defaultValue": "[concat(parameters('deploymentId'), '-ai')]"
    },
    "storeSitecoreCountersInApplicationInsights": {
      "type": "bool",
      "defaultValue": false
    },
    "prcWebAppName": {
      "type": "string",
      "minLength": 1,
      "defaultValue": "[concat(parameters('deploymentId'), '-prc')]"
    },
    "repWebAppName": {
      "type": "string",
      "minLength": 1,
      "defaultValue": "[concat(parameters('deploymentId'), '-rep')]"
    },
    "xcCollectWebAppName": {
      "type": "string",
      "minLength": 1,
      "defaultValue": "[concat(parameters('deploymentId'), '-xc-collect')]"
    },
    "authCertificateThumbprint": {
      "type": "string",
      "minLength": 8,
      "defaultValue": "[parameters('infrastructure').authCertificateThumbprint]"
    },
    "prcMsDeployPackageUrl": {
      "type": "securestring",
      "minLength": 1
    },
    "repMsDeployPackageUrl": {
      "type": "securestring",
      "minLength": 1
    },
    "securityClientIp": {
      "type": "string",
      "minLength": 1,
      "defaultValue": "0.0.0.0"
    },
    "securityClientIpMask": {
      "type": "string",
      "minLength": 1,
      "defaultValue": "0.0.0.0"
    },
    "allowInvalidClientCertificates": {
      "type": "bool",
      "defaultValue": false
    },
    "passwordSalt": {
      "type": "securestring",
      "minLength": 1,
      "defaultValue": "[resourceGroup().id]"
    },    
    "environmentType": {
      "type": "string",
      "defaultValue": "Non-Production"
    }
  },
  "resources": [
    {
      "name": "[concat(variables('prcWebAppNameTidy'), '/', 'MSDeploy')]",
      "type": "Microsoft.Web/sites/extensions",
      "location": "[parameters('location')]",
      "apiVersion": "[variables('webApiVersion')]",
      "properties": {
        "mode": "Incremental",
        "addOnPackages": [
          {
            "packageUri": "[parameters('prcMsDeployPackageUrl')]",
            "dbType": "SQL",
            "connectionString": "[concat('Data Source=tcp:', variables('sqlServerFqdnTidy'), ',1433;Initial Catalog=master;User Id=', parameters('sqlServerLogin'), ';Password=', parameters('sqlServerPassword'), ';')]",
            "setParameters": {
              "Application Path": "[variables('prcWebAppNameTidy')]",
              "Sitecore Admin New Password": "[parameters('sitecoreAdminPassword')]",
              "Core DB User Name": "[parameters('coreSqlDatabaseUserName')]",
              "Core DB Password": "[parameters('coreSqlDatabasePassword')]",
              "Security DB User Name": "[parameters('securitySqlDatabaseUserName')]",
              "Security DB Password": "[parameters('securitySqlDatabasePassword')]",
              "Master DB User Name": "[parameters('masterSqlDatabaseUserName')]",
              "Master DB Password": "[parameters('masterSqlDatabasePassword')]",
              "XDB Processing Tasks DB User Name": "[parameters('tasksSqlDatabaseUserName')]",
              "XDB Processing Tasks DB Password": "[parameters('tasksSqlDatabasePassword')]",
              "Core Admin Connection String": "[concat('Encrypt=True;TrustServerCertificate=False;Data Source=', variables('sqlServerFqdnTidy'), ',1433;Initial Catalog=',variables('coreSqlDatabaseNameTidy'),';User Id=', parameters('sqlServerLogin'), ';Password=', parameters('sqlServerPassword'), ';')]",
              "Security Admin Connection String": "[concat('Encrypt=True;TrustServerCertificate=False;Data Source=', variables('sqlServerFqdnTidy'), ',1433;Initial Catalog=',variables('securitySqlDatabaseNameTidy'),';User Id=', parameters('sqlServerLogin'), ';Password=', parameters('sqlServerPassword'), ';')]",
              "Master Admin Connection String": "[concat('Encrypt=True;TrustServerCertificate=False;Data Source=', variables('sqlServerFqdnTidy'), ',1433;Initial Catalog=',variables('masterSqlDatabaseNameTidy'),';User Id=', parameters('sqlServerLogin'), ';Password=', parameters('sqlServerPassword'), ';')]",
              "XDB Processing Tasks Admin Connection String": "[concat('Encrypt=True;TrustServerCertificate=False;Data Source=', variables('sqlServerFqdnTidy'), ',1433;Initial Catalog=',variables('tasksSqlDatabaseNameTidy'),';User Id=', parameters('sqlServerLogin'), ';Password=', parameters('sqlServerPassword'), ';')]",
              "Master Connection String": "[concat('Encrypt=True;TrustServerCertificate=False;Data Source=', variables('sqlServerFqdnTidy'), ',1433;Initial Catalog=',variables('masterSqlDatabaseNameTidy'),';User Id=', parameters('masterSqlDatabaseUserName'), ';Password=', parameters('masterSqlDatabasePassword'), ';')]",
              "Core Connection String": "[concat('Encrypt=True;TrustServerCertificate=False;Data Source=', variables('sqlServerFqdnTidy'), ',1433;Initial Catalog=',variables('coreSqlDatabaseNameTidy'),';User Id=', parameters('coreSqlDatabaseUserName'), ';Password=', parameters('coreSqlDatabasePassword'), ';')]",
              "Security Connection String": "[concat('Encrypt=True;TrustServerCertificate=False;Data Source=', variables('sqlServerFqdnTidy'), ',1433;Initial Catalog=',variables('securitySqlDatabaseNameTidy'),';User Id=', parameters('securitySqlDatabaseUserName'), ';Password=', parameters('securitySqlDatabasePassword'), ';')]",
              "Reporting Connection String": "[concat('Encrypt=True;TrustServerCertificate=False;Data Source=', variables('sqlServerFqdnTidy'), ',1433;Initial Catalog=',variables('reportingSqlDatabaseNameTidy'),';User Id=', parameters('reportingSqlDatabaseUserName'), ';Password=', parameters('reportingSqlDatabasePassword'), ';')]",
              "XDB Processing Pools Connection String": "[concat('Encrypt=True;TrustServerCertificate=False;Data Source=', variables('sqlServerFqdnTidy'), ',1433;Initial Catalog=',variables('poolsSqlDatabaseNameTidy'),';User Id=', parameters('poolsSqlDatabaseUserName'), ';Password=', parameters('poolsSqlDatabasePassword'), ';')]",
              "XDB Processing Tasks Connection String": "[concat('Encrypt=True;TrustServerCertificate=False;Data Source=', variables('sqlServerFqdnTidy'), ',1433;Initial Catalog=',variables('tasksSqlDatabaseNameTidy'),';User Id=', parameters('tasksSqlDatabaseUserName'), ';Password=', parameters('tasksSqlDatabasePassword'), ';')]",
              "XDB Reference Data Connection String": "[concat('Encrypt=True;TrustServerCertificate=False;Data Source=', variables('sqlServerFqdnTidy'), ',1433;Initial Catalog=',variables('refDataSqlDatabaseNameTidy'),';User Id=', parameters('xcRefDataSqlDatabaseUserName'), ';Password=', parameters('xcRefDataSqlDatabasePassword'), ';')]",
              "XConnect Collection": "[concat('https://', reference(resourceId(subscription().subscriptionId, resourceGroup().name, 'Microsoft.Web/sites', variables('xcCollectWebAppNameTidy')), variables('webApiVersion')).hostNames[0])]",
              "XConnect Collection Certificate": "[concat('StoreName=My;StoreLocation=CurrentUser;FindType=FindByThumbprint;FindValue=', parameters('authCertificateThumbprint'))]",
              "Reporting Service Api Key": "[parameters('repAuthenticationApiKey')]",
              "Application Insights Instrumentation Key": "[if(parameters('useApplicationInsights'), reference(resourceId('Microsoft.Insights/Components', variables('appInsightsNameTidy')), variables('appInsightsApiVersion')).InstrumentationKey, '')]",
              "Application Insights Role": "[if(parameters('useApplicationInsights'), 'Processing', '')]",
              "Store Sitecore Counters In Application Insights": "[if(parameters('useApplicationInsights'), string(parameters('storeSitecoreCountersInApplicationInsights')), 'false')]",
              "Use Application Insights": "[string(parameters('useApplicationInsights'))]",
              "Allow Invalid Client Certificates": "[parameters('allowInvalidClientCertificates')]",
              "License Xml": "[parameters('licenseXml')]",
              "IP Security Client IP": "[parameters('securityClientIp')]",
              "IP Security Client IP Mask": "[parameters('securityClientIpMask')]"
            }
          }
        ]
      }
    },
    {
      "name": "[concat(variables('repWebAppNameTidy'), '/', 'MSDeploy')]",
      "type": "Microsoft.Web/sites/extensions",
      "location": "[parameters('location')]",
      "apiVersion": "[variables('webApiVersion')]",
      "properties": {
        "mode": "Incremental",
        "addOnPackages": [
          {
            "packageUri": "[parameters('repMsDeployPackageUrl')]",
            "dbType": "SQL",
            "connectionString": "[concat('Data Source=tcp:', variables('sqlServerFqdnTidy'), ',1433;Initial Catalog=master;User Id=', parameters('sqlServerLogin'), ';Password=', parameters('sqlServerPassword'), ';')]",
            "setParameters": {
              "Application Path": "[variables('repWebAppNameTidy')]",
              "Master Connection String": "[concat('Encrypt=True;TrustServerCertificate=False;Data Source=', variables('sqlServerFqdnTidy'), ',1433;Initial Catalog=',variables('masterSqlDatabaseNameTidy'),';User Id=', parameters('masterSqlDatabaseUserName'), ';Password=', parameters('masterSqlDatabasePassword'), ';')]",
              "Core Connection String": "[concat('Encrypt=True;TrustServerCertificate=False;Data Source=', variables('sqlServerFqdnTidy'), ',1433;Initial Catalog=',variables('coreSqlDatabaseNameTidy'),';User Id=', parameters('coreSqlDatabaseUserName'), ';Password=', parameters('coreSqlDatabasePassword'), ';')]",
              "Security Connection String": "[concat('Encrypt=True;TrustServerCertificate=False;Data Source=', variables('sqlServerFqdnTidy'), ',1433;Initial Catalog=',variables('securitySqlDatabaseNameTidy'),';User Id=', parameters('securitySqlDatabaseUserName'), ';Password=', parameters('securitySqlDatabasePassword'), ';')]",
              "Reporting Connection String": "[concat('Encrypt=True;TrustServerCertificate=False;Data Source=', variables('sqlServerFqdnTidy'), ',1433;Initial Catalog=',variables('reportingSqlDatabaseNameTidy'),';User Id=', parameters('reportingSqlDatabaseUserName'), ';Password=', parameters('reportingSqlDatabasePassword'), ';')]",
              "Reporting Service Api Key": "[parameters('repAuthenticationApiKey')]",
              "Application Insights Instrumentation Key": "[if(parameters('useApplicationInsights'), reference(resourceId('Microsoft.Insights/Components', variables('appInsightsNameTidy')), variables('appInsightsApiVersion')).InstrumentationKey, '')]",
              "Application Insights Role": "[if(parameters('useApplicationInsights'), 'Reporting', '')]",
              "Store Sitecore Counters In Application Insights": "[if(parameters('useApplicationInsights'), string(parameters('storeSitecoreCountersInApplicationInsights')), 'false')]",
              "Use Application Insights": "[string(parameters('useApplicationInsights'))]",
              "License Xml": "[parameters('licenseXml')]"
            }
          }
        ]
      },
      "dependsOn": [
        "[resourceId('Microsoft.Web/sites/extensions', variables('prcWebAppNameTidy'), 'MSDeploy')]"
      ]
    },
    {
      "name": "[concat(variables('prcWebAppNameTidy'), '/', 'appsettings')]",
      "type": "Microsoft.Web/sites/config",
      "apiVersion": "[variables('webApiVersion')]",
      "properties": {        
        "WEBSITE_LOAD_CERTIFICATES": "[parameters('authCertificateThumbprint')]",
        "WEBSITE_DYNAMIC_CACHE": 0,
        "SITECORE_ENVIRONMENT_TYPE": "[parameters('environmentType')]"
      },
      "dependsOn": [
        "[resourceId('Microsoft.Web/sites/extensions', variables('prcWebAppNameTidy'),'MSDeploy')]"
      ]
    },
    {
      "name": "[concat(variables('repWebAppNameTidy'), '/', 'appsettings')]",
      "type": "Microsoft.Web/sites/config",
      "apiVersion": "[variables('webApiVersion')]",
      "properties": {        
        "WEBSITE_DYNAMIC_CACHE": 0,
        "SITECORE_ENVIRONMENT_TYPE": "[parameters('environmentType')]"
      },
      "dependsOn": [
        "[resourceId('Microsoft.Web/sites/extensions', variables('repWebAppNameTidy'),'MSDeploy')]"
      ]
    }
  ]
}