{
  "$schema": "http://schema.management.azure.com/schemas/2015-01-01/deploymentTemplate.json#",
  "contentVersion": "1.0.0.0",
  "variables": {
    "webApiVersion": "2018-02-01",
    "dbApiVersion": "2014-04-01-preview",

    "sqlServerNameTidy": "[toLower(trim(parameters('sqlServerName')))]",

    "processingEngineTasksSqlDatabaseNameTidy": "[toLower(trim(parameters('processingEngineTasksSqlDatabaseName')))]",
    "processingEngineStorageSqlDatabaseNameTidy": "[toLower(trim(parameters('processingEngineStorageSqlDatabaseName')))]",
    "reportingSqlDatabaseNameTidy": "[toLower(trim(parameters('reportingSqlDatabaseName')))]",

    "xcBasicHostingPlanNameTidy": "[toLower(trim(parameters('xcBasicHostingPlanName')))]",
    "xcResourceIntensiveHostingPlanNameTidy": "[toLower(trim(parameters('xcResourceIntensiveHostingPlanName')))]",

    "cortexProcessingWebAppNameTidy": "[toLower(trim(parameters('cortexProcessingWebAppName')))]",
    "cortexReportingWebAppNameTidy": "[toLower(trim(parameters('cortexReportingWebAppName')))]",

    "sitecoreTags": {
      "provider": "b51535c2-ab3e-4a68-95f8-e2e3c9a19299",
      "cortexProcessing": "cortex-processing",
      "cortexReporting": "cortex-reporting",
      "cortexProcessingEngineTasks": "processingenginetasks",
      "cortexProcessingEngineStorage": "processingenginestorage",
      "reporting": "reporting"
    }
  },
  "parameters": {
    "deploymentId": {
      "type": "string",
      "defaultValue": "[resourceGroup().name]"
    },
    "location": {
      "type": "string",
      "minLength": 1,
      "defaultValue": "[resourceGroup().location]"
    },
    "sitecoreSKU": {
      "type": "string",
      "allowedValues": [ "Extra Small", "Small", "Medium", "Large", "Extra Large" ],
      "defaultValue": "Extra Small",
      "metadata": {
        "description": "Sitecore SKU controls the sizes and service levels of the provisioned resources"
      }
    },

    "sqlServerName": {
      "type": "string",
      "minLength": 1,
      "defaultValue": "[concat(parameters('deploymentId'), '-sql')]"
    },

    "sqlDatabaseCollation": {
      "type": "string",
      "minLength": 1,
      "defaultValue": "SQL_Latin1_General_CP1_CI_AS"
    },

    "processingEngineTasksSqlDatabaseName": {
      "type": "string",
      "minLength": 1,
      "defaultValue": "[concat(parameters('deploymentId'), '-processingenginetasks-db')]"
    },
    "processingEngineStorageSqlDatabaseName": {
      "type": "string",
      "minLength": 1,
      "defaultValue": "[concat(parameters('deploymentId'), '-processingenginestorage-db')]"
    },
    "reportingSqlDatabaseName": {
      "type": "string",
      "minLength": 1,
      "defaultValue": "[concat(parameters('deploymentId'), '-reporting-db')]"
    },

    "xcBasicHostingPlanName": {
      "type": "string",
      "minLength": 1,
      "defaultValue": "[concat(parameters('deploymentId'), '-xc-basic-hp')]"
    },
    "xcResourceIntensiveHostingPlanName": {
      "type": "string",
      "minLength": 1,
      "defaultValue": "[concat(parameters('deploymentId'), '-xc-resourceintensive-hp')]"
    },

    "cortexProcessingWebAppName": {
      "type": "string",
      "minLength": 1,
      "defaultValue": "[concat(parameters('deploymentId'), '-cortex-processing')]"
    },
    "cortexReportingWebAppName": {
      "type": "string",
      "minLength": 1,
      "defaultValue": "[concat(parameters('deploymentId'), '-cortex-reporting')]"
    },

    "skuMap": {
      "type": "secureObject",
      "defaultValue": {
        "Extra Small": {
          "processingEngineTasksSqlDatabase": {
            "Edition": "Standard",
            "MaxSize": "268435456000",
            "ServiceObjectiveLevel": "S0"
          },
          "processingEngineStorageSqlDatabase": {
            "Edition": "Standard",
            "MaxSize": "268435456000",
            "ServiceObjectiveLevel": "S0"
          },
          "reportingSqlDatabase": {
            "Edition": "Standard",
            "MaxSize": "268435456000",
            "ServiceObjectiveLevel": "S1"
          }
        },
        "Small": {
          "processingEngineTasksSqlDatabase": {
            "Edition": "Standard",
            "MaxSize": "268435456000",
            "ServiceObjectiveLevel": "S0"
          },
          "processingEngineStorageSqlDatabase": {
            "Edition": "Standard",
            "MaxSize": "268435456000",
            "ServiceObjectiveLevel": "S1"
          },
          "reportingSqlDatabase": {
            "Edition": "Standard",
            "MaxSize": "268435456000",
            "ServiceObjectiveLevel": "S1"
          }
        },
        "Medium": {
          "processingEngineTasksSqlDatabase": {
            "Edition": "Standard",
            "MaxSize": "268435456000",
            "ServiceObjectiveLevel": "S0"
          },
          "processingEngineStorageSqlDatabase": {
            "Edition": "Standard",
            "MaxSize": "268435456000",
            "ServiceObjectiveLevel": "S2"
          },
          "reportingSqlDatabase": {
            "Edition": "Standard",
            "MaxSize": "268435456000",
            "ServiceObjectiveLevel": "S2"
          }
        },
        "Large": {
          "processingEngineTasksSqlDatabase": {
            "Edition": "Standard",
            "MaxSize": "268435456000",
            "ServiceObjectiveLevel": "S0"
          },
          "processingEngineStorageSqlDatabase": {
            "Edition": "Standard",
            "MaxSize": "268435456000",
            "ServiceObjectiveLevel": "S3"
          },
          "reportingSqlDatabase": {
            "Edition": "Standard",
            "MaxSize": "268435456000",
            "ServiceObjectiveLevel": "S2"
          }
        },
        "Extra Large": {
          "processingEngineTasksSqlDatabase": {
            "Edition": "Standard",
            "MaxSize": "268435456000",
            "ServiceObjectiveLevel": "S0"
          },
          "processingEngineStorageSqlDatabase": {
            "Edition": "Standard",
            "MaxSize": "268435456000",
            "ServiceObjectiveLevel": "S3"
          },
          "reportingSqlDatabase": {
            "Edition": "Standard",
            "MaxSize": "268435456000",
            "ServiceObjectiveLevel": "S3"
          }
        }
      }
    },
    "resourceSizes": {
      "type": "object",
      "defaultValue": "[parameters('skuMap')[parameters('sitecoreSKU')]]"
    }
  },
  "resources": [
    {
      "type": "Microsoft.Sql/servers/databases",
      "name": "[concat(variables('sqlServerNameTidy'), '/', variables('processingEngineTasksSqlDatabaseNameTidy'))]",
      "location": "[parameters('location')]",
      "apiVersion": "[variables('dbApiVersion')]",
      "properties": {
        "edition": "[parameters('resourceSizes').processingEngineTasksSqlDataBase.Edition]",
        "collation": "[parameters('sqlDatabaseCollation')]",
        "maxSizeBytes": "[parameters('resourceSizes').processingEngineTasksSqlDataBase.MaxSize]",
        "requestedServiceObjectiveName": "[parameters('resourceSizes').processingEngineTasksSqlDataBase.ServiceObjectiveLevel]"
      },
      "resources": [
        {
          "name": "current",
          "type": "transparentDataEncryption",
          "dependsOn": [
            "[variables('processingEngineTasksSqlDatabaseNameTidy')]"
          ],
          "apiVersion": "2014-04-01",
          "properties": {
            "status": "Enabled"
          }
        }
      ],
      "tags": {
        "provider": "[variables('sitecoreTags').provider]",
        "logicalName": "[variables('sitecoreTags').cortexProcessingEngineTasks]"
      }
    },
    {
      "type": "Microsoft.Sql/servers/databases",
      "name": "[concat(variables('sqlServerNameTidy'), '/', variables('processingEngineStorageSqlDatabaseNameTidy'))]",
      "location": "[parameters('location')]",
      "apiVersion": "[variables('dbApiVersion')]",
      "properties": {
        "edition": "[parameters('resourceSizes').processingEngineStorageSqlDataBase.Edition]",
        "collation": "[parameters('sqlDatabaseCollation')]",
        "maxSizeBytes": "[parameters('resourceSizes').processingEngineStorageSqlDataBase.MaxSize]",
        "requestedServiceObjectiveName": "[parameters('resourceSizes').processingEngineStorageSqlDataBase.ServiceObjectiveLevel]"
      },
      "resources": [
        {
          "name": "current",
          "type": "transparentDataEncryption",
          "dependsOn": [
            "[variables('processingEngineStorageSqlDatabaseNameTidy')]"
          ],
          "apiVersion": "2014-04-01",
          "properties": {
            "status": "Enabled"
          }
        }
      ],
      "tags": {
        "provider": "[variables('sitecoreTags').provider]",
        "logicalName": "[variables('sitecoreTags').cortexProcessingEngineStorage]"
      }
    },
    {
      "type": "Microsoft.Sql/servers/databases",
      "name": "[concat(variables('sqlServerNameTidy'), '/', variables('reportingSqlDatabaseNameTidy'))]",
      "location": "[parameters('location')]",
      "apiVersion": "[variables('dbApiVersion')]",
      "properties": {
        "edition": "[parameters('resourceSizes').reportingSqlDatabase.Edition]",
        "collation": "[parameters('sqlDatabaseCollation')]",
        "maxSizeBytes": "[parameters('resourceSizes').reportingSqlDatabase.MaxSize]",
        "requestedServiceObjectiveName": "[parameters('resourceSizes').reportingSqlDatabase.ServiceObjectiveLevel]"
      },
      "resources": [
        {
          "name": "current",
          "type": "transparentDataEncryption",
          "dependsOn": [
            "[variables('reportingSqlDatabaseNameTidy')]"
          ],
          "apiVersion": "2014-04-01",
          "properties": {
            "status": "Enabled"
          }
        }
      ],
      "tags": {
        "provider": "[variables('sitecoreTags').provider]",
        "logicalName": "[variables('sitecoreTags').reporting]"
      }
    },
    {
      "type": "Microsoft.Web/sites",
      "name": "[variables('cortexProcessingWebAppNameTidy')]",
      "apiVersion": "[variables('webApiVersion')]",
      "properties": {
        "clientCertEnabled": true,
        "serverFarmId": "[resourceId('Microsoft.Web/serverfarms', variables('xcResourceIntensiveHostingPlanNameTidy'))]",
        "siteConfig": {
          "use32BitWorkerProcess": false,
          "alwaysOn": true,
          "phpVersion": "",
          "defaultDocuments": [
            "index.html"
          ]
        }
      },
      "location": "[parameters('location')]",
      "tags": {
        "provider": "[variables('sitecoreTags').provider]",
        "logicalName": "[variables('sitecoreTags').cortexProcessing]"
      }
    },
    {
      "type": "Microsoft.Web/sites",
      "name": "[variables('cortexReportingWebAppNameTidy')]",
      "apiVersion": "[variables('webApiVersion')]",
      "properties": {
        "clientCertEnabled": true,
        "serverFarmId": "[resourceId('Microsoft.Web/serverfarms', variables('xcBasicHostingPlanNameTidy'))]",
        "siteConfig": {
          "use32BitWorkerProcess": false,
          "alwaysOn": true,
          "phpVersion": "",
          "defaultDocuments": [
            "index.html"
          ]
        }
      },
      "location": "[parameters('location')]",
      "tags": {
        "provider": "[variables('sitecoreTags').provider]",
        "logicalName": "[variables('sitecoreTags').cortexReporting]"
      }
    }
  ]
}