{
  "$schema": "http://schema.management.azure.com/schemas/2015-01-01/deploymentTemplate.json#",
  "contentVersion": "1.0.0.0",
  "variables": {
    "resourcesApiVersion": "2018-05-01",
    
    "searchProvider": "[if(empty(parameters('xcSolrConnectionString')), 'Azure', 'Solr')]"
  },
  "parameters": {
    "infrastructure": {
      "type": "secureObject",
      "defaultValue": {
        "sqlServerFqdn": null,
        "authCertificateThumbprint": null
      }
    },

    "templateLinkBase": {
      "type": "string",
      "minLength": 1,
      "defaultValue": "[uri(replace(json(string(deployment().properties.templateLink)).uri,' ','%20'), '.')]"
    },
    "templateLinkAccessToken": {
      "type": "securestring",
      "defaultValue": ""
    },

    "deploymentId": {
      "type": "string",
      "defaultValue": "[resourceGroup().name]"
    },
    "location": {
      "type": "string",
      "minLength": 1,
      "defaultValue": "[resourceGroup().location]"
    },
    "sitecoreAdminPassword": {
      "type": "securestring",
      "minLength": 8
    },
    "licenseXml": {
      "type": "securestring",
      "minLength": 1
    },

    "sqlServerLogin": {
      "type": "string",
      "minLength": 1
    },
    "sqlServerPassword": {
      "type": "securestring",
      "minLength": 8
    },

    "poolsSqlDatabaseName": {
      "type": "string",
      "minLength": 1,
      "defaultValue": "[concat(parameters('deploymentId'), '-pools-db')]"
    },
    "shardMapManagerSqlDatabaseName": {
      "type": "string",
      "minLength": 1,
      "defaultValue": "[concat(parameters('deploymentId'), '-smm-db')]"
    },
    "shard0SqlDatabaseName": {
      "type": "string",
      "minLength": 1,
      "defaultValue": "[concat(parameters('deploymentId'), '-shard0-db')]"
    },
    "shard1SqlDatabaseName": {
      "type": "string",
      "minLength": 1,
      "defaultValue": "[concat(parameters('deploymentId'), '-shard1-db')]"
    },
    "refDataSqlDatabaseName": {
      "type": "string",
      "minLength": 1,
      "defaultValue": "[concat(parameters('deploymentId'), '-refdata-db')]"
    },
    "maSqlDatabaseName": {
      "type": "string",
      "minLength": 1,
      "defaultValue": "[concat(parameters('deploymentId'), '-ma-db')]"
    },
    "messagingSqlDatabaseName": {
      "type": "string",
      "minLength": 1,
      "defaultValue": "[concat(parameters('deploymentId'), '-messaging-db')]"
    },
    "processingEngineTasksSqlDatabaseName": {
      "type": "string",
      "minLength": 1,
      "defaultValue": "[concat(parameters('deploymentId'), '-processingenginetasks-db')]"
    },
    "processingEngineStorageSqlDatabaseName": {
      "type": "string",
      "minLength": 1,
      "defaultValue": "[concat(parameters('deploymentId'), '-processingenginestorage-db')]"
    },
    "reportingSqlDatabaseName": {
      "type": "string",
      "minLength": 1,
      "defaultValue": "[concat(parameters('deploymentId'), '-reporting-db')]"
    },

    "poolsSqlDatabaseUserName": {
      "type": "string",
      "minLength": 1,
      "defaultValue": "poolsuser"
    },
    "poolsSqlDatabasePassword": {
      "type": "securestring",
      "minLength": 8,
      "defaultValue": "[concat(toUpper(uniqueString('pools', parameters('passwordSalt'))), uniqueString('pools', parameters('sqlServerPassword'), parameters('passwordSalt')), toUpper(uniqueString('pools', parameters('sitecoreAdminPassword'), parameters('passwordSalt'))), '4@')]"
    },
    "xcRefDataSqlDatabaseUserName": {
      "type": "string",
      "minLength": 1,
      "defaultValue": "xcrefdatauser"
    },
    "xcRefDataSqlDatabasePassword": {
      "type": "securestring",
      "minLength": 8,
      "defaultValue": "[concat(toUpper(uniqueString('xcrefdata', parameters('passwordSalt'))), uniqueString('xcrefdata', parameters('sqlServerPassword'), parameters('passwordSalt')), toUpper(uniqueString('xcrefdata', parameters('sitecoreAdminPassword'), parameters('passwordSalt'))), '4@')]"
    },
    "xcShardMapManagerSqlDatabaseUserName": {
      "type": "string",
      "minLength": 1,
      "defaultValue": "xcsmmuser"
    },
    "xcShardMapManagerSqlDatabasePassword": {
      "type": "securestring",
      "minLength": 8,
      "defaultValue": "[concat(toUpper(uniqueString('xcsmm', parameters('passwordSalt'))), uniqueString('xcsmm', parameters('sqlServerPassword'), parameters('passwordSalt')), toUpper(uniqueString('xcsmm', parameters('sitecoreAdminPassword'), parameters('passwordSalt'))), '4@')]"
    },
    "xcMaSqlDatabaseUserName": {
      "type": "string",
      "minLength": 1,
      "defaultValue": "xcmauser"
    },
    "xcMaSqlDatabasePassword": {
      "type": "securestring",
      "minLength": 8,
      "defaultValue": "[concat(toUpper(uniqueString('xcma', parameters('passwordSalt'))), uniqueString('xcma', parameters('sqlServerPassword'), parameters('passwordSalt')), toUpper(uniqueString('xcma', parameters('sitecoreAdminPassword'), parameters('passwordSalt'))), '4@')]"
    },
    "messagingSqlDatabaseUserName": {
      "type": "string",
      "minLength": 1,
      "defaultValue": "messaginguser"
    },
    "messagingSqlDatabasePassword": {
      "type": "securestring",
      "minLength": 8,
      "defaultValue": "[concat(toUpper(uniqueString('messaging', parameters('passwordSalt'))), uniqueString('messaging', parameters('sqlServerPassword'), parameters('passwordSalt')), toUpper(uniqueString('messaging', parameters('sitecoreAdminPassword'), parameters('passwordSalt'))), '4@')]"
    },
    "processingEngineSqlDatabaseUserName": {
      "type": "string",
      "minLength": 1,
      "defaultValue": "processingengineuser"
    },
    "processingEngineSqlDatabasePassword": {
      "type": "securestring",
      "minLength": 8,
      "defaultValue": "[concat(toUpper(uniqueString('processingengine', parameters('passwordSalt'))), uniqueString('processingengine', parameters('sqlServerPassword'), parameters('passwordSalt')), toUpper(uniqueString('processingengine', parameters('sitecoreAdminPassword'), parameters('passwordSalt'))), '4@')]"
    },
    "reportingSqlDatabaseUserName": {
      "type": "string",
      "minLength": 1,
      "defaultValue": "reportinguser"
    },
    "reportingSqlDatabasePassword": {
      "type": "securestring",
      "minLength": 8,
      "defaultValue": "[concat(toUpper(uniqueString('reporting', parameters('passwordSalt'))), uniqueString('reporting', parameters('sqlServerPassword'), parameters('passwordSalt')), toUpper(uniqueString('reporting', parameters('sitecoreAdminPassword'), parameters('passwordSalt'))), '4@')]"
    },

    "searchServiceName": {
      "type": "string",
      "defaultValue": "[concat(parameters('deploymentId'), '-as')]"
    },
    "xcSearchIndexName": {
      "type": "string",
      "minLength": 1,
      "defaultValue": "xdb"
    },

    "xcSolrConnectionString": {
      "type": "securestring",
      "defaultValue": ""
    },
    "machineLearningServerConnectionString": {
      "type": "securestring",
      "defaultValue": ""
    },

    "useApplicationInsights": {
      "type": "bool",
      "defaultValue": true
    },
    "applicationInsightsName": {
      "type": "string",
      "minLength": 1,
      "defaultValue": "[concat(parameters('deploymentId'), '-ai')]"
    },

    "xcSingleWebAppName": {
      "type": "string",
      "minLength": 1,
      "defaultValue": "[concat(parameters('deploymentId'), '-xc-single')]"
    },

    "xcSingleMsDeployPackageUrl": {
      "type": "securestring",
      "minLength": 1
    },

    "xcServerConfigurationEnvironment": {
      "type": "string",
      "defaultValue": "Production",
      "allowedValues": [ "Development", "Production" ]
    },

    "allowInvalidClientCertificates": {
      "type": "bool",
      "defaultValue": false
    },

    "passwordSalt": {
      "type": "securestring",
      "minLength": 1,
      "defaultValue": "[resourceGroup().id]"
    },
    "machineLearningServerBlobEndpointCertificatePath": {
      "type": "string",
      "defaultValue": ""
    },
    "machineLearningServerBlobEndpointCertificatePassword": {
      "type": "securestring",
      "defaultValue": ""
    },
    "machineLearningServerTableEndpointCertificatePath": {
      "type": "string",
      "defaultValue": ""
    },
    "machineLearningServerTableEndpointCertificatePassword": {
      "type": "securestring",
      "defaultValue": ""
    },
    "machineLearningServerEndpointCertificationAuthorityCertificatePath": {
      "type": "string",
      "defaultValue": ""
    },
    
    "environmentType": {
      "type": "string",
      "defaultValue": "Non-Production"
    }
  },
  "resources": [
    {
      "apiVersion": "[variables('resourcesApiVersion')]",
      "name": "[concat(parameters('deploymentId'), '-application-xc-as')]",
      "condition": "[equals(variables('searchProvider'), 'Azure')]",
      "type": "Microsoft.Resources/deployments",
      "properties": {
        "mode": "Incremental",
        "templateLink": {
          "uri": "[concat(uri(parameters('templateLinkBase'), 'application-xc-as.json'), parameters('templateLinkAccessToken'))]"
        },
        "parameters": {
          "infrastructure": {
            "value": "[parameters('infrastructure')]"
          },

          "deploymentId": {
            "value": "[parameters('deploymentId')]"
          },
          "location": {
            "value": "[parameters('location')]"
          },

          "sitecoreAdminPassword": {
            "value": "[parameters('sitecoreAdminPassword')]"
          },
          "licenseXml": {
            "value": "[parameters('licenseXml')]"
          },

          "sqlServerLogin": {
            "value": "[parameters('sqlServerLogin')]"
          },
          "sqlServerPassword": {
            "value": "[parameters('sqlServerPassword')]"
          },

          "poolsSqlDatabaseName": {
            "value": "[parameters('poolsSqlDatabaseName')]"
          },
          "shardMapManagerSqlDatabaseName": {
            "value": "[parameters('shardMapManagerSqlDatabaseName')]"
          },
          "shard0SqlDatabaseName": {
            "value": "[parameters('shard0SqlDatabaseName')]"
          },
          "shard1SqlDatabaseName": {
            "value": "[parameters('shard1SqlDatabaseName')]"
          },
          "refDataSqlDatabaseName": {
            "value": "[parameters('refDataSqlDatabaseName')]"
          },
          "reportingSqlDatabaseName": {
            "value": "[parameters('reportingSqlDatabaseName')]"
          },
          "maSqlDatabaseName": {
            "value": "[parameters('maSqlDatabaseName')]"
          },
          "messagingSqlDatabaseName": {
            "value": "[parameters('messagingSqlDatabaseName')]"
          },
          "processingEngineTasksSqlDatabaseName": {
            "value": "[parameters('processingEngineTasksSqlDatabaseName')]"
          },
          "processingEngineStorageSqlDatabaseName": {
            "value": "[parameters('processingEngineStorageSqlDatabaseName')]"
          },


          "poolsSqlDatabaseUserName": {
            "value": "[parameters('poolsSqlDatabaseUserName')]"
          },
          "poolsSqlDatabasePassword": {
            "value": "[parameters('poolsSqlDatabasePassword')]"
          },
          "xcRefDataSqlDatabaseUserName": {
            "value": "[parameters('xcRefDataSqlDatabaseUserName')]"
          },
          "xcRefDataSqlDatabasePassword": {
            "value": "[parameters('xcRefDataSqlDatabasePassword')]"
          },
          "reportingSqlDatabaseUserName": {
            "value": "[parameters('reportingSqlDatabaseUserName')]"
          },
          "reportingSqlDatabasePassword": {
            "value": "[parameters('reportingSqlDatabasePassword')]"
          },
          "xcShardMapManagerSqlDatabaseUserName": {
            "value": "[parameters('xcShardMapManagerSqlDatabaseUserName')]"
          },
          "xcShardMapManagerSqlDatabasePassword": {
            "value": "[parameters('xcShardMapManagerSqlDatabasePassword')]"
          },
          "xcMaSqlDatabaseUserName": {
            "value": "[parameters('xcMaSqlDatabaseUserName')]"
          },
          "xcMaSqlDatabasePassword": {
            "value": "[parameters('xcMaSqlDatabasePassword')]"
          },
          "messagingSqlDatabaseUserName": {
            "value": "[parameters('messagingSqlDatabaseUserName')]"
          },
          "messagingSqlDatabasePassword": {
            "value": "[parameters('messagingSqlDatabasePassword')]"
          },
          "processingEngineSqlDatabaseUserName": {
            "value": "[parameters('processingEngineSqlDatabaseUserName')]"
          },
          "processingEngineSqlDatabasePassword": {
            "value": "[parameters('processingEngineSqlDatabasePassword')]"
          },

          "searchServiceName": {
            "value": "[parameters('searchServiceName')]"
          },
          "xcSearchIndexName": {
            "value": "[parameters('xcSearchIndexName')]"
          },

          "machineLearningServerConnectionString": {
            "value": "[parameters('machineLearningServerConnectionString')]"
          },

          "useApplicationInsights": {
            "value": "[parameters('useApplicationInsights')]"
          },
          "applicationInsightsName": {
            "value": "[parameters('applicationInsightsName')]"
          },

          "xcSingleWebAppName": {
            "value": "[parameters('xcSingleWebAppName')]"
          },

          "xcSingleMsDeployPackageUrl": {
            "value": "[parameters('xcSingleMsDeployPackageUrl')]"
          },

          "xcServerConfigurationEnvironment": {
            "value": "[parameters('xcServerConfigurationEnvironment')]"
          },

          "allowInvalidClientCertificates": {
            "value": "[parameters('allowInvalidClientCertificates')]"
          },

          "passwordSalt": {
            "value": "[parameters('passwordSalt')]"
          },

          "machineLearningServerBlobEndpointCertificatePath": {
            "value": "[parameters('machineLearningServerBlobEndpointCertificatePath')]"
          },
          "machineLearningServerBlobEndpointCertificatePassword": {
            "value": "[parameters('machineLearningServerBlobEndpointCertificatePassword')]"
          },
          "machineLearningServerTableEndpointCertificatePath": {
            "value": "[parameters('machineLearningServerTableEndpointCertificatePath')]"
          },
          "machineLearningServerTableEndpointCertificatePassword": {
            "value": "[parameters('machineLearningServerTableEndpointCertificatePassword')]"
          },
          "machineLearningServerEndpointCertificationAuthorityCertificatePath": {
            "value": "[parameters('machineLearningServerEndpointCertificationAuthorityCertificatePath')]"
          },

          "environmentType": {
            "value": "[parameters('environmentType')]"
          }
        }
      }
    },
    {
      "apiVersion": "[variables('resourcesApiVersion')]",
      "name": "[concat(parameters('deploymentId'), '-application-xc-solr')]",
      "condition": "[not(equals(variables('searchProvider'), 'Azure'))]",
      "type": "Microsoft.Resources/deployments",
      "properties": {
        "mode": "Incremental",
        "templateLink": {
          "uri": "[concat(uri(parameters('templateLinkBase'), 'application-xc-solr.json'), parameters('templateLinkAccessToken'))]"
        },
        "parameters": {
          "infrastructure": {
            "value": "[parameters('infrastructure')]"
          },

          "deploymentId": {
            "value": "[parameters('deploymentId')]"
          },
          "location": {
            "value": "[parameters('location')]"
          },

          "sitecoreAdminPassword": {
            "value": "[parameters('sitecoreAdminPassword')]"
          },
          "licenseXml": {
            "value": "[parameters('licenseXml')]"
          },

          "sqlServerLogin": {
            "value": "[parameters('sqlServerLogin')]"
          },
          "sqlServerPassword": {
            "value": "[parameters('sqlServerPassword')]"
          },

          "poolsSqlDatabaseName": {
            "value": "[parameters('poolsSqlDatabaseName')]"
          },
          "shardMapManagerSqlDatabaseName": {
            "value": "[parameters('shardMapManagerSqlDatabaseName')]"
          },
          "shard0SqlDatabaseName": {
            "value": "[parameters('shard0SqlDatabaseName')]"
          },
          "shard1SqlDatabaseName": {
            "value": "[parameters('shard1SqlDatabaseName')]"
          },
          "refDataSqlDatabaseName": {
            "value": "[parameters('refDataSqlDatabaseName')]"
          },
          "reportingSqlDatabaseName": {
            "value": "[parameters('reportingSqlDatabaseName')]"
          },
          "maSqlDatabaseName": {
            "value": "[parameters('maSqlDatabaseName')]"
          },
          "messagingSqlDatabaseName": {
            "value": "[parameters('messagingSqlDatabaseName')]"
          },
          "processingEngineTasksSqlDatabaseName": {
            "value": "[parameters('processingEngineTasksSqlDatabaseName')]"
          },
          "processingEngineStorageSqlDatabaseName": {
            "value": "[parameters('processingEngineStorageSqlDatabaseName')]"
          },

          "poolsSqlDatabaseUserName": {
            "value": "[parameters('poolsSqlDatabaseUserName')]"
          },
          "poolsSqlDatabasePassword": {
            "value": "[parameters('poolsSqlDatabasePassword')]"
          },
          "xcRefDataSqlDatabaseUserName": {
            "value": "[parameters('xcRefDataSqlDatabaseUserName')]"
          },
          "xcRefDataSqlDatabasePassword": {
            "value": "[parameters('xcRefDataSqlDatabasePassword')]"
          },
          "reportingSqlDatabaseUserName": {
            "value": "[parameters('reportingSqlDatabaseUserName')]"
          },
          "reportingSqlDatabasePassword": {
            "value": "[parameters('reportingSqlDatabasePassword')]"
          },
          "xcShardMapManagerSqlDatabaseUserName": {
            "value": "[parameters('xcShardMapManagerSqlDatabaseUserName')]"
          },
          "xcShardMapManagerSqlDatabasePassword": {
            "value": "[parameters('xcShardMapManagerSqlDatabasePassword')]"
          },
          "xcMaSqlDatabaseUserName": {
            "value": "[parameters('xcMaSqlDatabaseUserName')]"
          },
          "xcMaSqlDatabasePassword": {
            "value": "[parameters('xcMaSqlDatabasePassword')]"
          },
          "messagingSqlDatabaseUserName": {
            "value": "[parameters('messagingSqlDatabaseUserName')]"
          },
          "messagingSqlDatabasePassword": {
            "value": "[parameters('messagingSqlDatabasePassword')]"
          },
          "processingEngineSqlDatabaseUserName": {
            "value": "[parameters('processingEngineSqlDatabaseUserName')]"
          },
          "processingEngineSqlDatabasePassword": {
            "value": "[parameters('processingEngineSqlDatabasePassword')]"
          },


          "xcSearchIndexName": {
            "value": "[parameters('xcSearchIndexName')]"
          },

          "xcSolrConnectionString": {
            "value": "[parameters('xcSolrConnectionString')]"
          },

          "machineLearningServerConnectionString": {
            "value": "[parameters('machineLearningServerConnectionString')]"
          },

          "useApplicationInsights": {
            "value": "[parameters('useApplicationInsights')]"
          },
          "applicationInsightsName": {
            "value": "[parameters('applicationInsightsName')]"
          },

          "xcSingleWebAppName": {
            "value": "[parameters('xcSingleWebAppName')]"
          },

          "xcSingleMsDeployPackageUrl": {
            "value": "[parameters('xcSingleMsDeployPackageUrl')]"
          },

          "xcServerConfigurationEnvironment": {
            "value": "[parameters('xcServerConfigurationEnvironment')]"
          },

          "allowInvalidClientCertificates": {
            "value": "[parameters('allowInvalidClientCertificates')]"
          },

          "passwordSalt": {
            "value": "[parameters('passwordSalt')]"
          },

          "machineLearningServerBlobEndpointCertificatePath": {
            "value": "[parameters('machineLearningServerBlobEndpointCertificatePath')]"
          },
          "machineLearningServerBlobEndpointCertificatePassword": {
            "value": "[parameters('machineLearningServerBlobEndpointCertificatePassword')]"
          },
          "machineLearningServerTableEndpointCertificatePath": {
            "value": "[parameters('machineLearningServerTableEndpointCertificatePath')]"
          },
          "machineLearningServerTableEndpointCertificatePassword": {
            "value": "[parameters('machineLearningServerTableEndpointCertificatePassword')]"
          },
          "machineLearningServerEndpointCertificationAuthorityCertificatePath": {
            "value": "[parameters('machineLearningServerEndpointCertificationAuthorityCertificatePath')]"
          },

          "environmentType": {
            "value": "[parameters('environmentType')]"
          }
        }
      }
    }
  ]
}
