{
  "$schema": "http://schema.management.azure.com/schemas/2015-01-01/deploymentTemplate.json#",
  "contentVersion": "1.0.0.0",
  "variables": {
    "webApiVersion": "2018-02-01",
    "serverFarmApiVersion": "2018-02-01",
    "dbApiVersion": "2014-04-01-preview",

    "sqlServerNameTidy": "[toLower(trim(parameters('sqlServerName')))]",

    "shardMapManagerSqlDatabaseNameTidy": "[toLower(trim(parameters('shardMapManagerSqlDatabaseName')))]",
    "shard0SqlDatabaseNameTidy": "[toLower(trim(parameters('shard0SqlDatabaseName')))]",
    "shard1SqlDatabaseNameTidy": "[toLower(trim(parameters('shard1SqlDatabaseName')))]",
    "refDataSqlDatabaseNameTidy": "[toLower(trim(parameters('refDataSqlDatabaseName')))]",
    "reportingSqlDatabaseNameTidy": "[toLower(trim(parameters('reportingSqlDatabaseName')))]",
    "maSqlDatabaseNameTidy": "[toLower(trim(parameters('maSqlDatabaseName')))]",
    "messagingSqlDatabaseNameTidy": "[toLower(trim(parameters('messagingSqlDatabaseName')))]",
    "processingEngineTasksSqlDatabaseNameTidy": "[toLower(trim(parameters('processingEngineTasksSqlDatabaseName')))]",
    "processingEngineStorageSqlDatabaseNameTidy": "[toLower(trim(parameters('processingEngineStorageSqlDatabaseName')))]",

    "xcSingleHostingPlanNameTidy": "[toLower(trim(parameters('xcSingleHostingPlanName')))]",

    "xcSingleWebAppNameTidy": "[toLower(trim(parameters('xcSingleWebAppName')))]",

    "sitecoreTags": {
      "provider": "b51535c2-ab3e-4a68-95f8-e2e3c9a19299",
      "xcSingle": "xc-single",
      "xcRefData": "xc-refdata",
      "reporting": "reporting",
      "xcShard0": "xc-shard-0",
      "xcShard1": "xc-shard-1",
      "xcShardMapManager": "xc-smm",
      "ma": "ma",
      "messaging": "messaging",
      "cortexProcessingEngineTasks": "processingenginetasks",
      "cortexProcessingEngineStorage": "processingenginestorage"
    }
  },
  "parameters": {
    "deploymentId": {
      "type": "string",
      "defaultValue": "[resourceGroup().name]"
    },
    "location": {
      "type": "string",
      "minLength": 1,
      "defaultValue": "[resourceGroup().location]"
    },

    "sqlServerName": {
      "type": "string",
      "minLength": 1,
      "defaultValue": "[concat(parameters('deploymentId'), '-sql')]"
    },

    "sqlDatabaseCollation": {
      "type": "string",
      "minLength": 1,
      "defaultValue": "SQL_Latin1_General_CP1_CI_AS"
    },
    "sqlDatabaseEdition": {
      "type": "string",
      "minLength": 1,
      "defaultValue": "Standard"
    },
    "sqlDatabaseMaxSize": {
      "type": "string",
      "minLength": 1,
      "defaultValue": "268435456000"
    },
    "sqlBasicDatabaseServiceObjectiveLevel": {
      "type": "string",
      "minLength": 1,
      "defaultValue": "S0"
    },

    "shardMapManagerSqlDatabaseName": {
      "type": "string",
      "minLength": 1,
      "defaultValue": "[concat(parameters('deploymentId'), '-smm-db')]"
    },
    "shard0SqlDatabaseName": {
      "type": "string",
      "minLength": 1,
      "defaultValue": "[concat(parameters('deploymentId'), '-shard0-db')]"
    },
    "shard1SqlDatabaseName": {
      "type": "string",
      "minLength": 1,
      "defaultValue": "[concat(parameters('deploymentId'), '-shard1-db')]"
    },
    "refDataSqlDatabaseName": {
      "type": "string",
      "minLength": 1,
      "defaultValue": "[concat(parameters('deploymentId'), '-refdata-db')]"
    },
    "reportingSqlDatabaseName": {
      "type": "string",
      "minLength": 1,
      "defaultValue": "[concat(parameters('deploymentId'), '-reporting-db')]"
    },
    "maSqlDatabaseName": {
      "type": "string",
      "minLength": 1,
      "defaultValue": "[concat(parameters('deploymentId'), '-ma-db')]"
    },
    "messagingSqlDatabaseName": {
      "type": "string",
      "minLength": 1,
      "defaultValue": "[concat(parameters('deploymentId'), '-messaging-db')]"
    },
    "processingEngineTasksSqlDatabaseName": {
      "type": "string",
      "minLength": 1,
      "defaultValue": "[concat(parameters('deploymentId'), '-processingenginetasks-db')]"
    },
    "processingEngineStorageSqlDatabaseName": {
      "type": "string",
      "minLength": 1,
      "defaultValue": "[concat(parameters('deploymentId'), '-processingenginestorage-db')]"
    },

    "xcSingleHostingPlanName": {
      "type": "string",
      "minLength": 1,
      "defaultValue": "[concat(parameters('deploymentId'), '-xc-single-hp')]"
    },
    "xcSingleHostingPlanSkuName": {
      "type": "string",
      "defaultValue": "S1"
    },
    "xcSingleHostingPlanSkuCapacity": {
      "type": "int",
      "defaultValue": 1
    },

    "xcSingleWebAppName": {
      "type": "string",
      "minLength": 1,
      "defaultValue": "[concat(parameters('deploymentId'), '-xc-single')]"
    }
  },
  "resources": [
    {
      "type": "Microsoft.Web/serverfarms",
      "name": "[variables('xcSingleHostingPlanNameTidy')]",
      "apiVersion": "[variables('serverFarmApiVersion')]",
      "sku": {
        "name": "[parameters('xcSingleHostingPlanSkuName')]",
        "capacity": "[parameters('xcSingleHostingPlanSkuCapacity')]"
      },
      "properties": {
        "name": "[variables('xcSingleHostingPlanNameTidy')]"
      },
      "location": "[parameters('location')]",
      "tags": {
        "provider": "[variables('sitecoreTags').provider]",
        "logicalName": "[variables('sitecoreTags').xcSingle]"
      }
    },
    {
      "type": "Microsoft.Web/sites",
      "name": "[variables('xcSingleWebAppNameTidy')]",
      "apiVersion": "[variables('webApiVersion')]",
      "properties": {
        "clientCertEnabled": true,
        "serverFarmId": "[resourceId('Microsoft.Web/serverfarms', variables('xcSingleHostingPlanNameTidy'))]",
        "siteConfig": {
          "use32BitWorkerProcess": false,
          "alwaysOn": true,
          "phpVersion": "",
          "defaultDocuments": [
            "index.html"
          ]
        }
      },
      "location": "[parameters('location')]",
      "dependsOn": [
        "[resourceId('Microsoft.Web/serverfarms', variables('xcSingleHostingPlanNameTidy'))]"
      ],
      "tags": {
        "provider": "[variables('sitecoreTags').provider]",
        "logicalName": "[variables('sitecoreTags').xcSingle]"
      }
    },
    {
      "type": "Microsoft.Sql/servers/databases",
      "name": "[concat(variables('sqlServerNameTidy'), '/', variables('refDataSqlDatabaseNameTidy'))]",
      "location": "[parameters('location')]",
      "apiVersion": "[variables('dbApiVersion')]",
      "properties": {
        "edition": "[parameters('sqlDatabaseEdition')]",
        "collation": "[parameters('sqlDatabaseCollation')]",
        "maxSizeBytes": "[parameters('sqlDatabaseMaxSize')]",
        "requestedServiceObjectiveName": "[parameters('sqlBasicDatabaseServiceObjectiveLevel')]"
      },
      "resources": [
        {
          "name": "current",
          "type": "transparentDataEncryption",
          "dependsOn": [
            "[variables('refDataSqlDatabaseNameTidy')]"
          ],
          "apiVersion": "2014-04-01",
          "properties": {
            "status": "Enabled"
          }
        }
      ],
      "tags": {
        "provider": "[variables('sitecoreTags').provider]",
        "logicalName": "[variables('sitecoreTags').xcRefData]"
      }
    },
    {
      "type": "Microsoft.Sql/servers/databases",
      "name": "[concat(variables('sqlServerNameTidy'), '/', variables('reportingSqlDatabaseNameTidy'))]",
      "location": "[parameters('location')]",
      "apiVersion": "[variables('dbApiVersion')]",
      "properties": {
        "edition": "[parameters('sqlDatabaseEdition')]",
        "collation": "[parameters('sqlDatabaseCollation')]",
        "maxSizeBytes": "[parameters('sqlDatabaseMaxSize')]",
        "requestedServiceObjectiveName": "[parameters('sqlBasicDatabaseServiceObjectiveLevel')]"
      },
      "resources": [
        {
          "name": "current",
          "type": "transparentDataEncryption",
          "dependsOn": [
            "[variables('reportingSqlDatabaseNameTidy')]"
          ],
          "apiVersion": "2014-04-01",
          "properties": {
            "status": "Enabled"
          }
        }
      ],
      "tags": {
        "provider": "[variables('sitecoreTags').provider]",
        "logicalName": "[variables('sitecoreTags').reporting]"
      }
    },
    {
      "type": "Microsoft.Sql/servers/databases",
      "name": "[concat(variables('sqlServerNameTidy'), '/', variables('shardMapManagerSqlDatabaseNameTidy'))]",
      "location": "[parameters('location')]",
      "apiVersion": "[variables('dbApiVersion')]",
      "properties": {
        "edition": "[parameters('sqlDataBaseEdition')]",
        "collation": "[parameters('sqlDatabaseCollation')]",
        "maxSizeBytes": "[parameters('sqlDatabaseMaxSize')]",
        "requestedServiceObjectiveName": "[parameters('sqlBasicDatabaseServiceObjectiveLevel')]"
      },
      "resources": [
        {
          "name": "current",
          "type": "transparentDataEncryption",
          "dependsOn": [
            "[variables('shardMapManagerSqlDatabaseNameTidy')]"
          ],
          "apiVersion": "2014-04-01",
          "properties": {
            "status": "Enabled"
          }
        }
      ],
      "tags": {
        "provider": "[variables('sitecoreTags').provider]",
        "logicalName": "[variables('sitecoreTags').xcShardMapManager]"
      }
    },
    {
      "type": "Microsoft.Sql/servers/databases",
      "name": "[concat(variables('sqlServerNameTidy'), '/', variables('shard0SqlDatabaseNameTidy'))]",
      "location": "[parameters('location')]",
      "apiVersion": "[variables('dbApiVersion')]",
      "properties": {
        "edition": "[parameters('sqlDataBaseEdition')]",
        "collation": "[parameters('sqlDatabaseCollation')]",
        "maxSizeBytes": "[parameters('sqlDatabaseMaxSize')]",
        "requestedServiceObjectiveName": "[parameters('sqlBasicDatabaseServiceObjectiveLevel')]"
      },
      "resources": [
        {
          "name": "current",
          "type": "transparentDataEncryption",
          "dependsOn": [
            "[variables('shard0SqlDatabaseNameTidy')]"
          ],
          "apiVersion": "2014-04-01",
          "properties": {
            "status": "Enabled"
          }
        }
      ],
      "tags": {
        "provider": "[variables('sitecoreTags').provider]",
        "logicalName": "[variables('sitecoreTags').xcShard0]"
      }
    },
    {
      "type": "Microsoft.Sql/servers/databases",
      "name": "[concat(variables('sqlServerNameTidy'), '/', variables('shard1SqlDatabaseNameTidy'))]",
      "location": "[parameters('location')]",
      "apiVersion": "[variables('dbApiVersion')]",
      "properties": {
        "edition": "[parameters('sqlDataBaseEdition')]",
        "collation": "[parameters('sqlDatabaseCollation')]",
        "maxSizeBytes": "[parameters('sqlDatabaseMaxSize')]",
        "requestedServiceObjectiveName": "[parameters('sqlBasicDatabaseServiceObjectiveLevel')]"
      },
      "resources": [
        {
          "name": "current",
          "type": "transparentDataEncryption",
          "dependsOn": [
            "[variables('shard1SqlDatabaseNameTidy')]"
          ],
          "apiVersion": "2014-04-01",
          "properties": {
            "status": "Enabled"
          }
        }
      ],
      "tags": {
        "provider": "[variables('sitecoreTags').provider]",
        "logicalName": "[variables('sitecoreTags').xcShard1]"
      }
    },
    {
      "type": "Microsoft.Sql/servers/databases",
      "name": "[concat(variables('sqlServerNameTidy'), '/', variables('maSqlDatabaseNameTidy'))]",
      "location": "[parameters('location')]",
      "apiVersion": "[variables('dbApiVersion')]",
      "properties": {
        "edition": "[parameters('sqlDataBaseEdition')]",
        "collation": "[parameters('sqlDatabaseCollation')]",
        "maxSizeBytes": "[parameters('sqlDatabaseMaxSize')]",
        "requestedServiceObjectiveName": "[parameters('sqlBasicDatabaseServiceObjectiveLevel')]"
      },
      "resources": [
        {
          "name": "current",
          "type": "transparentDataEncryption",
          "dependsOn": [
            "[variables('maSqlDatabaseNameTidy')]"
          ],
          "apiVersion": "2014-04-01",
          "properties": {
            "status": "Enabled"
          }
        }
      ],
      "tags": {
        "provider": "[variables('sitecoreTags').provider]",
        "logicalName": "[variables('sitecoreTags').ma]"
      }
    },
    {
      "type": "Microsoft.Sql/servers/databases",
      "name": "[concat(variables('sqlServerNameTidy'), '/', variables('messagingSqlDatabaseNameTidy'))]",
      "location": "[parameters('location')]",
      "apiVersion": "[variables('dbApiVersion')]",
      "properties": {
        "edition": "[parameters('sqlDataBaseEdition')]",
        "collation": "[parameters('sqlDatabaseCollation')]",
        "maxSizeBytes": "[parameters('sqlDatabaseMaxSize')]",
        "requestedServiceObjectiveName": "[parameters('sqlBasicDatabaseServiceObjectiveLevel')]"
      },
      "resources": [
        {
          "name": "current",
          "type": "transparentDataEncryption",
          "dependsOn": [
            "[variables('messagingSqlDatabaseNameTidy')]"
          ],
          "apiVersion": "2014-04-01",
          "properties": {
            "status": "Enabled"
          }
        }
      ],
      "tags": {
        "provider": "[variables('sitecoreTags').provider]",
        "logicalName": "[variables('sitecoreTags').messaging]"
      }
    },
    {
      "type": "Microsoft.Sql/servers/databases",
      "name": "[concat(variables('sqlServerNameTidy'), '/', variables('processingEngineTasksSqlDatabaseNameTidy'))]",
      "location": "[parameters('location')]",
      "apiVersion": "[variables('dbApiVersion')]",
      "properties": {
        "edition": "[parameters('sqlDatabaseEdition')]",
        "collation": "[parameters('sqlDatabaseCollation')]",
        "maxSizeBytes": "[parameters('sqlDatabaseMaxSize')]",
        "requestedServiceObjectiveName": "[parameters('sqlBasicDatabaseServiceObjectiveLevel')]"
      },
      "resources": [
        {
          "name": "current",
          "type": "transparentDataEncryption",
          "dependsOn": [
            "[variables('processingEngineTasksSqlDatabaseNameTidy')]"
          ],
          "apiVersion": "2014-04-01",
          "properties": {
            "status": "Enabled"
          }
        }
      ],
      "tags": {
        "provider": "[variables('sitecoreTags').provider]",
        "logicalName": "[variables('sitecoreTags').cortexProcessingEngineTasks]"
      }
    },
    {
      "type": "Microsoft.Sql/servers/databases",
      "name": "[concat(variables('sqlServerNameTidy'), '/', variables('processingEngineStorageSqlDatabaseNameTidy'))]",
      "location": "[parameters('location')]",
      "apiVersion": "[variables('dbApiVersion')]",
      "properties": {
        "edition": "[parameters('sqlDatabaseEdition')]",
        "collation": "[parameters('sqlDatabaseCollation')]",
        "maxSizeBytes": "[parameters('sqlDatabaseMaxSize')]",
        "requestedServiceObjectiveName": "[parameters('sqlBasicDatabaseServiceObjectiveLevel')]"
      },
      "resources": [
        {
          "name": "current",
          "type": "transparentDataEncryption",
          "dependsOn": [
            "[variables('processingEngineStorageSqlDatabaseNameTidy')]"
          ],
          "apiVersion": "2014-04-01",
          "properties": {
            "status": "Enabled"
          }
        }
      ],
      "tags": {
        "provider": "[variables('sitecoreTags').provider]",
        "logicalName": "[variables('sitecoreTags').cortexProcessingEngineStorage]"
      }
    }
  ]
}
