{
  "$schema": "http://schema.management.azure.com/schemas/2015-01-01/deploymentTemplate.json#",
  "contentVersion": "1.0.0.0",
  "variables": {
    "webApiVersion": "2018-02-01",
    "serverFarmApiVersion": "2018-02-01",
    "dbApiVersion": "2014-04-01-preview",
    "searchApiVersion": "2015-08-19",
    "applicationInsightsApiVersion": "2015-05-01",
    "certificateApiVersion": "2014-11-01",

    "sqlServerNameTidy": "[toLower(trim(parameters('sqlServerName')))]",

    "coreSqlDatabaseNameTidy": "[toLower(trim(parameters('coreSqlDatabaseName')))]",
    "masterSqlDatabaseNameTidy": "[toLower(trim(parameters('masterSqlDatabaseName')))]",
    "poolsSqlDatabaseNameTidy": "[toLower(trim(parameters('poolsSqlDatabaseName')))]",
    "tasksSqlDatabaseNameTidy": "[toLower(trim(parameters('tasksSqlDatabaseName')))]",

    "singleHostingPlanNameTidy": "[toLower(trim(parameters('singleHostingPlanName')))]",

    "singleWebAppNameTidy": "[toLower(trim(parameters('singleWebAppName')))]",

    "searchServiceNameTidy": "[toLower(trim(parameters('searchServiceName')))]",

    "applicationInsightsNameTidy": "[toLower(trim(parameters('applicationInsightsName')))]",
    "applicationInsightsPricePlanTidy": "[toLower(trim(parameters('applicationInsightsPricePlan')))]",

    "authCertificateNameTidy": "[toLower(trim(parameters('authCertificateName')))]",

    "sitecoreTags": {
      "provider": "b51535c2-ab3e-4a68-95f8-e2e3c9a19299",
      "single": "single",
      "core": "core",
      "master": "master",
      "web": "web",
      "pools": "prc-pools",
      "tasks": "prc-tasks"
    }
  },
  "parameters": {
    "deploymentId": {
      "type": "string",
      "defaultValue": "[resourceGroup().name]"
    },
    "location": {
      "type": "string",
      "minLength": 1,
      "defaultValue": "[resourceGroup().location]"
    },

    "sqlServerName": {
      "type": "string",
      "minLength": 1,
      "defaultValue": "[concat(parameters('deploymentId'), '-sql')]"
    },
    "sqlServerLogin": {
      "type": "string",
      "minLength": 1
    },
    "sqlServerPassword": {
      "type": "securestring",
      "minLength": 8
    },

    "sqlServerVersion": {
      "type": "string",
      "minLength": 1,
      "defaultValue": "12.0"
    },
    "sqlDatabaseCollation": {
      "type": "string",
      "minLength": 1,
      "defaultValue": "SQL_Latin1_General_CP1_CI_AS"
    },
    "sqlDatabaseEdition": {
      "type": "string",
      "minLength": 1,
      "defaultValue": "Standard"
    },
    "sqlDatabaseMaxSize": {
      "type": "string",
      "minLength": 1,
      "defaultValue": "268435456000"
    },
    "sqlBasicDatabaseServiceObjectiveLevel": {
      "type": "string",
      "minLength": 1,
      "defaultValue": "S0"
    },
    "sqlDatabaseServiceObjectiveLevel": {
      "type": "string",
      "minLength": 1,
      "defaultValue": "S1"
    },

    "coreSqlDatabaseName": {
      "type": "string",
      "minLength": 1,
      "defaultValue": "[concat(parameters('deploymentId'), '-core-db')]"
    },
    "masterSqlDatabaseName": {
      "type": "string",
      "minLength": 1,
      "defaultValue": "[concat(parameters('deploymentId'), '-master-db')]"
    },
    "poolsSqlDatabaseName": {
      "type": "string",
      "minLength": 1,
      "defaultValue": "[concat(parameters('deploymentId'), '-pools-db')]"
    },
    "tasksSqlDatabaseName": {
      "type": "string",
      "minLength": 1,
      "defaultValue": "[concat(parameters('deploymentId'), '-tasks-db')]"
    },

    "deployAzureSearch": {
      "type": "bool",
      "defaultValue": true
    },

    "searchServiceName": {
      "type": "string",
      "defaultValue": "[concat(parameters('deploymentId'), '-as')]"
    },
    "searchServiceLocation": {
      "type": "string",
      "defaultValue": "[parameters('location')]"
    },
    "searchServiceSkuName": {
      "type": "string",
      "defaultValue": "Standard"
    },
    "searchServiceReplicaCount": {
      "type": "int",
      "defaultValue": 1
    },
    "searchServicePartitionCount": {
      "type": "int",
      "defaultValue": 1
    },

    "useApplicationInsights": {
      "type": "bool",
      "defaultValue": true
    },
    "applicationInsightsName": {
      "type": "string",
      "minLength": 1,
      "defaultValue": "[concat(parameters('deploymentId'), '-ai')]"
    },
    "applicationInsightsLocation": {
      "type": "string",
      "defaultValue": "East US"
    },
    "applicationInsightsPricePlan": {
      "type": "string",
      "minLength": 1,
      "defaultValue": "[concat(parameters('deploymentId'), '-ai-pp')]"
    },
    "applicationInsightsCurrentBillingFeatures": {
      "type": "string",
      "defaultValue": "Basic",
      "allowedValues": [ "Basic", "Application Insights Enterprise" ]
    },
    "applicationInsightsDataVolumeCap": {
      "type": "string",
      "defaultValue": "0.33"
    },

    "singleHostingPlanName": {
      "type": "string",
      "minLength": 1,
      "defaultValue": "[concat(parameters('deploymentId'), '-single-hp')]"
    },
    "singleHostingPlanSkuName": {
      "type": "string",
      "defaultValue": "S1"
    },
    "singleHostingPlanSkuCapacity": {
      "type": "int",
      "defaultValue": 1
    },

    "singleWebAppName": {
      "type": "string",
      "minLength": 1,
      "defaultValue": "[concat(parameters('deploymentId'), '-single')]"
    },
    "authCertificateName": {
      "type": "string",
      "minLength": 1,
      "defaultValue": "[concat(parameters('deploymentId'), '-auth')]"
    },
    "authCertificateBlob": {
      "type": "securestring",
      "minLength": 1
    },
    "authCertificatePassword": {
      "type": "securestring",
      "minLength": 1
    }
  },
  "resources": [
    {
      "type": "Microsoft.Web/serverfarms",
      "name": "[variables('singleHostingPlanNameTidy')]",
      "apiVersion": "[variables('serverFarmApiVersion')]",
      "sku": {
        "name": "[parameters('singleHostingPlanSkuName')]",
        "capacity": "[parameters('singleHostingPlanSkuCapacity')]"
      },
      "properties": {
        "name": "[variables('singleHostingPlanNameTidy')]"
      },
      "location": "[parameters('location')]",
      "tags": {
        "provider": "[variables('sitecoreTags').provider]",
        "logicalName": "[variables('sitecoreTags').single]"
      }
    },
    {
      "type": "Microsoft.Web/sites",
      "name": "[variables('singleWebAppNameTidy')]",
      "apiVersion": "[variables('webApiVersion')]",
      "properties": {
        "serverFarmId": "[resourceId('Microsoft.Web/serverfarms', variables('singleHostingPlanNameTidy'))]",
        "siteConfig": {
          "use32BitWorkerProcess": false,
          "alwaysOn": true,
          "phpVersion": "",
          "defaultDocuments": [
            "index.html"
          ]
        }
      },
      "location": "[parameters('location')]",
      "dependsOn": [
        "[resourceId('Microsoft.Web/serverfarms', variables('singleHostingPlanNameTidy'))]"
      ],
      "tags": {
        "provider": "[variables('sitecoreTags').provider]",
        "logicalName": "[variables('sitecoreTags').single]"
      }
    },
    {
      "type": "Microsoft.Sql/servers",
      "apiVersion": "[variables('dbApiVersion')]",
      "properties": {
        "administratorLogin": "[parameters('sqlServerLogin')]",
        "administratorLoginPassword": "[parameters('sqlServerPassword')]",
        "version": "[parameters('sqlServerVersion')]"
      },
      "name": "[variables('sqlServerNameTidy')]",
      "location": "[parameters('location')]",
      "tags": {
        "provider": "[variables('sitecoreTags').provider]"
      },
      "resources": [
        {
          "type": "firewallrules",
          "apiVersion": "[variables('dbApiVersion')]",
          "properties": {
            "endIpAddress": "0.0.0.0",
            "startIpAddress": "0.0.0.0"
          },
          "name": "AllowAllAzureIps",
          "dependsOn": [ "[resourceId('Microsoft.Sql/servers', variables('sqlServerNameTidy'))]" ]
        },
        {
          "type": "databases",
          "apiVersion": "[variables('dbApiVersion')]",
          "properties": {
            "edition": "[parameters('sqlDatabaseEdition')]",
            "collation": "[parameters('sqlDatabaseCollation')]",
            "maxSizeBytes": "[parameters('sqlDatabaseMaxSize')]",
            "requestedServiceObjectiveName": "[parameters('sqlDatabaseServiceObjectiveLevel')]"
          },
          "resources": [
            {
              "name": "current",
              "type": "transparentDataEncryption",
              "dependsOn": [
                "[variables('coreSqlDatabaseNameTidy')]"
              ],
              "apiVersion": "2014-04-01",
              "properties": {
                "status": "Enabled"
              }
            }
          ],
          "name": "[variables('coreSqlDatabaseNameTidy')]",
          "location": "[parameters('location')]",
          "dependsOn": [ "[resourceId('Microsoft.Sql/servers', variables('sqlServerNameTidy'))]" ],
          "tags": {
            "provider": "[variables('sitecoreTags').provider]",
            "logicalName": "[variables('sitecoreTags').core]"
          }
        },
        {
          "type": "databases",
          "apiVersion": "[variables('dbApiVersion')]",
          "properties": {
            "edition": "[parameters('sqlDatabaseEdition')]",
            "collation": "[parameters('sqlDatabaseCollation')]",
            "maxSizeBytes": "[parameters('sqlDatabaseMaxSize')]",
            "requestedServiceObjectiveName": "[parameters('sqlBasicDatabaseServiceObjectiveLevel')]"
          },
          "resources": [
            {
              "name": "current",
              "type": "transparentDataEncryption",
              "dependsOn": [
                "[variables('masterSqlDatabaseNameTidy')]"
              ],
              "apiVersion": "2014-04-01",
              "properties": {
                "status": "Enabled"
              }
            }
          ],
          "name": "[variables('masterSqlDatabaseNameTidy')]",
          "location": "[parameters('location')]",
          "dependsOn": [ "[resourceId('Microsoft.Sql/servers', variables('sqlServerNameTidy'))]" ],
          "tags": {
            "provider": "[variables('sitecoreTags').provider]",
            "logicalName": "[variables('sitecoreTags').master]"
          }
        },
        {
          "type": "databases",
          "apiVersion": "[variables('dbApiVersion')]",
          "properties": {
            "edition": "[parameters('sqlDatabaseEdition')]",
            "collation": "[parameters('sqlDatabaseCollation')]",
            "maxSizeBytes": "[parameters('sqlDatabaseMaxSize')]",
            "requestedServiceObjectiveName": "[parameters('sqlBasicDatabaseServiceObjectiveLevel')]"
          },
          "resources": [
            {
              "name": "current",
              "type": "transparentDataEncryption",
              "dependsOn": [
                "[variables('poolsSqlDatabaseNameTidy')]"
              ],
              "apiVersion": "2014-04-01",
              "properties": {
                "status": "Enabled"
              }
            }
          ],
          "name": "[variables('poolsSqlDatabaseNameTidy')]",
          "location": "[parameters('location')]",
          "dependsOn": [ "[resourceId('Microsoft.Sql/servers', variables('sqlServerNameTidy'))]" ],
          "tags": {
            "provider": "[variables('sitecoreTags').provider]",
            "logicalName": "[variables('sitecoreTags').pools]"
          }
        },
        {
          "type": "databases",
          "apiVersion": "[variables('dbApiVersion')]",
          "properties": {
            "edition": "[parameters('sqlDatabaseEdition')]",
            "collation": "[parameters('sqlDatabaseCollation')]",
            "maxSizeBytes": "[parameters('sqlDatabaseMaxSize')]",
            "requestedServiceObjectiveName": "[parameters('sqlBasicDatabaseServiceObjectiveLevel')]"
          },
          "resources": [
            {
              "name": "current",
              "type": "transparentDataEncryption",
              "dependsOn": [
                "[variables('tasksSqlDatabaseNameTidy')]"
              ],
              "apiVersion": "2014-04-01",
              "properties": {
                "status": "Enabled"
              }
            }
          ],
          "name": "[variables('tasksSqlDatabaseNameTidy')]",
          "location": "[parameters('location')]",
          "dependsOn": [ "[resourceId('Microsoft.Sql/servers', variables('sqlServerNameTidy'))]" ],
          "tags": {
            "provider": "[variables('sitecoreTags').provider]",
            "logicalName": "[variables('sitecoreTags').tasks]"
          }
        }
      ]
    },
    {
      "type": "Microsoft.Search/searchServices",
      "condition": "[parameters('deployAzureSearch')]",
      "apiVersion": "[variables('searchApiVersion')]",
      "name": "[variables('searchServiceNameTidy')]",
      "location": "[if(parameters('deployAzureSearch'), parameters('searchServiceLocation'), 'westus')]",
      "sku": {
        "name": "[toLower(parameters('searchServiceSkuName'))]"
      },
      "properties": {
        "replicaCount": "[parameters('searchServiceReplicaCount')]",
        "partitionCount": "[parameters('searchServicePartitionCount')]"
      },
      "tags": {
        "provider": "[variables('sitecoreTags').provider]"
      }
    },
    {
      "type": "Microsoft.Insights/Components",
      "condition": "[parameters('useApplicationInsights')]",
      "name": "[variables('applicationInsightsNameTidy')]",
      "apiVersion": "[variables('applicationInsightsApiVersion')]",
      "location": "[parameters('applicationInsightsLocation')]",
      "properties": {
        "ApplicationId": "[variables('applicationInsightsNameTidy')]",
        "Application_Type": "web"
      },
      "tags": {
        "provider": "[variables('sitecoreTags').provider]"
      }
    },
    {
      "type": "Microsoft.Insights/Components/CurrentBillingFeatures",
      "condition": "[parameters('useApplicationInsights')]",
      "name": "[concat(variables('applicationInsightsNameTidy'), '/', variables('applicationInsightsPricePlanTidy'))]",
      "location": "[parameters('applicationInsightsLocation')]",
      "apiVersion": "[variables('applicationInsightsApiVersion')]",
      "properties": {
        "CurrentBillingFeatures": "[parameters('applicationInsightsCurrentBillingFeatures')]",
        "DataVolumeCap": {
          "Cap": "[float(parameters('applicationInsightsDataVolumeCap'))]"
        }
      },
      "dependsOn": [
        "[resourceId('Microsoft.Insights/Components', variables('applicationInsightsNameTidy'))]"
      ],
      "tags": {
        "provider": "[variables('sitecoreTags').provider]"
      }
    },
    {
      "type": "Microsoft.Web/certificates",
      "name": "[variables('authCertificateNameTidy')]",
      "apiVersion": "[variables('certificateApiVersion')]",
      "location": "[parameters('location')]",
      "dependsOn": [
        "[resourceId('Microsoft.Web/serverfarms', variables('singleHostingPlanNameTidy'))]"
      ],
      "properties": {
        "password": "[parameters('authCertificatePassword')]",
        "pfxBlob": "[parameters('authCertificateBlob')]"
      },
      "tags": {
        "provider": "[variables('sitecoreTags').provider]"
      }
    }
  ],
  "outputs": {
    "infrastructure": {
      "type": "object",
      "value": {
        "sqlServerFqdn": "[reference(concat('Microsoft.Sql/servers/', variables('sqlServerNameTidy'))).fullyQualifiedDomainName]",
        "authCertificateThumbprint": "[reference(resourceId('Microsoft.Web/certificates', variables('authCertificateNameTidy'))).thumbprint]"
      }
    }
  }
}