<?xml version="1.0" encoding="utf-8"?> <?xml-stylesheet type="text/xsl" href="http://www.sitecore.net/licenseviewer/license.xsl"?><signedlicense id="20180806215615"><Signature><SignedInfo xmlns="http://www.w3.org/2000/09/xmldsig#"><CanonicalizationMethod Algorithm="http://www.w3.org/TR/2001/REC-xml-c14n-20010315" /><SignatureMethod Algorithm="http://www.w3.org/2000/09/xmldsig#rsa-sha1" /><Reference URI="#SiteCore.License"><DigestMethod Algorithm="http://www.w3.org/2000/09/xmldsig#sha1" /><DigestValue>evHnIIz5tImJgSJ3Yy5VRyN28mg=</DigestValue></Reference></SignedInfo><SignatureValue xmlns="http://www.w3.org/2000/09/xmldsig#">F76xxkVMjF0z63x+eQAacUSWqhxmRsHb07EAa2/oUymjsFiTtXF4NQY4yhf/h/A3NZtI1QwViHirUEO4XyykiD2UgatsoQWY6tfGSVlmItJRwm3wE7U+ZlyvBXX43lZmucevZlTiGdUp7S9kCGFVWR2jYlBzj28CT1IUFssk1kY=</SignatureValue><KeyInfo xmlns="http://www.w3.org/2000/09/xmldsig#"><KeyValue><RSAKeyValue><Modulus>wRSGFs73V0JMKVVRCX9pEVmluvNojvtDvzHduZ+pX458q9THGbti8zEty6ydF7nxVFCRriONFm6w+PtcZhRT+eXMb21jzY6biII4BXdh91BmVZ96FyYROMnHS6zjfK7+oDbsVV8XWkZ11DiHa+9wySxQcc4fBd23xGYpo52p2fc=</Modulus><Exponent>AQAB</Exponent></RSAKeyValue></KeyValue></KeyInfo><Object Id="SiteCore.License" xmlns="http://www.w3.org/2000/09/xmldsig#"><license xmlns=""><id>20180806215615</id><expiration>20190831T000000</expiration><version>9</version><urls>?</urls><licensee>True Clarity Ltd.</licensee><companyno /><purpose /><address /><countryiso /><country>United Kingdom</country><reseller /><resellerurl /><licenseagreement id="{41192D07-0B58-4957-BEBB-C4BEEAC3878A}" title="License Agreement"><![CDATA[Your usage rights to the Sitecore Software are as set forth in your license agreement with Sitecore.]]></licenseagreement></license></Object></Signature><Signature><SignedInfo xmlns="http://www.w3.org/2000/09/xmldsig#"><CanonicalizationMethod Algorithm="http://www.w3.org/TR/2001/REC-xml-c14n-20010315" /><SignatureMethod Algorithm="http://www.w3.org/2000/09/xmldsig#rsa-sha1" /><Reference URI="#Sitecore.AdaptivePrint"><DigestMethod Algorithm="http://www.w3.org/2000/09/xmldsig#sha1" /><DigestValue>gr++pCgfrX1ku4/ZxE7u1MLpU5o=</DigestValue></Reference></SignedInfo><SignatureValue xmlns="http://www.w3.org/2000/09/xmldsig#">Bi7iOdbKSKer/xUpt7qcJ4sr2hC5nluKRucPty+hqODrc2UARaH9XiEUwyaF3ArDba+6zHr1lVdvMWN/3pSNG5OglI9gOEM9KvlYwJ26WMZWE2kPm3xHEHFbmZeWc5cxcWJrBhyrfj5piQyxQSDQZLvWRyi436bZXApCzZZ1sJw=</SignatureValue><KeyInfo xmlns="http://www.w3.org/2000/09/xmldsig#"><KeyValue><RSAKeyValue><Modulus>wRSGFs73V0JMKVVRCX9pEVmluvNojvtDvzHduZ+pX458q9THGbti8zEty6ydF7nxVFCRriONFm6w+PtcZhRT+eXMb21jzY6biII4BXdh91BmVZ96FyYROMnHS6zjfK7+oDbsVV8XWkZ11DiHa+9wySxQcc4fBd23xGYpo52p2fc=</Modulus><Exponent>AQAB</Exponent></RSAKeyValue></KeyValue></KeyInfo><Object Id="Sitecore.AdaptivePrint" xmlns="http://www.w3.org/2000/09/xmldsig#"><module xmlns=""><idref>20180806215615</idref><name>Sitecore.AdaptivePrint</name><count>1</count><expiration>20190831T000000</expiration><version>9</version><comment /><licenseagreement>?</licenseagreement></module></Object></Signature><Signature><SignedInfo xmlns="http://www.w3.org/2000/09/xmldsig#"><CanonicalizationMethod Algorithm="http://www.w3.org/TR/2001/REC-xml-c14n-20010315" /><SignatureMethod Algorithm="http://www.w3.org/2000/09/xmldsig#rsa-sha1" /><Reference URI="#Sitecore.AnyMTA"><DigestMethod Algorithm="http://www.w3.org/2000/09/xmldsig#sha1" /><DigestValue>8evWzOviAKVTUszP/A7cO3sJ4sY=</DigestValue></Reference></SignedInfo><SignatureValue xmlns="http://www.w3.org/2000/09/xmldsig#">M68olr6JrJgmhd3Kb6pUp7PBAF+x6/gjiKMEG12FcJOmDmYDKgkdsNyi/mVWT9WWAYkF+Cj5TV/FHn2RTcbKzYnjJkKu9gF71Zb8a/1Ar5nAz5xWxJ+S8T4M0TzWbOubKL0IjG0VvehmoRoRQiPNyaMonjOUIZ+VGHzEdBfWKFs=</SignatureValue><KeyInfo xmlns="http://www.w3.org/2000/09/xmldsig#"><KeyValue><RSAKeyValue><Modulus>wRSGFs73V0JMKVVRCX9pEVmluvNojvtDvzHduZ+pX458q9THGbti8zEty6ydF7nxVFCRriONFm6w+PtcZhRT+eXMb21jzY6biII4BXdh91BmVZ96FyYROMnHS6zjfK7+oDbsVV8XWkZ11DiHa+9wySxQcc4fBd23xGYpo52p2fc=</Modulus><Exponent>AQAB</Exponent></RSAKeyValue></KeyValue></KeyInfo><Object Id="Sitecore.AnyMTA" xmlns="http://www.w3.org/2000/09/xmldsig#"><module xmlns=""><idref>20180806215615</idref><name>Sitecore.AnyMTA</name><count>1</count><expiration>20190831T000000</expiration><version>9</version><comment /><licenseagreement>?</licenseagreement></module></Object></Signature><Signature><SignedInfo xmlns="http://www.w3.org/2000/09/xmldsig#"><CanonicalizationMethod Algorithm="http://www.w3.org/TR/2001/REC-xml-c14n-20010315" /><SignatureMethod Algorithm="http://www.w3.org/2000/09/xmldsig#rsa-sha1" /><Reference URI="#Sitecore.Automation"><DigestMethod Algorithm="http://www.w3.org/2000/09/xmldsig#sha1" /><DigestValue>P+cLo4I6IscFn0SqgS8px/jgWOw=</DigestValue></Reference></SignedInfo><SignatureValue xmlns="http://www.w3.org/2000/09/xmldsig#">N285fMfN2h8G3LiE0dzjOyRzJynjX471meJ4osn9fuWQftxK1XS8JNiLJ9J3jhJuRcsaAoWSLk7zNR/8/fI/IE2WjxS/wkNo4ZtR8eNgKRGP0gwxjEq0qguwU0O0XefujsxOXvl+Xezig6LDn0CGeu8dJ+57P9MWS7HczZU/r9w=</SignatureValue><KeyInfo xmlns="http://www.w3.org/2000/09/xmldsig#"><KeyValue><RSAKeyValue><Modulus>wRSGFs73V0JMKVVRCX9pEVmluvNojvtDvzHduZ+pX458q9THGbti8zEty6ydF7nxVFCRriONFm6w+PtcZhRT+eXMb21jzY6biII4BXdh91BmVZ96FyYROMnHS6zjfK7+oDbsVV8XWkZ11DiHa+9wySxQcc4fBd23xGYpo52p2fc=</Modulus><Exponent>AQAB</Exponent></RSAKeyValue></KeyValue></KeyInfo><Object Id="Sitecore.Automation" xmlns="http://www.w3.org/2000/09/xmldsig#"><module xmlns=""><idref>20180806215615</idref><name>Sitecore.Automation</name><count>1</count><expiration>20190831T000000</expiration><version>9</version><comment /><licenseagreement>?</licenseagreement></module></Object></Signature><Signature><SignedInfo xmlns="http://www.w3.org/2000/09/xmldsig#"><CanonicalizationMethod Algorithm="http://www.w3.org/TR/2001/REC-xml-c14n-20010315" /><SignatureMethod Algorithm="http://www.w3.org/2000/09/xmldsig#rsa-sha1" /><Reference URI="#Sitecore.Azure.DeploymentInstallation"><DigestMethod Algorithm="http://www.w3.org/2000/09/xmldsig#sha1" /><DigestValue>MgtRallN2UVjyR2kkeB0t4OGQiM=</DigestValue></Reference></SignedInfo><SignatureValue xmlns="http://www.w3.org/2000/09/xmldsig#">gAM9FdEtJH1qGfQ+ypucKil5wkR/m5lzaqeRb4itow2trdjcU6LGWh3p9U2n7+7MPvRXgp69xkQaXYc4/ZcAug/rICk0qWiKaohtIAIRxdUNg4JrJs9bfUrPQhuHYYZiTfDB2Gre2TeAU6rdPBRg9bXVOuTJpSTc03eaoiokCZw=</SignatureValue><KeyInfo xmlns="http://www.w3.org/2000/09/xmldsig#"><KeyValue><RSAKeyValue><Modulus>wRSGFs73V0JMKVVRCX9pEVmluvNojvtDvzHduZ+pX458q9THGbti8zEty6ydF7nxVFCRriONFm6w+PtcZhRT+eXMb21jzY6biII4BXdh91BmVZ96FyYROMnHS6zjfK7+oDbsVV8XWkZ11DiHa+9wySxQcc4fBd23xGYpo52p2fc=</Modulus><Exponent>AQAB</Exponent></RSAKeyValue></KeyValue></KeyInfo><Object Id="Sitecore.Azure.DeploymentInstallation" xmlns="http://www.w3.org/2000/09/xmldsig#"><module xmlns=""><idref>20180806215615</idref><name>Sitecore.Azure.DeploymentInstallation</name><count>1</count><expiration>20190831T000000</expiration><version>9</version><comment /><licenseagreement>?</licenseagreement></module></Object></Signature><Signature><SignedInfo xmlns="http://www.w3.org/2000/09/xmldsig#"><CanonicalizationMethod Algorithm="http://www.w3.org/TR/2001/REC-xml-c14n-20010315" /><SignatureMethod Algorithm="http://www.w3.org/2000/09/xmldsig#rsa-sha1" /><Reference URI="#Sitecore.Azure.EnablementInstallation"><DigestMethod Algorithm="http://www.w3.org/2000/09/xmldsig#sha1" /><DigestValue>/X0y3Zu1cT4qApLM2ITEGAIV1eo=</DigestValue></Reference></SignedInfo><SignatureValue xmlns="http://www.w3.org/2000/09/xmldsig#">Fvf+vR0OPvVvPw4tUEMQYmnkTKmRuPCIMyV0/4AnW7h+J+45Ixqi4hwjsZJID08WX03zlreEDroHQk3WTweH8v09r4Gz5xIUhap42/PvRGIcB5Kem2LuKLao4C+vLwHD0/wWzuLHTzvc0fK7oM53B/sJgQ4Bi9ccsbqeiOVJQsQ=</SignatureValue><KeyInfo xmlns="http://www.w3.org/2000/09/xmldsig#"><KeyValue><RSAKeyValue><Modulus>wRSGFs73V0JMKVVRCX9pEVmluvNojvtDvzHduZ+pX458q9THGbti8zEty6ydF7nxVFCRriONFm6w+PtcZhRT+eXMb21jzY6biII4BXdh91BmVZ96FyYROMnHS6zjfK7+oDbsVV8XWkZ11DiHa+9wySxQcc4fBd23xGYpo52p2fc=</Modulus><Exponent>AQAB</Exponent></RSAKeyValue></KeyValue></KeyInfo><Object Id="Sitecore.Azure.EnablementInstallation" xmlns="http://www.w3.org/2000/09/xmldsig#"><module xmlns=""><idref>20180806215615</idref><name>Sitecore.Azure.EnablementInstallation</name><count>1</count><expiration>20190831T000000</expiration><version>9</version><comment /><licenseagreement>?</licenseagreement></module></Object></Signature><Signature><SignedInfo xmlns="http://www.w3.org/2000/09/xmldsig#"><CanonicalizationMethod Algorithm="http://www.w3.org/TR/2001/REC-xml-c14n-20010315" /><SignatureMethod Algorithm="http://www.w3.org/2000/09/xmldsig#rsa-sha1" /><Reference URI="#Sitecore.Calendar"><DigestMethod Algorithm="http://www.w3.org/2000/09/xmldsig#sha1" /><DigestValue>ZWy0HCWT2d4VTiHsNNjvw7d1no0=</DigestValue></Reference></SignedInfo><SignatureValue xmlns="http://www.w3.org/2000/09/xmldsig#">R99LLzwbkRgey/tYewLr65twmp9vfoHVixJtUdn23d8RLmEXLnM0eWsqLDVGdQydlY1YZ9lMUdd0cJ1ncfaebI8FXRSxP1wcpJS5d90F5/5sVju7PFyyApoP4Y6mmAfdf6XbZhGk1LaPiB0VPy4sc0hAD5dken1zCfHmaSQBnbI=</SignatureValue><KeyInfo xmlns="http://www.w3.org/2000/09/xmldsig#"><KeyValue><RSAKeyValue><Modulus>wRSGFs73V0JMKVVRCX9pEVmluvNojvtDvzHduZ+pX458q9THGbti8zEty6ydF7nxVFCRriONFm6w+PtcZhRT+eXMb21jzY6biII4BXdh91BmVZ96FyYROMnHS6zjfK7+oDbsVV8XWkZ11DiHa+9wySxQcc4fBd23xGYpo52p2fc=</Modulus><Exponent>AQAB</Exponent></RSAKeyValue></KeyValue></KeyInfo><Object Id="Sitecore.Calendar" xmlns="http://www.w3.org/2000/09/xmldsig#"><module xmlns=""><idref>20180806215615</idref><name>Sitecore.Calendar</name><count>1</count><expiration>20190831T000000</expiration><version>9</version><comment /><licenseagreement>?</licenseagreement></module></Object></Signature><Signature><SignedInfo xmlns="http://www.w3.org/2000/09/xmldsig#"><CanonicalizationMethod Algorithm="http://www.w3.org/TR/2001/REC-xml-c14n-20010315" /><SignatureMethod Algorithm="http://www.w3.org/2000/09/xmldsig#rsa-sha1" /><Reference URI="#Sitecore.Commerce.Connect"><DigestMethod Algorithm="http://www.w3.org/2000/09/xmldsig#sha1" /><DigestValue>OLRDhra0G0IjFDh7bbbWxDSZyFc=</DigestValue></Reference></SignedInfo><SignatureValue xmlns="http://www.w3.org/2000/09/xmldsig#">T8YQS5aOZcXopH3nwc+8LBMWLDnrFJwDWNhdk3kYo1MSdsOwECWzMU6c3hEn4th7T40mwQwBrFoaHv/A2rdGhW9HIXYnIRG6D5VUl6NzB524JeEuE/aKmrhCqRpJFZeKpS+cIwRbR3rf3Qm8KspH9St6IIb+zSIVnv9x8nemCZM=</SignatureValue><KeyInfo xmlns="http://www.w3.org/2000/09/xmldsig#"><KeyValue><RSAKeyValue><Modulus>wRSGFs73V0JMKVVRCX9pEVmluvNojvtDvzHduZ+pX458q9THGbti8zEty6ydF7nxVFCRriONFm6w+PtcZhRT+eXMb21jzY6biII4BXdh91BmVZ96FyYROMnHS6zjfK7+oDbsVV8XWkZ11DiHa+9wySxQcc4fBd23xGYpo52p2fc=</Modulus><Exponent>AQAB</Exponent></RSAKeyValue></KeyValue></KeyInfo><Object Id="Sitecore.Commerce.Connect" xmlns="http://www.w3.org/2000/09/xmldsig#"><module xmlns=""><idref>20180806215615</idref><name>Sitecore.Commerce.Connect</name><count>1</count><expiration>20190831T000000</expiration><version>9</version><comment /><licenseagreement>?</licenseagreement></module></Object></Signature><Signature><SignedInfo xmlns="http://www.w3.org/2000/09/xmldsig#"><CanonicalizationMethod Algorithm="http://www.w3.org/TR/2001/REC-xml-c14n-20010315" /><SignatureMethod Algorithm="http://www.w3.org/2000/09/xmldsig#rsa-sha1" /><Reference URI="#Sitecore.Commerce.ConnectPartner"><DigestMethod Algorithm="http://www.w3.org/2000/09/xmldsig#sha1" /><DigestValue>9eBvwFRAl8XEmJ1o9+t4WxGQr54=</DigestValue></Reference></SignedInfo><SignatureValue xmlns="http://www.w3.org/2000/09/xmldsig#">pU0K1iwiqBwCjsn29g1s38D35kgYsUzk0dwolsqyF90JU/V9TuAM0iYq6DaTKYRORwoUTxvfA+rVRmn+ihbiTbEfUnE50w5erVInsnorhI7wx0e5tPgcfBwDYrjIqQxFjm1TPNL0XTW82YuOjDGgvPqoHoS16jHgxJfoRJ8RIa0=</SignatureValue><KeyInfo xmlns="http://www.w3.org/2000/09/xmldsig#"><KeyValue><RSAKeyValue><Modulus>wRSGFs73V0JMKVVRCX9pEVmluvNojvtDvzHduZ+pX458q9THGbti8zEty6ydF7nxVFCRriONFm6w+PtcZhRT+eXMb21jzY6biII4BXdh91BmVZ96FyYROMnHS6zjfK7+oDbsVV8XWkZ11DiHa+9wySxQcc4fBd23xGYpo52p2fc=</Modulus><Exponent>AQAB</Exponent></RSAKeyValue></KeyValue></KeyInfo><Object Id="Sitecore.Commerce.ConnectPartner" xmlns="http://www.w3.org/2000/09/xmldsig#"><module xmlns=""><idref>20180806215615</idref><name>Sitecore.Commerce.ConnectPartner</name><count>1</count><expiration>20190831T000000</expiration><version>9</version><comment /><licenseagreement>?</licenseagreement></module></Object></Signature><Signature><SignedInfo xmlns="http://www.w3.org/2000/09/xmldsig#"><CanonicalizationMethod Algorithm="http://www.w3.org/TR/2001/REC-xml-c14n-20010315" /><SignatureMethod Algorithm="http://www.w3.org/2000/09/xmldsig#rsa-sha1" /><Reference URI="#Sitecore.CommerceServer.Integrated"><DigestMethod Algorithm="http://www.w3.org/2000/09/xmldsig#sha1" /><DigestValue>zyOmE+lrxXEJ4uOg/bHLY2dHZzA=</DigestValue></Reference></SignedInfo><SignatureValue xmlns="http://www.w3.org/2000/09/xmldsig#">XvSwaeTvus1FFjSFnFQVpGuDUOF8za/NgQDTivyUaoAC09MRxDLbHuVx185KTgTVKhIj2HoXYwgN2A46xdc7wA75BUwMBqO/kQrsoSsHUbzfG2dP2BXHpbKsu8wVielUVcUTLRrDecam55f4pjr4gxlHDqkyu3Iz8CeIfeTM/kE=</SignatureValue><KeyInfo xmlns="http://www.w3.org/2000/09/xmldsig#"><KeyValue><RSAKeyValue><Modulus>wRSGFs73V0JMKVVRCX9pEVmluvNojvtDvzHduZ+pX458q9THGbti8zEty6ydF7nxVFCRriONFm6w+PtcZhRT+eXMb21jzY6biII4BXdh91BmVZ96FyYROMnHS6zjfK7+oDbsVV8XWkZ11DiHa+9wySxQcc4fBd23xGYpo52p2fc=</Modulus><Exponent>AQAB</Exponent></RSAKeyValue></KeyValue></KeyInfo><Object Id="Sitecore.CommerceServer.Integrated" xmlns="http://www.w3.org/2000/09/xmldsig#"><module xmlns=""><idref>20180806215615</idref><name>Sitecore.CommerceServer.Integrated</name><count>1</count><expiration>20190831T000000</expiration><version>9</version><comment /><licenseagreement>?</licenseagreement></module></Object></Signature><Signature><SignedInfo xmlns="http://www.w3.org/2000/09/xmldsig#"><CanonicalizationMethod Algorithm="http://www.w3.org/TR/2001/REC-xml-c14n-20010315" /><SignatureMethod Algorithm="http://www.w3.org/2000/09/xmldsig#rsa-sha1" /><Reference URI="#Sitecore.CommerceServer.ProdManagement"><DigestMethod Algorithm="http://www.w3.org/2000/09/xmldsig#sha1" /><DigestValue>NgQ/Rgkm4JUyGaKjqXp6MUGijEA=</DigestValue></Reference></SignedInfo><SignatureValue xmlns="http://www.w3.org/2000/09/xmldsig#">tDt/1SjmHF06n2Yx4OxleJxxpNTBTcN6tpPkWvLOtphf2FjHjial2HyMvcrzyMi6Hfbsrsh3jzXRIfJfy1KUkUB1zFV4qFZespjUTSp53ntaRj8cv9xKoJ1Qy2uj2eSm52TS22n53JBRIsJfDrl+FYgRs54LqS0iEZ3vCA0rQZQ=</SignatureValue><KeyInfo xmlns="http://www.w3.org/2000/09/xmldsig#"><KeyValue><RSAKeyValue><Modulus>wRSGFs73V0JMKVVRCX9pEVmluvNojvtDvzHduZ+pX458q9THGbti8zEty6ydF7nxVFCRriONFm6w+PtcZhRT+eXMb21jzY6biII4BXdh91BmVZ96FyYROMnHS6zjfK7+oDbsVV8XWkZ11DiHa+9wySxQcc4fBd23xGYpo52p2fc=</Modulus><Exponent>AQAB</Exponent></RSAKeyValue></KeyValue></KeyInfo><Object Id="Sitecore.CommerceServer.ProdManagement" xmlns="http://www.w3.org/2000/09/xmldsig#"><module xmlns=""><idref>20180806215615</idref><name>Sitecore.CommerceServer.ProdManagement</name><count>1</count><expiration>20190831T000000</expiration><version>9</version><comment /><licenseagreement>?</licenseagreement></module></Object></Signature><Signature><SignedInfo xmlns="http://www.w3.org/2000/09/xmldsig#"><CanonicalizationMethod Algorithm="http://www.w3.org/TR/2001/REC-xml-c14n-20010315" /><SignatureMethod Algorithm="http://www.w3.org/2000/09/xmldsig#rsa-sha1" /><Reference URI="#Sitecore.CommerceServer.Runtime"><DigestMethod Algorithm="http://www.w3.org/2000/09/xmldsig#sha1" /><DigestValue>S6GSvADSNzzQpUCSpaQcrcJZiko=</DigestValue></Reference></SignedInfo><SignatureValue xmlns="http://www.w3.org/2000/09/xmldsig#">l8kFolZq2k8RQBidG86JtpMLQuQSpxYXG6UJX8dDX9NB3rGR7FPqxUk9PExTmrqre7S+/q3ncWYRB/OT8S35hEY4y0ie4RIthgUVeTzC69lHByIWseF7TnDyYClee7U5nAsKuOxuh1BMOVO6nDz4OkMAjUhCiTJWCxV7ww+D03g=</SignatureValue><KeyInfo xmlns="http://www.w3.org/2000/09/xmldsig#"><KeyValue><RSAKeyValue><Modulus>wRSGFs73V0JMKVVRCX9pEVmluvNojvtDvzHduZ+pX458q9THGbti8zEty6ydF7nxVFCRriONFm6w+PtcZhRT+eXMb21jzY6biII4BXdh91BmVZ96FyYROMnHS6zjfK7+oDbsVV8XWkZ11DiHa+9wySxQcc4fBd23xGYpo52p2fc=</Modulus><Exponent>AQAB</Exponent></RSAKeyValue></KeyValue></KeyInfo><Object Id="Sitecore.CommerceServer.Runtime" xmlns="http://www.w3.org/2000/09/xmldsig#"><module xmlns=""><idref>20180806215615</idref><name>Sitecore.CommerceServer.Runtime</name><count>1</count><expiration>20190831T000000</expiration><version>9</version><comment /><licenseagreement>?</licenseagreement></module></Object></Signature><Signature><SignedInfo xmlns="http://www.w3.org/2000/09/xmldsig#"><CanonicalizationMethod Algorithm="http://www.w3.org/TR/2001/REC-xml-c14n-20010315" /><SignatureMethod Algorithm="http://www.w3.org/2000/09/xmldsig#rsa-sha1" /><Reference URI="#SiteCore.ContentManager"><DigestMethod Algorithm="http://www.w3.org/2000/09/xmldsig#sha1" /><DigestValue>BxVn5kFcUGIsVCPE0oVmQfu5+uY=</DigestValue></Reference></SignedInfo><SignatureValue xmlns="http://www.w3.org/2000/09/xmldsig#">JL1Gi7jx75lbWgVYEH34lFGE0X33PXHTqZvfYNduMqdZu4lXjRKX9LN5g0iTOq4fPThOXQ3B/cGsHR9D5JKrbH/vGjqto3C8o+plrRRh/utygW3IwXF8XPL+aSa83cm1WLfcrLz3yQi+CGvDJjiJxiMhi/6zI6CcjWZR3q1FtJ0=</SignatureValue><KeyInfo xmlns="http://www.w3.org/2000/09/xmldsig#"><KeyValue><RSAKeyValue><Modulus>wRSGFs73V0JMKVVRCX9pEVmluvNojvtDvzHduZ+pX458q9THGbti8zEty6ydF7nxVFCRriONFm6w+PtcZhRT+eXMb21jzY6biII4BXdh91BmVZ96FyYROMnHS6zjfK7+oDbsVV8XWkZ11DiHa+9wySxQcc4fBd23xGYpo52p2fc=</Modulus><Exponent>AQAB</Exponent></RSAKeyValue></KeyValue></KeyInfo><Object Id="SiteCore.ContentManager" xmlns="http://www.w3.org/2000/09/xmldsig#"><module xmlns=""><idref>20180806215615</idref><name>SiteCore.ContentManager</name><count>1</count><expiration>20190831T000000</expiration><version>9</version><comment /><licenseagreement>?</licenseagreement></module></Object></Signature><Signature><SignedInfo xmlns="http://www.w3.org/2000/09/xmldsig#"><CanonicalizationMethod Algorithm="http://www.w3.org/TR/2001/REC-xml-c14n-20010315" /><SignatureMethod Algorithm="http://www.w3.org/2000/09/xmldsig#rsa-sha1" /><Reference URI="#SiteCore.Developer"><DigestMethod Algorithm="http://www.w3.org/2000/09/xmldsig#sha1" /><DigestValue>NHKNUOXSqKtBO7HejbmMnocmnf4=</DigestValue></Reference></SignedInfo><SignatureValue xmlns="http://www.w3.org/2000/09/xmldsig#">e4AjcyQJhbnwMfo8J5fHIeKZob5PzuZHeMhIAbwS+mGE/JnJO+P03qjiDWrdGBCIcxa3AAIquz/hBkKx+THef9m12YNavyS+mWi88OfdoZSqBcwZmgGvsuIqlA04aptREI8nwSzj6oa0HGZADSCFVlB+f8Nw0kjit9fSlg8BZno=</SignatureValue><KeyInfo xmlns="http://www.w3.org/2000/09/xmldsig#"><KeyValue><RSAKeyValue><Modulus>wRSGFs73V0JMKVVRCX9pEVmluvNojvtDvzHduZ+pX458q9THGbti8zEty6ydF7nxVFCRriONFm6w+PtcZhRT+eXMb21jzY6biII4BXdh91BmVZ96FyYROMnHS6zjfK7+oDbsVV8XWkZ11DiHa+9wySxQcc4fBd23xGYpo52p2fc=</Modulus><Exponent>AQAB</Exponent></RSAKeyValue></KeyValue></KeyInfo><Object Id="SiteCore.Developer" xmlns="http://www.w3.org/2000/09/xmldsig#"><module xmlns=""><idref>20180806215615</idref><name>SiteCore.Developer</name><count>10000</count><expiration>20190831T000000</expiration><version>9</version><comment /><licenseagreement>?</licenseagreement></module></Object></Signature><Signature><SignedInfo xmlns="http://www.w3.org/2000/09/xmldsig#"><CanonicalizationMethod Algorithm="http://www.w3.org/TR/2001/REC-xml-c14n-20010315" /><SignatureMethod Algorithm="http://www.w3.org/2000/09/xmldsig#rsa-sha1" /><Reference URI="#Sitecore.Domain"><DigestMethod Algorithm="http://www.w3.org/2000/09/xmldsig#sha1" /><DigestValue>Fe0/KbybaPCTomVP+kCEaOMQxmo=</DigestValue></Reference></SignedInfo><SignatureValue xmlns="http://www.w3.org/2000/09/xmldsig#">EPDsFPZMh+PQLnc1W4gejq4k/1wDivi8LxzEofsOLwzspPH/v1C4Xq/xdA+v1MYyB/01iCMtv338qs8RS3VEhzNwMj4arHVkfUsg/MDcarQe9zjxBI9nbKIC8JYbsuidvAi7AwJ1LOrWBBJxJIRpPU6KLn6cMiDiW/5U/kfRXX4=</SignatureValue><KeyInfo xmlns="http://www.w3.org/2000/09/xmldsig#"><KeyValue><RSAKeyValue><Modulus>wRSGFs73V0JMKVVRCX9pEVmluvNojvtDvzHduZ+pX458q9THGbti8zEty6ydF7nxVFCRriONFm6w+PtcZhRT+eXMb21jzY6biII4BXdh91BmVZ96FyYROMnHS6zjfK7+oDbsVV8XWkZ11DiHa+9wySxQcc4fBd23xGYpo52p2fc=</Modulus><Exponent>AQAB</Exponent></RSAKeyValue></KeyValue></KeyInfo><Object Id="Sitecore.Domain" xmlns="http://www.w3.org/2000/09/xmldsig#"><module xmlns=""><idref>20180806215615</idref><name>Sitecore.Domain</name><count>10000</count><expiration>20190831T000000</expiration><version>9</version><comment /><licenseagreement>?</licenseagreement></module></Object></Signature><Signature><SignedInfo xmlns="http://www.w3.org/2000/09/xmldsig#"><CanonicalizationMethod Algorithm="http://www.w3.org/TR/2001/REC-xml-c14n-20010315" /><SignatureMethod Algorithm="http://www.w3.org/2000/09/xmldsig#rsa-sha1" /><Reference URI="#SiteCore.dtSearch"><DigestMethod Algorithm="http://www.w3.org/2000/09/xmldsig#sha1" /><DigestValue>BXtFf7g+0x0p7LdKH3Lc4jfjax4=</DigestValue></Reference></SignedInfo><SignatureValue xmlns="http://www.w3.org/2000/09/xmldsig#">MO/0M7to6pvwJsRPoZg+JgEmoQ+jXMMyvnPDtm6DISnYv4+RFga9tXcu6UEW34x+jeqS9QFnCN2y75aYsqKZusOF98QQ6jlQoc6KYOrlNFPESZyJfcMc94LCSXG5GrTL2Rk5QqWxr4ttwfVLh1T7wcsxMVrWvclCRUl2+Llr4lQ=</SignatureValue><KeyInfo xmlns="http://www.w3.org/2000/09/xmldsig#"><KeyValue><RSAKeyValue><Modulus>wRSGFs73V0JMKVVRCX9pEVmluvNojvtDvzHduZ+pX458q9THGbti8zEty6ydF7nxVFCRriONFm6w+PtcZhRT+eXMb21jzY6biII4BXdh91BmVZ96FyYROMnHS6zjfK7+oDbsVV8XWkZ11DiHa+9wySxQcc4fBd23xGYpo52p2fc=</Modulus><Exponent>AQAB</Exponent></RSAKeyValue></KeyValue></KeyInfo><Object Id="SiteCore.dtSearch" xmlns="http://www.w3.org/2000/09/xmldsig#"><module xmlns=""><idref>20180806215615</idref><name>SiteCore.dtSearch</name><count>1</count><expiration>20190831T000000</expiration><version>9</version><comment /><licenseagreement>?</licenseagreement></module></Object></Signature><Signature><SignedInfo xmlns="http://www.w3.org/2000/09/xmldsig#"><CanonicalizationMethod Algorithm="http://www.w3.org/TR/2001/REC-xml-c14n-20010315" /><SignatureMethod Algorithm="http://www.w3.org/2000/09/xmldsig#rsa-sha1" /><Reference URI="#Sitecore.Ecommerce"><DigestMethod Algorithm="http://www.w3.org/2000/09/xmldsig#sha1" /><DigestValue>fELqEl3kcKbfaRlUeMsp7I84PVs=</DigestValue></Reference></SignedInfo><SignatureValue xmlns="http://www.w3.org/2000/09/xmldsig#">StOfgHr1EvwVdMcEqZdYp0zUdCSwBf93bZ3RrB+79mCcD4KJzp8ELSG/fHuRK1bC/twa7kgTCv8BpzehlaPqSeMXox5pRYKYL0S7gq9fDBUdHUyew1d8mgC5BJHmOjOfAqdI0sKrih/C5yBN51bAJk2pMNtEqSXd+a9gZsQmWKg=</SignatureValue><KeyInfo xmlns="http://www.w3.org/2000/09/xmldsig#"><KeyValue><RSAKeyValue><Modulus>wRSGFs73V0JMKVVRCX9pEVmluvNojvtDvzHduZ+pX458q9THGbti8zEty6ydF7nxVFCRriONFm6w+PtcZhRT+eXMb21jzY6biII4BXdh91BmVZ96FyYROMnHS6zjfK7+oDbsVV8XWkZ11DiHa+9wySxQcc4fBd23xGYpo52p2fc=</Modulus><Exponent>AQAB</Exponent></RSAKeyValue></KeyValue></KeyInfo><Object Id="Sitecore.Ecommerce" xmlns="http://www.w3.org/2000/09/xmldsig#"><module xmlns=""><idref>20180806215615</idref><name>Sitecore.Ecommerce</name><count>1</count><expiration>20190831T000000</expiration><version>9</version><comment /><licenseagreement>?</licenseagreement></module></Object></Signature><Signature><SignedInfo xmlns="http://www.w3.org/2000/09/xmldsig#"><CanonicalizationMethod Algorithm="http://www.w3.org/TR/2001/REC-xml-c14n-20010315" /><SignatureMethod Algorithm="http://www.w3.org/2000/09/xmldsig#rsa-sha1" /><Reference URI="#Sitecore.EcommerceFundamentals"><DigestMethod Algorithm="http://www.w3.org/2000/09/xmldsig#sha1" /><DigestValue>HySy42Wyf/9nBo90SHhJ5f1UwCU=</DigestValue></Reference></SignedInfo><SignatureValue xmlns="http://www.w3.org/2000/09/xmldsig#">AxqijkdCb+vMF+9ikXH/pi3SdL8RbErgJ6iMZ1/jovaEYdHHaD2vEXcDVVkLJvdBs6k+8awqECjXK5hykiH4ZOa4rVXDUq12HfoPaXHMizo12+zORtWrxGaPQMpnMQXbRbj5L7aCi4GbIyEIOm2hAKnWPTd0h/rsdWxela/W0qs=</SignatureValue><KeyInfo xmlns="http://www.w3.org/2000/09/xmldsig#"><KeyValue><RSAKeyValue><Modulus>wRSGFs73V0JMKVVRCX9pEVmluvNojvtDvzHduZ+pX458q9THGbti8zEty6ydF7nxVFCRriONFm6w+PtcZhRT+eXMb21jzY6biII4BXdh91BmVZ96FyYROMnHS6zjfK7+oDbsVV8XWkZ11DiHa+9wySxQcc4fBd23xGYpo52p2fc=</Modulus><Exponent>AQAB</Exponent></RSAKeyValue></KeyValue></KeyInfo><Object Id="Sitecore.EcommerceFundamentals" xmlns="http://www.w3.org/2000/09/xmldsig#"><module xmlns=""><idref>20180806215615</idref><name>Sitecore.EcommerceFundamentals</name><count>1</count><expiration>20190831T000000</expiration><version>9</version><comment /><licenseagreement>?</licenseagreement></module></Object></Signature><Signature><SignedInfo xmlns="http://www.w3.org/2000/09/xmldsig#"><CanonicalizationMethod Algorithm="http://www.w3.org/TR/2001/REC-xml-c14n-20010315" /><SignatureMethod Algorithm="http://www.w3.org/2000/09/xmldsig#rsa-sha1" /><Reference URI="#SiteCore.EditorUser"><DigestMethod Algorithm="http://www.w3.org/2000/09/xmldsig#sha1" /><DigestValue>ZRCLbIfthwTiqfkhuCe1enm3WgY=</DigestValue></Reference></SignedInfo><SignatureValue xmlns="http://www.w3.org/2000/09/xmldsig#">rw2LnzcOBg2QbzDn1nHr1IdkuNasz6LyjHlW2uBvco7ZttCrgwHRmCmgZoA8veFIdzechAHi/PJPYMR7r1EiLlraWLGco8sXPXlOPsbQGml4dPKx5dyGIAILnA+GxpVntXQt+B85vXesmlgrqynwE5aMnUy4o+pt05CEr4Y2n0s=</SignatureValue><KeyInfo xmlns="http://www.w3.org/2000/09/xmldsig#"><KeyValue><RSAKeyValue><Modulus>wRSGFs73V0JMKVVRCX9pEVmluvNojvtDvzHduZ+pX458q9THGbti8zEty6ydF7nxVFCRriONFm6w+PtcZhRT+eXMb21jzY6biII4BXdh91BmVZ96FyYROMnHS6zjfK7+oDbsVV8XWkZ11DiHa+9wySxQcc4fBd23xGYpo52p2fc=</Modulus><Exponent>AQAB</Exponent></RSAKeyValue></KeyValue></KeyInfo><Object Id="SiteCore.EditorUser" xmlns="http://www.w3.org/2000/09/xmldsig#"><module xmlns=""><idref>20180806215615</idref><name>SiteCore.EditorUser</name><count>10000</count><expiration>20190831T000000</expiration><version>9</version><comment /><licenseagreement>?</licenseagreement></module></Object></Signature><Signature><SignedInfo xmlns="http://www.w3.org/2000/09/xmldsig#"><CanonicalizationMethod Algorithm="http://www.w3.org/TR/2001/REC-xml-c14n-20010315" /><SignatureMethod Algorithm="http://www.w3.org/2000/09/xmldsig#rsa-sha1" /><Reference URI="#Sitecore.EI.Datamart"><DigestMethod Algorithm="http://www.w3.org/2000/09/xmldsig#sha1" /><DigestValue>2idbNui+A2CYqVXDYZy5yE+LN18=</DigestValue></Reference></SignedInfo><SignatureValue xmlns="http://www.w3.org/2000/09/xmldsig#">s1U4TLDxDzylVRrL6diUvCm+3DZLd0UvrSoF1VKsMB0lgYC/9Xz+xuWrJJCF781bPvxQ23R1FFkKB5F0UAmidNVxKrEnnAfKBkqkVV0S5tFz0B8gWc+VlwQxa9iyDtMdIBH0VuDXlyyKe6ma+6J+wPPrsjtT7PkI5PNW5Wlesao=</SignatureValue><KeyInfo xmlns="http://www.w3.org/2000/09/xmldsig#"><KeyValue><RSAKeyValue><Modulus>wRSGFs73V0JMKVVRCX9pEVmluvNojvtDvzHduZ+pX458q9THGbti8zEty6ydF7nxVFCRriONFm6w+PtcZhRT+eXMb21jzY6biII4BXdh91BmVZ96FyYROMnHS6zjfK7+oDbsVV8XWkZ11DiHa+9wySxQcc4fBd23xGYpo52p2fc=</Modulus><Exponent>AQAB</Exponent></RSAKeyValue></KeyValue></KeyInfo><Object Id="Sitecore.EI.Datamart" xmlns="http://www.w3.org/2000/09/xmldsig#"><module xmlns=""><idref>20180806215615</idref><name>Sitecore.EI.Datamart</name><count>1</count><expiration>20190831T000000</expiration><version>9</version><comment /><licenseagreement>?</licenseagreement></module></Object></Signature><Signature><SignedInfo xmlns="http://www.w3.org/2000/09/xmldsig#"><CanonicalizationMethod Algorithm="http://www.w3.org/TR/2001/REC-xml-c14n-20010315" /><SignatureMethod Algorithm="http://www.w3.org/2000/09/xmldsig#rsa-sha1" /><Reference URI="#Sitecore.FederatedExperienceManager"><DigestMethod Algorithm="http://www.w3.org/2000/09/xmldsig#sha1" /><DigestValue>R6YrwJO95UkvF3NGtVOafijCymw=</DigestValue></Reference></SignedInfo><SignatureValue xmlns="http://www.w3.org/2000/09/xmldsig#">U79zL/F1iAoTC9CflXR8sW4vDgmS5SynJ5IAN4qxl/neFO66vcu1vowoNY8/pvtzhU3QHop/8kuFu5F+b2YIF8Fdp0w8N9vZTETCwYAVnq6ew6q+AkbCuBoapvlvfVfBDW3aLsFszBH+lsz6weaqBtF8kDEeOODqwhH/rLqCheI=</SignatureValue><KeyInfo xmlns="http://www.w3.org/2000/09/xmldsig#"><KeyValue><RSAKeyValue><Modulus>wRSGFs73V0JMKVVRCX9pEVmluvNojvtDvzHduZ+pX458q9THGbti8zEty6ydF7nxVFCRriONFm6w+PtcZhRT+eXMb21jzY6biII4BXdh91BmVZ96FyYROMnHS6zjfK7+oDbsVV8XWkZ11DiHa+9wySxQcc4fBd23xGYpo52p2fc=</Modulus><Exponent>AQAB</Exponent></RSAKeyValue></KeyValue></KeyInfo><Object Id="Sitecore.FederatedExperienceManager" xmlns="http://www.w3.org/2000/09/xmldsig#"><module xmlns=""><idref>20180806215615</idref><name>Sitecore.FederatedExperienceManager</name><count>1</count><expiration>20190831T000000</expiration><version>9</version><comment /><licenseagreement>?</licenseagreement></module></Object></Signature><Signature><SignedInfo xmlns="http://www.w3.org/2000/09/xmldsig#"><CanonicalizationMethod Algorithm="http://www.w3.org/TR/2001/REC-xml-c14n-20010315" /><SignatureMethod Algorithm="http://www.w3.org/2000/09/xmldsig#rsa-sha1" /><Reference URI="#Sitecore.Intranet"><DigestMethod Algorithm="http://www.w3.org/2000/09/xmldsig#sha1" /><DigestValue>odZC86OfpZt2NsVfHpr0YmaoM9I=</DigestValue></Reference></SignedInfo><SignatureValue xmlns="http://www.w3.org/2000/09/xmldsig#">aNx/1xPlR06lWd67a/9ZeOorvRKvKnj0wr9GvdmpDAWnekXGh7oV1k6ZrlwolYd0K+5drxdM5uPYuMkxN/FLVC9LOVv4u8oBf6mXBvYoyahl9US8fzzqdacn22MEOQBgXgHv9v29xRFUxe+wLpBEHMYnuJiAP33Y+7rImQpFN3k=</SignatureValue><KeyInfo xmlns="http://www.w3.org/2000/09/xmldsig#"><KeyValue><RSAKeyValue><Modulus>wRSGFs73V0JMKVVRCX9pEVmluvNojvtDvzHduZ+pX458q9THGbti8zEty6ydF7nxVFCRriONFm6w+PtcZhRT+eXMb21jzY6biII4BXdh91BmVZ96FyYROMnHS6zjfK7+oDbsVV8XWkZ11DiHa+9wySxQcc4fBd23xGYpo52p2fc=</Modulus><Exponent>AQAB</Exponent></RSAKeyValue></KeyValue></KeyInfo><Object Id="Sitecore.Intranet" xmlns="http://www.w3.org/2000/09/xmldsig#"><module xmlns=""><idref>20180806215615</idref><name>Sitecore.Intranet</name><count>1</count><expiration>20190831T000000</expiration><version>9</version><comment /><licenseagreement>?</licenseagreement></module></Object></Signature><Signature><SignedInfo xmlns="http://www.w3.org/2000/09/xmldsig#"><CanonicalizationMethod Algorithm="http://www.w3.org/TR/2001/REC-xml-c14n-20010315" /><SignatureMethod Algorithm="http://www.w3.org/2000/09/xmldsig#rsa-sha1" /><Reference URI="#Sitecore.MSCRM"><DigestMethod Algorithm="http://www.w3.org/2000/09/xmldsig#sha1" /><DigestValue>lyYwut6nmlGcUt4gTm8L87rxdsw=</DigestValue></Reference></SignedInfo><SignatureValue xmlns="http://www.w3.org/2000/09/xmldsig#">pA2LIRhCzRxt1bcvozl6mHbjZVS+0Gdf0QZ/VNTGUyQFT7qFpARhOn221/TrF/bHsWQRPGPYGVhRaxOQWk4Y6+NwLaRAcrdeiLsEnm2h1nMlaScTqGhzgSrrJ2jcYQx0gH6/r0hs4qz1CgKvRXvmqBK7T5rTxksGLjHS/X+bGeA=</SignatureValue><KeyInfo xmlns="http://www.w3.org/2000/09/xmldsig#"><KeyValue><RSAKeyValue><Modulus>wRSGFs73V0JMKVVRCX9pEVmluvNojvtDvzHduZ+pX458q9THGbti8zEty6ydF7nxVFCRriONFm6w+PtcZhRT+eXMb21jzY6biII4BXdh91BmVZ96FyYROMnHS6zjfK7+oDbsVV8XWkZ11DiHa+9wySxQcc4fBd23xGYpo52p2fc=</Modulus><Exponent>AQAB</Exponent></RSAKeyValue></KeyValue></KeyInfo><Object Id="Sitecore.MSCRM" xmlns="http://www.w3.org/2000/09/xmldsig#"><module xmlns=""><idref>20180806215615</idref><name>Sitecore.MSCRM</name><count>1</count><expiration>20190831T000000</expiration><version>9</version><comment /><licenseagreement>?</licenseagreement></module></Object></Signature><Signature><SignedInfo xmlns="http://www.w3.org/2000/09/xmldsig#"><CanonicalizationMethod Algorithm="http://www.w3.org/TR/2001/REC-xml-c14n-20010315" /><SignatureMethod Algorithm="http://www.w3.org/2000/09/xmldsig#rsa-sha1" /><Reference URI="#Sitecore.MSS.EventCalendar"><DigestMethod Algorithm="http://www.w3.org/2000/09/xmldsig#sha1" /><DigestValue>sXAc4F9M8JEa3hKmHBMi7Z/y1ws=</DigestValue></Reference></SignedInfo><SignatureValue xmlns="http://www.w3.org/2000/09/xmldsig#">nRgW8CcbBm5LO2pp1vBTs/LIk+HdMdHaxe6XQ+gmNWfTZEDz57krXiuV4NP61/U2m7F1u4v5L5Sy+JG8x3BiVA3Drh9m6X3VQ938/4hHL2mz/xUMCIG3zT565R/3YDkTB2lr4bQ+9Y4MRlWhcUkFtS3GoxqVGU52qv4oiEGxHYg=</SignatureValue><KeyInfo xmlns="http://www.w3.org/2000/09/xmldsig#"><KeyValue><RSAKeyValue><Modulus>wRSGFs73V0JMKVVRCX9pEVmluvNojvtDvzHduZ+pX458q9THGbti8zEty6ydF7nxVFCRriONFm6w+PtcZhRT+eXMb21jzY6biII4BXdh91BmVZ96FyYROMnHS6zjfK7+oDbsVV8XWkZ11DiHa+9wySxQcc4fBd23xGYpo52p2fc=</Modulus><Exponent>AQAB</Exponent></RSAKeyValue></KeyValue></KeyInfo><Object Id="Sitecore.MSS.EventCalendar" xmlns="http://www.w3.org/2000/09/xmldsig#"><module xmlns=""><idref>20180806215615</idref><name>Sitecore.MSS.EventCalendar</name><count>1</count><expiration>20190831T000000</expiration><version>9</version><comment /><licenseagreement>?</licenseagreement></module></Object></Signature><Signature><SignedInfo xmlns="http://www.w3.org/2000/09/xmldsig#"><CanonicalizationMethod Algorithm="http://www.w3.org/TR/2001/REC-xml-c14n-20010315" /><SignatureMethod Algorithm="http://www.w3.org/2000/09/xmldsig#rsa-sha1" /><Reference URI="#Sitecore.MSS.ForumExpress"><DigestMethod Algorithm="http://www.w3.org/2000/09/xmldsig#sha1" /><DigestValue>Rw+o/RMJOix0cTsR/XxFWS2Dieo=</DigestValue></Reference></SignedInfo><SignatureValue xmlns="http://www.w3.org/2000/09/xmldsig#">aTvYfTEFHVTw0RlpcSBFobmH5oYEhAmGRr7N0DugkYbqV8ebo0JAckCmJg+N/pgBaBq0Swq+rUmpC+hyXakk3FA9M7A9sz1VwFGaTHMc0xWrq4hOsvpIhX8k04Wl4mhqimzWH3CBhFr07dm74OIuF0T+cR2nvU3IkrSHkJDdcdE=</SignatureValue><KeyInfo xmlns="http://www.w3.org/2000/09/xmldsig#"><KeyValue><RSAKeyValue><Modulus>wRSGFs73V0JMKVVRCX9pEVmluvNojvtDvzHduZ+pX458q9THGbti8zEty6ydF7nxVFCRriONFm6w+PtcZhRT+eXMb21jzY6biII4BXdh91BmVZ96FyYROMnHS6zjfK7+oDbsVV8XWkZ11DiHa+9wySxQcc4fBd23xGYpo52p2fc=</Modulus><Exponent>AQAB</Exponent></RSAKeyValue></KeyValue></KeyInfo><Object Id="Sitecore.MSS.ForumExpress" xmlns="http://www.w3.org/2000/09/xmldsig#"><module xmlns=""><idref>20180806215615</idref><name>Sitecore.MSS.ForumExpress</name><count>1</count><expiration>20190831T000000</expiration><version>9</version><comment /><licenseagreement>?</licenseagreement></module></Object></Signature><Signature><SignedInfo xmlns="http://www.w3.org/2000/09/xmldsig#"><CanonicalizationMethod Algorithm="http://www.w3.org/TR/2001/REC-xml-c14n-20010315" /><SignatureMethod Algorithm="http://www.w3.org/2000/09/xmldsig#rsa-sha1" /><Reference URI="#Sitecore.MSS.ImageCollections"><DigestMethod Algorithm="http://www.w3.org/2000/09/xmldsig#sha1" /><DigestValue>Fu2xskb9zLxxGjtnm7gwalhK9SA=</DigestValue></Reference></SignedInfo><SignatureValue xmlns="http://www.w3.org/2000/09/xmldsig#">kePdbsOSA87a4or6ECVeOMAQvelSLYtYNxMd/J1PoJ18JXWmOjBMv9zfnd6cYtBNoe5ihqvy+PdXUIsOt5l/UqskkUwqq5C+sUNvv527+2VW/y72EY26nSPxnL5JGXm1hva0zgbA7jOTzFHDzJe5RLqyUq/ksMQFaCo3Ek/4Ibk=</SignatureValue><KeyInfo xmlns="http://www.w3.org/2000/09/xmldsig#"><KeyValue><RSAKeyValue><Modulus>wRSGFs73V0JMKVVRCX9pEVmluvNojvtDvzHduZ+pX458q9THGbti8zEty6ydF7nxVFCRriONFm6w+PtcZhRT+eXMb21jzY6biII4BXdh91BmVZ96FyYROMnHS6zjfK7+oDbsVV8XWkZ11DiHa+9wySxQcc4fBd23xGYpo52p2fc=</Modulus><Exponent>AQAB</Exponent></RSAKeyValue></KeyValue></KeyInfo><Object Id="Sitecore.MSS.ImageCollections" xmlns="http://www.w3.org/2000/09/xmldsig#"><module xmlns=""><idref>20180806215615</idref><name>Sitecore.MSS.ImageCollections</name><count>1</count><expiration>20190831T000000</expiration><version>9</version><comment /><licenseagreement>?</licenseagreement></module></Object></Signature><Signature><SignedInfo xmlns="http://www.w3.org/2000/09/xmldsig#"><CanonicalizationMethod Algorithm="http://www.w3.org/TR/2001/REC-xml-c14n-20010315" /><SignatureMethod Algorithm="http://www.w3.org/2000/09/xmldsig#rsa-sha1" /><Reference URI="#Sitecore.MSS.News"><DigestMethod Algorithm="http://www.w3.org/2000/09/xmldsig#sha1" /><DigestValue>qLutL5tcBKOd7gIDcE9tUAngVcQ=</DigestValue></Reference></SignedInfo><SignatureValue xmlns="http://www.w3.org/2000/09/xmldsig#">Yj9XDIfr4mfYK5DvONfoWHXBhrgVvGckccyVLww7SeoGZAc3bQc/1ypsS31g/bfoFGj0UwKHRU1rnFpfmZTEyA3tIYbx0wYKeO+Z13jAVZZz9DAuGOnEn+h5DoOXjiQZag954C5wWS0nLEE52lG5594rtYIpxlzUClmjUCHXkIk=</SignatureValue><KeyInfo xmlns="http://www.w3.org/2000/09/xmldsig#"><KeyValue><RSAKeyValue><Modulus>wRSGFs73V0JMKVVRCX9pEVmluvNojvtDvzHduZ+pX458q9THGbti8zEty6ydF7nxVFCRriONFm6w+PtcZhRT+eXMb21jzY6biII4BXdh91BmVZ96FyYROMnHS6zjfK7+oDbsVV8XWkZ11DiHa+9wySxQcc4fBd23xGYpo52p2fc=</Modulus><Exponent>AQAB</Exponent></RSAKeyValue></KeyValue></KeyInfo><Object Id="Sitecore.MSS.News" xmlns="http://www.w3.org/2000/09/xmldsig#"><module xmlns=""><idref>20180806215615</idref><name>Sitecore.MSS.News</name><count>1</count><expiration>20190831T000000</expiration><version>9</version><comment /><licenseagreement>?</licenseagreement></module></Object></Signature><Signature><SignedInfo xmlns="http://www.w3.org/2000/09/xmldsig#"><CanonicalizationMethod Algorithm="http://www.w3.org/TR/2001/REC-xml-c14n-20010315" /><SignatureMethod Algorithm="http://www.w3.org/2000/09/xmldsig#rsa-sha1" /><Reference URI="#Sitecore.MSS.Newsletter"><DigestMethod Algorithm="http://www.w3.org/2000/09/xmldsig#sha1" /><DigestValue>CmCHgzt+d2SxtC7VptdiSdmGk88=</DigestValue></Reference></SignedInfo><SignatureValue xmlns="http://www.w3.org/2000/09/xmldsig#">n0QrhCeY1nCTh+Uv23rPZK26ktnWI8+5J5FiabYldqVGBoa6dwFX5q3CvnnAr6yh1wzSOqcT/wbPZVF3OXHy5HzESUR0qj8cK/RCOFKywlDJ8cRe0HyZgvwsXL940/K917hIUgxJO8IoQSeR/LnZex0B64nlUs5Pm+/6xrxN1/Q=</SignatureValue><KeyInfo xmlns="http://www.w3.org/2000/09/xmldsig#"><KeyValue><RSAKeyValue><Modulus>wRSGFs73V0JMKVVRCX9pEVmluvNojvtDvzHduZ+pX458q9THGbti8zEty6ydF7nxVFCRriONFm6w+PtcZhRT+eXMb21jzY6biII4BXdh91BmVZ96FyYROMnHS6zjfK7+oDbsVV8XWkZ11DiHa+9wySxQcc4fBd23xGYpo52p2fc=</Modulus><Exponent>AQAB</Exponent></RSAKeyValue></KeyValue></KeyInfo><Object Id="Sitecore.MSS.Newsletter" xmlns="http://www.w3.org/2000/09/xmldsig#"><module xmlns=""><idref>20180806215615</idref><name>Sitecore.MSS.Newsletter</name><count>1</count><expiration>20190831T000000</expiration><version>9</version><comment /><licenseagreement>?</licenseagreement></module></Object></Signature><Signature><SignedInfo xmlns="http://www.w3.org/2000/09/xmldsig#"><CanonicalizationMethod Algorithm="http://www.w3.org/TR/2001/REC-xml-c14n-20010315" /><SignatureMethod Algorithm="http://www.w3.org/2000/09/xmldsig#rsa-sha1" /><Reference URI="#Sitecore.MSS.Runtime"><DigestMethod Algorithm="http://www.w3.org/2000/09/xmldsig#sha1" /><DigestValue>PToayV+TR8Q4xqXYTzEVzd0hOBU=</DigestValue></Reference></SignedInfo><SignatureValue xmlns="http://www.w3.org/2000/09/xmldsig#">nkaLPNRWX1drreeME2AIvzVfIUPuHsxvgA3K0maeM6SL0dsC5ijrmoygFMxgK3xaFs2awZCAsoV5ZtwqomfwUt1v2hcEjN4e/oxp2Thgyyh7zuFxde4dNVbE+ux09S4em37abpYvNZKJcMSb8e0HG99L3aSSOcZpKytttcsbW24=</SignatureValue><KeyInfo xmlns="http://www.w3.org/2000/09/xmldsig#"><KeyValue><RSAKeyValue><Modulus>wRSGFs73V0JMKVVRCX9pEVmluvNojvtDvzHduZ+pX458q9THGbti8zEty6ydF7nxVFCRriONFm6w+PtcZhRT+eXMb21jzY6biII4BXdh91BmVZ96FyYROMnHS6zjfK7+oDbsVV8XWkZ11DiHa+9wySxQcc4fBd23xGYpo52p2fc=</Modulus><Exponent>AQAB</Exponent></RSAKeyValue></KeyValue></KeyInfo><Object Id="Sitecore.MSS.Runtime" xmlns="http://www.w3.org/2000/09/xmldsig#"><module xmlns=""><idref>20180806215615</idref><name>Sitecore.MSS.Runtime</name><count>1</count><expiration>20190831T000000</expiration><version>9</version><comment /><licenseagreement>?</licenseagreement></module></Object></Signature><Signature><SignedInfo xmlns="http://www.w3.org/2000/09/xmldsig#"><CanonicalizationMethod Algorithm="http://www.w3.org/TR/2001/REC-xml-c14n-20010315" /><SignatureMethod Algorithm="http://www.w3.org/2000/09/xmldsig#rsa-sha1" /><Reference URI="#Sitecore.MSS.SiteDocuments"><DigestMethod Algorithm="http://www.w3.org/2000/09/xmldsig#sha1" /><DigestValue>kID+cH4qL+Kd9gVuDy+R3lzTOwk=</DigestValue></Reference></SignedInfo><SignatureValue xmlns="http://www.w3.org/2000/09/xmldsig#">eVW/77DCv/LrwANEnhWA5UBgEOy3hjVWOBHbFEc5ZfBq4UqcPUju7jm9xlJvxw5wdIGJuN4MszyxbzdW1bVkQJvybjT3M8QxMPdZEMCBNnfvuuyq8phzHIBAYTvZDn7ObikP4rJ4cWZbuAlTmw/yHYcOfLynBYlA71m+uQVq2Kk=</SignatureValue><KeyInfo xmlns="http://www.w3.org/2000/09/xmldsig#"><KeyValue><RSAKeyValue><Modulus>wRSGFs73V0JMKVVRCX9pEVmluvNojvtDvzHduZ+pX458q9THGbti8zEty6ydF7nxVFCRriONFm6w+PtcZhRT+eXMb21jzY6biII4BXdh91BmVZ96FyYROMnHS6zjfK7+oDbsVV8XWkZ11DiHa+9wySxQcc4fBd23xGYpo52p2fc=</Modulus><Exponent>AQAB</Exponent></RSAKeyValue></KeyValue></KeyInfo><Object Id="Sitecore.MSS.SiteDocuments" xmlns="http://www.w3.org/2000/09/xmldsig#"><module xmlns=""><idref>20180806215615</idref><name>Sitecore.MSS.SiteDocuments</name><count>1</count><expiration>20190831T000000</expiration><version>9</version><comment /><licenseagreement>?</licenseagreement></module></Object></Signature><Signature><SignedInfo xmlns="http://www.w3.org/2000/09/xmldsig#"><CanonicalizationMethod Algorithm="http://www.w3.org/TR/2001/REC-xml-c14n-20010315" /><SignatureMethod Algorithm="http://www.w3.org/2000/09/xmldsig#rsa-sha1" /><Reference URI="#Sitecore.MSS.SiteEditors"><DigestMethod Algorithm="http://www.w3.org/2000/09/xmldsig#sha1" /><DigestValue>+C3hsikQ9Y2WFl7U+P2U9XlHdWI=</DigestValue></Reference></SignedInfo><SignatureValue xmlns="http://www.w3.org/2000/09/xmldsig#">h3zdJjfRZFulRcyjMa08g5ao4F7so7ytbVzajED5C4VXxCcTAocEh3oKbZoqC0DBHyFV6j+/t/YsqOGArTo76qhMF6LnrCAhVNumloqNMNwb5eH4H4GGHMYBwAp4NTsYebfnw2Kwl2htHxE96aVhv7d6jxOMhpl+Fah/SLFLYyQ=</SignatureValue><KeyInfo xmlns="http://www.w3.org/2000/09/xmldsig#"><KeyValue><RSAKeyValue><Modulus>wRSGFs73V0JMKVVRCX9pEVmluvNojvtDvzHduZ+pX458q9THGbti8zEty6ydF7nxVFCRriONFm6w+PtcZhRT+eXMb21jzY6biII4BXdh91BmVZ96FyYROMnHS6zjfK7+oDbsVV8XWkZ11DiHa+9wySxQcc4fBd23xGYpo52p2fc=</Modulus><Exponent>AQAB</Exponent></RSAKeyValue></KeyValue></KeyInfo><Object Id="Sitecore.MSS.SiteEditors" xmlns="http://www.w3.org/2000/09/xmldsig#"><module xmlns=""><idref>20180806215615</idref><name>Sitecore.MSS.SiteEditors</name><count>1</count><expiration>20190831T000000</expiration><version>9</version><comment /><licenseagreement>?</licenseagreement></module></Object></Signature><Signature><SignedInfo xmlns="http://www.w3.org/2000/09/xmldsig#"><CanonicalizationMethod Algorithm="http://www.w3.org/TR/2001/REC-xml-c14n-20010315" /><SignatureMethod Algorithm="http://www.w3.org/2000/09/xmldsig#rsa-sha1" /><Reference URI="#Sitecore.MSS.Sites"><DigestMethod Algorithm="http://www.w3.org/2000/09/xmldsig#sha1" /><DigestValue>hHdUGBTaCC+g/k4AHoApU0xP0JY=</DigestValue></Reference></SignedInfo><SignatureValue xmlns="http://www.w3.org/2000/09/xmldsig#">vut7PXxHMBrFz6+zIiThgb3bIQa368UTrdbQschj4lacj1Z1U0/X2FdnHD1jAgF/2LjDi8Y8baoVDB8jD5zyuRsmN9l7YvyqREIETsok3wLQl3/lWnZJkcnCpC2EtFZ2gPPTAgDZha1lAW0YU1f2z9l1lb8+IP8/pnzfOX5QIVg=</SignatureValue><KeyInfo xmlns="http://www.w3.org/2000/09/xmldsig#"><KeyValue><RSAKeyValue><Modulus>wRSGFs73V0JMKVVRCX9pEVmluvNojvtDvzHduZ+pX458q9THGbti8zEty6ydF7nxVFCRriONFm6w+PtcZhRT+eXMb21jzY6biII4BXdh91BmVZ96FyYROMnHS6zjfK7+oDbsVV8XWkZ11DiHa+9wySxQcc4fBd23xGYpo52p2fc=</Modulus><Exponent>AQAB</Exponent></RSAKeyValue></KeyValue></KeyInfo><Object Id="Sitecore.MSS.Sites" xmlns="http://www.w3.org/2000/09/xmldsig#"><module xmlns=""><idref>20180806215615</idref><name>Sitecore.MSS.Sites</name><count>10000</count><expiration>20190831T000000</expiration><version>9</version><comment /><licenseagreement>?</licenseagreement></module></Object></Signature><Signature><SignedInfo xmlns="http://www.w3.org/2000/09/xmldsig#"><CanonicalizationMethod Algorithm="http://www.w3.org/TR/2001/REC-xml-c14n-20010315" /><SignatureMethod Algorithm="http://www.w3.org/2000/09/xmldsig#rsa-sha1" /><Reference URI="#Sitecore.MSS.SMS"><DigestMethod Algorithm="http://www.w3.org/2000/09/xmldsig#sha1" /><DigestValue>W+n1jKcrKiEilkr+uYudpmJcTGs=</DigestValue></Reference></SignedInfo><SignatureValue xmlns="http://www.w3.org/2000/09/xmldsig#">CKtXJs3MZID+ixmpfvc/g/bT7B5rEDm30HrK/73XZP+4gW7ImNJnb6TLgqvlLpUweZhfQzzndhow+I53KthrD1deTr34YjXyR93dDxYgpSZ4fXsCxO0glbSaAieMalk5WGE8xrdZzDCZTMEQEI4OFE2ixOr5p/qmMeyJFH6ml5U=</SignatureValue><KeyInfo xmlns="http://www.w3.org/2000/09/xmldsig#"><KeyValue><RSAKeyValue><Modulus>wRSGFs73V0JMKVVRCX9pEVmluvNojvtDvzHduZ+pX458q9THGbti8zEty6ydF7nxVFCRriONFm6w+PtcZhRT+eXMb21jzY6biII4BXdh91BmVZ96FyYROMnHS6zjfK7+oDbsVV8XWkZ11DiHa+9wySxQcc4fBd23xGYpo52p2fc=</Modulus><Exponent>AQAB</Exponent></RSAKeyValue></KeyValue></KeyInfo><Object Id="Sitecore.MSS.SMS" xmlns="http://www.w3.org/2000/09/xmldsig#"><module xmlns=""><idref>20180806215615</idref><name>Sitecore.MSS.SMS</name><count>1</count><expiration>20190831T000000</expiration><version>9</version><comment /><licenseagreement>?</licenseagreement></module></Object></Signature><Signature><SignedInfo xmlns="http://www.w3.org/2000/09/xmldsig#"><CanonicalizationMethod Algorithm="http://www.w3.org/TR/2001/REC-xml-c14n-20010315" /><SignatureMethod Algorithm="http://www.w3.org/2000/09/xmldsig#rsa-sha1" /><Reference URI="#Sitecore.OMS"><DigestMethod Algorithm="http://www.w3.org/2000/09/xmldsig#sha1" /><DigestValue>m8O3PA/ZdQlYL1Bg1K9MiwBl1JI=</DigestValue></Reference></SignedInfo><SignatureValue xmlns="http://www.w3.org/2000/09/xmldsig#">svP+VeTT8Lj0hrQrMtbfBJYXnLnJM8ppSTgZzuXaSyvdrSgqW3fyP/6WjqEH+0zKxGidqC71F904WN6Ip65bo0aZkIwf8GM1NEKjEBc33eYTvbysRp+0cvg/bTG00JjIY5OmEAxcxOAJ+rtyR+CvRgYWIjL6G8OQo0YC6Jmw+ec=</SignatureValue><KeyInfo xmlns="http://www.w3.org/2000/09/xmldsig#"><KeyValue><RSAKeyValue><Modulus>wRSGFs73V0JMKVVRCX9pEVmluvNojvtDvzHduZ+pX458q9THGbti8zEty6ydF7nxVFCRriONFm6w+PtcZhRT+eXMb21jzY6biII4BXdh91BmVZ96FyYROMnHS6zjfK7+oDbsVV8XWkZ11DiHa+9wySxQcc4fBd23xGYpo52p2fc=</Modulus><Exponent>AQAB</Exponent></RSAKeyValue></KeyValue></KeyInfo><Object Id="Sitecore.OMS" xmlns="http://www.w3.org/2000/09/xmldsig#"><module xmlns=""><idref>20180806215615</idref><name>Sitecore.OMS</name><count>1</count><expiration>20190831T000000</expiration><version>9</version><comment /><licenseagreement>?</licenseagreement></module></Object></Signature><Signature><SignedInfo xmlns="http://www.w3.org/2000/09/xmldsig#"><CanonicalizationMethod Algorithm="http://www.w3.org/TR/2001/REC-xml-c14n-20010315" /><SignatureMethod Algorithm="http://www.w3.org/2000/09/xmldsig#rsa-sha1" /><Reference URI="#Sitecore.Oracle"><DigestMethod Algorithm="http://www.w3.org/2000/09/xmldsig#sha1" /><DigestValue>nBzUYGq+rG/LQ73D/mnDe2bM65g=</DigestValue></Reference></SignedInfo><SignatureValue xmlns="http://www.w3.org/2000/09/xmldsig#">PfXAhFAAktZJkhhjY0M9UQDpdVRCVT/+I8AO46vkjNAB67BZ/p87zz/y9QBjsn6LtFvqAEKmoaZl3jKymZTyYba3N7VxCdIi22Y4E+XgEamyLRbp1M6PLTJkz46cLtnLaVS1em3QXwtRkzVxR9K0ZjxcrvmlfMLgJCF4nByHg1s=</SignatureValue><KeyInfo xmlns="http://www.w3.org/2000/09/xmldsig#"><KeyValue><RSAKeyValue><Modulus>wRSGFs73V0JMKVVRCX9pEVmluvNojvtDvzHduZ+pX458q9THGbti8zEty6ydF7nxVFCRriONFm6w+PtcZhRT+eXMb21jzY6biII4BXdh91BmVZ96FyYROMnHS6zjfK7+oDbsVV8XWkZ11DiHa+9wySxQcc4fBd23xGYpo52p2fc=</Modulus><Exponent>AQAB</Exponent></RSAKeyValue></KeyValue></KeyInfo><Object Id="Sitecore.Oracle" xmlns="http://www.w3.org/2000/09/xmldsig#"><module xmlns=""><idref>20180806215615</idref><name>Sitecore.Oracle</name><count>1</count><expiration>20190831T000000</expiration><version>9</version><comment /><licenseagreement>?</licenseagreement></module></Object></Signature><Signature><SignedInfo xmlns="http://www.w3.org/2000/09/xmldsig#"><CanonicalizationMethod Algorithm="http://www.w3.org/TR/2001/REC-xml-c14n-20010315" /><SignatureMethod Algorithm="http://www.w3.org/2000/09/xmldsig#rsa-sha1" /><Reference URI="#Sitecore.Print.DocumentService"><DigestMethod Algorithm="http://www.w3.org/2000/09/xmldsig#sha1" /><DigestValue>mAq0Tci9p59EEN2m6/G+rLYxQ2s=</DigestValue></Reference></SignedInfo><SignatureValue xmlns="http://www.w3.org/2000/09/xmldsig#">j2Ivm/js/3HN0PnRz6yarEx9fVtka+O0nfMkNMPDETp4Qq5QzuMRyNm0amF55rLRJXVsdpDb2LIpYMiIAoypzKjgHxbwfOwqeMHUhfwyCK19QqgdB850HTr3nIeJgV2EIv/NYoPNOZAazF1mLSbZOi3VnRuYckW8N7G10vTH4Bg=</SignatureValue><KeyInfo xmlns="http://www.w3.org/2000/09/xmldsig#"><KeyValue><RSAKeyValue><Modulus>wRSGFs73V0JMKVVRCX9pEVmluvNojvtDvzHduZ+pX458q9THGbti8zEty6ydF7nxVFCRriONFm6w+PtcZhRT+eXMb21jzY6biII4BXdh91BmVZ96FyYROMnHS6zjfK7+oDbsVV8XWkZ11DiHa+9wySxQcc4fBd23xGYpo52p2fc=</Modulus><Exponent>AQAB</Exponent></RSAKeyValue></KeyValue></KeyInfo><Object Id="Sitecore.Print.DocumentService" xmlns="http://www.w3.org/2000/09/xmldsig#"><module xmlns=""><idref>20180806215615</idref><name>Sitecore.Print.DocumentService</name><count>1</count><expiration>20190831T000000</expiration><version>9</version><comment /><licenseagreement>?</licenseagreement></module></Object></Signature><Signature><SignedInfo xmlns="http://www.w3.org/2000/09/xmldsig#"><CanonicalizationMethod Algorithm="http://www.w3.org/TR/2001/REC-xml-c14n-20010315" /><SignatureMethod Algorithm="http://www.w3.org/2000/09/xmldsig#rsa-sha1" /><Reference URI="#Sitecore.Print.Runtime"><DigestMethod Algorithm="http://www.w3.org/2000/09/xmldsig#sha1" /><DigestValue>1/82me0PJJvfkO7xGL8aD4faCss=</DigestValue></Reference></SignedInfo><SignatureValue xmlns="http://www.w3.org/2000/09/xmldsig#">fDv+uC0ZZs9zqFpijXgyddW++9aRA5+1Row9k3XjJ3j9AnerNvP9FLUTqvUDv/NpvonTCexh8ZxpGbefTozPulYswVcAQxue9pwE1aMcPBoBeJBmDqw8eXT0B6hERyBHZJu7/1FMhxRaHYcF9r3I5R+W+RIwirvkProR79qWPmo=</SignatureValue><KeyInfo xmlns="http://www.w3.org/2000/09/xmldsig#"><KeyValue><RSAKeyValue><Modulus>wRSGFs73V0JMKVVRCX9pEVmluvNojvtDvzHduZ+pX458q9THGbti8zEty6ydF7nxVFCRriONFm6w+PtcZhRT+eXMb21jzY6biII4BXdh91BmVZ96FyYROMnHS6zjfK7+oDbsVV8XWkZ11DiHa+9wySxQcc4fBd23xGYpo52p2fc=</Modulus><Exponent>AQAB</Exponent></RSAKeyValue></KeyValue></KeyInfo><Object Id="Sitecore.Print.Runtime" xmlns="http://www.w3.org/2000/09/xmldsig#"><module xmlns=""><idref>20180806215615</idref><name>Sitecore.Print.Runtime</name><count>1</count><expiration>20190831T000000</expiration><version>9</version><comment /><licenseagreement>?</licenseagreement></module></Object></Signature><Signature><SignedInfo xmlns="http://www.w3.org/2000/09/xmldsig#"><CanonicalizationMethod Algorithm="http://www.w3.org/TR/2001/REC-xml-c14n-20010315" /><SignatureMethod Algorithm="http://www.w3.org/2000/09/xmldsig#rsa-sha1" /><Reference URI="#Sitecore.Print.User"><DigestMethod Algorithm="http://www.w3.org/2000/09/xmldsig#sha1" /><DigestValue>9sTlZKxt+nMdkhIZ3CJNf2sBPVc=</DigestValue></Reference></SignedInfo><SignatureValue xmlns="http://www.w3.org/2000/09/xmldsig#">fOzUUBEQ3C2pGF1a+wECeas4mYi+njSpu+cI4uannLwCVlLhDrzNQgs1EXnnR+bouNcn1PAWItMRBOciSqZkzCWyuqK3kjM1PZR2S38C+A0MbBi5AX4iyRIZPiy3Tqdnco72q7IbKk78ZnDV7+0LAavU+1Zx/hQgq9NW4d2Rq+I=</SignatureValue><KeyInfo xmlns="http://www.w3.org/2000/09/xmldsig#"><KeyValue><RSAKeyValue><Modulus>wRSGFs73V0JMKVVRCX9pEVmluvNojvtDvzHduZ+pX458q9THGbti8zEty6ydF7nxVFCRriONFm6w+PtcZhRT+eXMb21jzY6biII4BXdh91BmVZ96FyYROMnHS6zjfK7+oDbsVV8XWkZ11DiHa+9wySxQcc4fBd23xGYpo52p2fc=</Modulus><Exponent>AQAB</Exponent></RSAKeyValue></KeyValue></KeyInfo><Object Id="Sitecore.Print.User" xmlns="http://www.w3.org/2000/09/xmldsig#"><module xmlns=""><idref>20180806215615</idref><name>Sitecore.Print.User</name><count>1</count><expiration>20190831T000000</expiration><version>9</version><comment /><licenseagreement>?</licenseagreement></module></Object></Signature><Signature><SignedInfo xmlns="http://www.w3.org/2000/09/xmldsig#"><CanonicalizationMethod Algorithm="http://www.w3.org/TR/2001/REC-xml-c14n-20010315" /><SignatureMethod Algorithm="http://www.w3.org/2000/09/xmldsig#rsa-sha1" /><Reference URI="#Sitecore.Print.Workstation"><DigestMethod Algorithm="http://www.w3.org/2000/09/xmldsig#sha1" /><DigestValue>VS5/WKdSloIvA9CV/mK0OaVrlOk=</DigestValue></Reference></SignedInfo><SignatureValue xmlns="http://www.w3.org/2000/09/xmldsig#">PxO9nOuUn9GyXHono/+RSZ8uz+ANgrgIBtunw+B4wOvWAdeByPqT7dWhLvGy/cNpOySdfS/rxxgwjwmWrIb9Yrek6QYia+HyeQnRQ6mm2ILFa0+/mfMV5QhfVcWIHLz+7binYfpKLeQqbKiBiWotW9nbOp6rcq5IOXZpoJlBMlU=</SignatureValue><KeyInfo xmlns="http://www.w3.org/2000/09/xmldsig#"><KeyValue><RSAKeyValue><Modulus>wRSGFs73V0JMKVVRCX9pEVmluvNojvtDvzHduZ+pX458q9THGbti8zEty6ydF7nxVFCRriONFm6w+PtcZhRT+eXMb21jzY6biII4BXdh91BmVZ96FyYROMnHS6zjfK7+oDbsVV8XWkZ11DiHa+9wySxQcc4fBd23xGYpo52p2fc=</Modulus><Exponent>AQAB</Exponent></RSAKeyValue></KeyValue></KeyInfo><Object Id="Sitecore.Print.Workstation" xmlns="http://www.w3.org/2000/09/xmldsig#"><module xmlns=""><idref>20180806215615</idref><name>Sitecore.Print.Workstation</name><count>1</count><expiration>20190831T000000</expiration><version>9</version><comment /><licenseagreement>?</licenseagreement></module></Object></Signature><Signature><SignedInfo xmlns="http://www.w3.org/2000/09/xmldsig#"><CanonicalizationMethod Algorithm="http://www.w3.org/TR/2001/REC-xml-c14n-20010315" /><SignatureMethod Algorithm="http://www.w3.org/2000/09/xmldsig#rsa-sha1" /><Reference URI="#SiteCore.Runtime"><DigestMethod Algorithm="http://www.w3.org/2000/09/xmldsig#sha1" /><DigestValue>Md3wFoHMP9bUS1K7LL4Ctn9Oyk4=</DigestValue></Reference></SignedInfo><SignatureValue xmlns="http://www.w3.org/2000/09/xmldsig#">kG/GVPyuMrE1fq+bMzRnSRbMnU2B+jGm2dPhsPfvqvPNdhngb13O0E3HT1lPqgESdVrol1UPEHKMHqYB3CEpZL4rnqMc80xN3xmfK5qFUP5kxuMDYtbAMDGimkcxAooQ5fhiPgpylnqJKa3iuFZ93344gjlKcvH//aQCEZdRGgk=</SignatureValue><KeyInfo xmlns="http://www.w3.org/2000/09/xmldsig#"><KeyValue><RSAKeyValue><Modulus>wRSGFs73V0JMKVVRCX9pEVmluvNojvtDvzHduZ+pX458q9THGbti8zEty6ydF7nxVFCRriONFm6w+PtcZhRT+eXMb21jzY6biII4BXdh91BmVZ96FyYROMnHS6zjfK7+oDbsVV8XWkZ11DiHa+9wySxQcc4fBd23xGYpo52p2fc=</Modulus><Exponent>AQAB</Exponent></RSAKeyValue></KeyValue></KeyInfo><Object Id="SiteCore.Runtime" xmlns="http://www.w3.org/2000/09/xmldsig#"><module xmlns=""><idref>20180806215615</idref><name>SiteCore.Runtime</name><count>1</count><expiration>20190831T000000</expiration><version>9</version><comment /><licenseagreement>?</licenseagreement></module></Object></Signature><Signature><SignedInfo xmlns="http://www.w3.org/2000/09/xmldsig#"><CanonicalizationMethod Algorithm="http://www.w3.org/TR/2001/REC-xml-c14n-20010315" /><SignatureMethod Algorithm="http://www.w3.org/2000/09/xmldsig#rsa-sha1" /><Reference URI="#Sitecore.SEO"><DigestMethod Algorithm="http://www.w3.org/2000/09/xmldsig#sha1" /><DigestValue>bj7JxexrCAITT/kRNveOf9i7jAM=</DigestValue></Reference></SignedInfo><SignatureValue xmlns="http://www.w3.org/2000/09/xmldsig#">YS5zFI+J6zUiyB+KLWooa4oAQc1vKoKqjqzkL+7GsH0JAG/XGF9dlWt86O9Mb2bgIkhAyY28MaiHO3PeoWOE8Hw/0nVrR0KxEogkmPUjWuKYN1LbmF59zJow6eymYiX/s0JSDQ3MJSzNey0plKvvU+GDaIzxFqktO84Wci4fmGE=</SignatureValue><KeyInfo xmlns="http://www.w3.org/2000/09/xmldsig#"><KeyValue><RSAKeyValue><Modulus>wRSGFs73V0JMKVVRCX9pEVmluvNojvtDvzHduZ+pX458q9THGbti8zEty6ydF7nxVFCRriONFm6w+PtcZhRT+eXMb21jzY6biII4BXdh91BmVZ96FyYROMnHS6zjfK7+oDbsVV8XWkZ11DiHa+9wySxQcc4fBd23xGYpo52p2fc=</Modulus><Exponent>AQAB</Exponent></RSAKeyValue></KeyValue></KeyInfo><Object Id="Sitecore.SEO" xmlns="http://www.w3.org/2000/09/xmldsig#"><module xmlns=""><idref>20180806215615</idref><name>Sitecore.SEO</name><count>1</count><expiration>20190831T000000</expiration><version>9</version><comment /><licenseagreement>?</licenseagreement></module></Object></Signature><Signature><SignedInfo xmlns="http://www.w3.org/2000/09/xmldsig#"><CanonicalizationMethod Algorithm="http://www.w3.org/TR/2001/REC-xml-c14n-20010315" /><SignatureMethod Algorithm="http://www.w3.org/2000/09/xmldsig#rsa-sha1" /><Reference URI="#Sitecore.Sharepoint"><DigestMethod Algorithm="http://www.w3.org/2000/09/xmldsig#sha1" /><DigestValue>QXChS7KeZ6n41T1cW5FfJimJWfs=</DigestValue></Reference></SignedInfo><SignatureValue xmlns="http://www.w3.org/2000/09/xmldsig#">iEj1p+UlWXNqsFan93yTJ95ezz+IPtcM3tesKVn3vTWzrPYFpl/gIiSd/0XJbMb84+DHvZW+H1OC0ONCTaZz4L3uttFdnraO04NVP5O7Rmk21n3k9s5icU1sWueH2MxBWOP4d0t4/DiwMF1JVTktUPiY18NfIQjgV4uz+b6lGQA=</SignatureValue><KeyInfo xmlns="http://www.w3.org/2000/09/xmldsig#"><KeyValue><RSAKeyValue><Modulus>wRSGFs73V0JMKVVRCX9pEVmluvNojvtDvzHduZ+pX458q9THGbti8zEty6ydF7nxVFCRriONFm6w+PtcZhRT+eXMb21jzY6biII4BXdh91BmVZ96FyYROMnHS6zjfK7+oDbsVV8XWkZ11DiHa+9wySxQcc4fBd23xGYpo52p2fc=</Modulus><Exponent>AQAB</Exponent></RSAKeyValue></KeyValue></KeyInfo><Object Id="Sitecore.Sharepoint" xmlns="http://www.w3.org/2000/09/xmldsig#"><module xmlns=""><idref>20180806215615</idref><name>Sitecore.Sharepoint</name><count>1</count><expiration>20190831T000000</expiration><version>9</version><comment /><licenseagreement>?</licenseagreement></module></Object></Signature><Signature><SignedInfo xmlns="http://www.w3.org/2000/09/xmldsig#"><CanonicalizationMethod Algorithm="http://www.w3.org/TR/2001/REC-xml-c14n-20010315" /><SignatureMethod Algorithm="http://www.w3.org/2000/09/xmldsig#rsa-sha1" /><Reference URI="#Sitecore.SiteUser"><DigestMethod Algorithm="http://www.w3.org/2000/09/xmldsig#sha1" /><DigestValue>bH2owQVmpZI6I8N/2lLeUX+hQ/Y=</DigestValue></Reference></SignedInfo><SignatureValue xmlns="http://www.w3.org/2000/09/xmldsig#">MfWvwsRBt44TVE28ztmsJzBvD0t+caz75Xs8NrDlgn09+GiBNRyxBG2Ydi/3nbAcEF7uc9DegmnsJ81Tyu90jUL7uGCs8K4xPRrkGAe4NN49eXrWmKd9ADb4AF8MXmyqnyNU/A8RcV26q8JG5o5jri1e2icbdfrjp5LjQjR1tU0=</SignatureValue><KeyInfo xmlns="http://www.w3.org/2000/09/xmldsig#"><KeyValue><RSAKeyValue><Modulus>wRSGFs73V0JMKVVRCX9pEVmluvNojvtDvzHduZ+pX458q9THGbti8zEty6ydF7nxVFCRriONFm6w+PtcZhRT+eXMb21jzY6biII4BXdh91BmVZ96FyYROMnHS6zjfK7+oDbsVV8XWkZ11DiHa+9wySxQcc4fBd23xGYpo52p2fc=</Modulus><Exponent>AQAB</Exponent></RSAKeyValue></KeyValue></KeyInfo><Object Id="Sitecore.SiteUser" xmlns="http://www.w3.org/2000/09/xmldsig#"><module xmlns=""><idref>20180806215615</idref><name>Sitecore.SiteUser</name><count>1000</count><expiration>20190831T000000</expiration><version>9</version><comment /><licenseagreement>?</licenseagreement></module></Object></Signature><Signature><SignedInfo xmlns="http://www.w3.org/2000/09/xmldsig#"><CanonicalizationMethod Algorithm="http://www.w3.org/TR/2001/REC-xml-c14n-20010315" /><SignatureMethod Algorithm="http://www.w3.org/2000/09/xmldsig#rsa-sha1" /><Reference URI="#SiteCore.SQLConnector"><DigestMethod Algorithm="http://www.w3.org/2000/09/xmldsig#sha1" /><DigestValue>KloHh98TMT1pVhqN6KqUDov9pJY=</DigestValue></Reference></SignedInfo><SignatureValue xmlns="http://www.w3.org/2000/09/xmldsig#">Nh/ko3NzSuPQ7kvjf8J7Gb4oiG6O8lQQwTiUTujZtVFlKm0RU0v8tkwAb2aOHb8hhSgX7CNdJEYgtUldVnIx01kYz40ywp8OgBPOuYaw5QizacO3zkncjuh+ul0phSVUWjN4HtnuZ0ASlLaqhoVOpKja0iKClzfWn5h8PAKXQSk=</SignatureValue><KeyInfo xmlns="http://www.w3.org/2000/09/xmldsig#"><KeyValue><RSAKeyValue><Modulus>wRSGFs73V0JMKVVRCX9pEVmluvNojvtDvzHduZ+pX458q9THGbti8zEty6ydF7nxVFCRriONFm6w+PtcZhRT+eXMb21jzY6biII4BXdh91BmVZ96FyYROMnHS6zjfK7+oDbsVV8XWkZ11DiHa+9wySxQcc4fBd23xGYpo52p2fc=</Modulus><Exponent>AQAB</Exponent></RSAKeyValue></KeyValue></KeyInfo><Object Id="SiteCore.SQLConnector" xmlns="http://www.w3.org/2000/09/xmldsig#"><module xmlns=""><idref>20180806215615</idref><name>SiteCore.SQLConnector</name><count>1</count><expiration>20190831T000000</expiration><version>9</version><comment /><licenseagreement>?</licenseagreement></module></Object></Signature><Signature><SignedInfo xmlns="http://www.w3.org/2000/09/xmldsig#"><CanonicalizationMethod Algorithm="http://www.w3.org/TR/2001/REC-xml-c14n-20010315" /><SignatureMethod Algorithm="http://www.w3.org/2000/09/xmldsig#rsa-sha1" /><Reference URI="#Sitecore.SXA"><DigestMethod Algorithm="http://www.w3.org/2000/09/xmldsig#sha1" /><DigestValue>9E7hunGTzUAEF/OY9BSV9xkngtc=</DigestValue></Reference></SignedInfo><SignatureValue xmlns="http://www.w3.org/2000/09/xmldsig#">NNEvSub34OlC09VWnISi0yeyW7GuV/mSvyzch5OWT2zm3xFyxozez88Ias8ilFTlgkttzWIQ8cuWOgHqxEoxyw8Q2T2J6HPcR494g6L7ccpy8sajFhDBNUF0ai/hIgvgSEuiqR50q7ZyTJqgdQXFKNH98+wDzjZjyKL3i0S10/g=</SignatureValue><KeyInfo xmlns="http://www.w3.org/2000/09/xmldsig#"><KeyValue><RSAKeyValue><Modulus>wRSGFs73V0JMKVVRCX9pEVmluvNojvtDvzHduZ+pX458q9THGbti8zEty6ydF7nxVFCRriONFm6w+PtcZhRT+eXMb21jzY6biII4BXdh91BmVZ96FyYROMnHS6zjfK7+oDbsVV8XWkZ11DiHa+9wySxQcc4fBd23xGYpo52p2fc=</Modulus><Exponent>AQAB</Exponent></RSAKeyValue></KeyValue></KeyInfo><Object Id="Sitecore.SXA" xmlns="http://www.w3.org/2000/09/xmldsig#"><module xmlns=""><idref>20180806215615</idref><name>Sitecore.SXA</name><count>1</count><expiration>20190831T000000</expiration><version>9</version><comment /><licenseagreement>?</licenseagreement></module></Object></Signature><Signature><SignedInfo xmlns="http://www.w3.org/2000/09/xmldsig#"><CanonicalizationMethod Algorithm="http://www.w3.org/TR/2001/REC-xml-c14n-20010315" /><SignatureMethod Algorithm="http://www.w3.org/2000/09/xmldsig#rsa-sha1" /><Reference URI="#Sitecore.Visit"><DigestMethod Algorithm="http://www.w3.org/2000/09/xmldsig#sha1" /><DigestValue>rEavcjscrWYUAknycJDipddrsHc=</DigestValue></Reference></SignedInfo><SignatureValue xmlns="http://www.w3.org/2000/09/xmldsig#">Y+Frn5kC0bGzu7XuE223x3ZMKXnVXKFguD5hXL5dJYsVj3/cMXL3qFDMMYSS+reSXVP34v+oj20bdmRLLQUGn1ixvdgxFYF5Z7BLHzAR734UWQNcdEgCl/FpDgaaxjnwJpnnLOProcC/CEHhGtUt6G079nHH3WjuHZ6eupnVAfw=</SignatureValue><KeyInfo xmlns="http://www.w3.org/2000/09/xmldsig#"><KeyValue><RSAKeyValue><Modulus>wRSGFs73V0JMKVVRCX9pEVmluvNojvtDvzHduZ+pX458q9THGbti8zEty6ydF7nxVFCRriONFm6w+PtcZhRT+eXMb21jzY6biII4BXdh91BmVZ96FyYROMnHS6zjfK7+oDbsVV8XWkZ11DiHa+9wySxQcc4fBd23xGYpo52p2fc=</Modulus><Exponent>AQAB</Exponent></RSAKeyValue></KeyValue></KeyInfo><Object Id="Sitecore.Visit" xmlns="http://www.w3.org/2000/09/xmldsig#"><module xmlns=""><idref>20180806215615</idref><name>Sitecore.Visit</name><count>1</count><expiration>20190831T000000</expiration><version>9</version><comment /><licenseagreement>?</licenseagreement></module></Object></Signature><Signature><SignedInfo xmlns="http://www.w3.org/2000/09/xmldsig#"><CanonicalizationMethod Algorithm="http://www.w3.org/TR/2001/REC-xml-c14n-20010315" /><SignatureMethod Algorithm="http://www.w3.org/2000/09/xmldsig#rsa-sha1" /><Reference URI="#Sitecore.WFFM"><DigestMethod Algorithm="http://www.w3.org/2000/09/xmldsig#sha1" /><DigestValue>v8UOzBGEBThxrBPCJRe4fokb3ug=</DigestValue></Reference></SignedInfo><SignatureValue xmlns="http://www.w3.org/2000/09/xmldsig#">aLFWjhL8DtoUqcGpXqM4Q8HOmGM7i3ud2HB2aoMzLAmxeB6Hrsry/H9WIiJSjOS/TlYfbm4o+MBEBc7y29vPUMm+apD/V21tZxyGJBeN6KX8h3fXdzN2/5MVrpEuW63YwqF5YOZTR5LxdXp95Bp7jxYRYUT6pbScbkWfd2HtKIA=</SignatureValue><KeyInfo xmlns="http://www.w3.org/2000/09/xmldsig#"><KeyValue><RSAKeyValue><Modulus>wRSGFs73V0JMKVVRCX9pEVmluvNojvtDvzHduZ+pX458q9THGbti8zEty6ydF7nxVFCRriONFm6w+PtcZhRT+eXMb21jzY6biII4BXdh91BmVZ96FyYROMnHS6zjfK7+oDbsVV8XWkZ11DiHa+9wySxQcc4fBd23xGYpo52p2fc=</Modulus><Exponent>AQAB</Exponent></RSAKeyValue></KeyValue></KeyInfo><Object Id="Sitecore.WFFM" xmlns="http://www.w3.org/2000/09/xmldsig#"><module xmlns=""><idref>20180806215615</idref><name>Sitecore.WFFM</name><count>1</count><expiration>20190831T000000</expiration><version>9</version><comment /><licenseagreement>?</licenseagreement></module></Object></Signature><Signature><SignedInfo xmlns="http://www.w3.org/2000/09/xmldsig#"><CanonicalizationMethod Algorithm="http://www.w3.org/TR/2001/REC-xml-c14n-20010315" /><SignatureMethod Algorithm="http://www.w3.org/2000/09/xmldsig#rsa-sha1" /><Reference URI="#Sitecore.xDB.Base"><DigestMethod Algorithm="http://www.w3.org/2000/09/xmldsig#sha1" /><DigestValue>S0knsApeOh+EeTOlV+r4vHi/raA=</DigestValue></Reference></SignedInfo><SignatureValue xmlns="http://www.w3.org/2000/09/xmldsig#">gVNz5CN3XtA24OLPl+Wzly/6dz38gDM7vCAeKs38LMpVUZ+Xsh81JlX8EK0G+Kuv5q+Qv0L85TXiO0kYkcHsBR+ljy3fU36OqsdoBx1O802U0uXHVwMJ0IJbbyky7zyLZ4q3Uko6qvl1IvTenU5Pq2v+8NUnzUAVZZrhvX95E6c=</SignatureValue><KeyInfo xmlns="http://www.w3.org/2000/09/xmldsig#"><KeyValue><RSAKeyValue><Modulus>wRSGFs73V0JMKVVRCX9pEVmluvNojvtDvzHduZ+pX458q9THGbti8zEty6ydF7nxVFCRriONFm6w+PtcZhRT+eXMb21jzY6biII4BXdh91BmVZ96FyYROMnHS6zjfK7+oDbsVV8XWkZ11DiHa+9wySxQcc4fBd23xGYpo52p2fc=</Modulus><Exponent>AQAB</Exponent></RSAKeyValue></KeyValue></KeyInfo><Object Id="Sitecore.xDB.Base" xmlns="http://www.w3.org/2000/09/xmldsig#"><module xmlns=""><idref>20180806215615</idref><name>Sitecore.xDB.Base</name><count>1</count><expiration>20190831T000000</expiration><version>9</version><comment /><licenseagreement>?</licenseagreement></module></Object></Signature><Signature><SignedInfo xmlns="http://www.w3.org/2000/09/xmldsig#"><CanonicalizationMethod Algorithm="http://www.w3.org/TR/2001/REC-xml-c14n-20010315" /><SignatureMethod Algorithm="http://www.w3.org/2000/09/xmldsig#rsa-sha1" /><Reference URI="#Sitecore.JSS"><DigestMethod Algorithm="http://www.w3.org/2000/09/xmldsig#sha1" /><DigestValue>6sXCZRHO1tx/uf6amqfi0KaIBP8=</DigestValue></Reference></SignedInfo><SignatureValue xmlns="http://www.w3.org/2000/09/xmldsig#">LcgCGCtqf6u6GCpYU2hDpDLi29+eYvpo1N6zo1JfEGGxYyzDPUEQ0eZLB5/Zz40TLKmHi9ji47VuB1Kjcl3+g6jm1gEPA4stk+8zUwaCWtG87C1YfH1VauqenuMAGj2rjiEoiqaeGh5VvZQeBWSaismZJ+LC+rsp4wIuqlOTpps=</SignatureValue><KeyInfo xmlns="http://www.w3.org/2000/09/xmldsig#"><KeyValue><RSAKeyValue><Modulus>wRSGFs73V0JMKVVRCX9pEVmluvNojvtDvzHduZ+pX458q9THGbti8zEty6ydF7nxVFCRriONFm6w+PtcZhRT+eXMb21jzY6biII4BXdh91BmVZ96FyYROMnHS6zjfK7+oDbsVV8XWkZ11DiHa+9wySxQcc4fBd23xGYpo52p2fc=</Modulus><Exponent>AQAB</Exponent></RSAKeyValue></KeyValue></KeyInfo><Object Id="Sitecore.JSS" xmlns="http://www.w3.org/2000/09/xmldsig#"><module xmlns=""><idref>20180806215615</idref><name>Sitecore.JSS</name><count>1</count><expiration>20190831T000000</expiration><version>9</version><comment /><licenseagreement>?</licenseagreement></module></Object></Signature><Signature><SignedInfo xmlns="http://www.w3.org/2000/09/xmldsig#"><CanonicalizationMethod Algorithm="http://www.w3.org/TR/2001/REC-xml-c14n-20010315" /><SignatureMethod Algorithm="http://www.w3.org/2000/09/xmldsig#rsa-sha1" /><Reference URI="#Sitecore.SFMC"><DigestMethod Algorithm="http://www.w3.org/2000/09/xmldsig#sha1" /><DigestValue>iGbeowhZ7lZhJ9AmipI0cS1hJ+4=</DigestValue></Reference></SignedInfo><SignatureValue xmlns="http://www.w3.org/2000/09/xmldsig#">lO58L4lHGEjtKj40Cw3sjse+M0bWW1ePFot6RV9fYgPBaIvEB7lC8ey8goq9RhocLbYmTwBvRopvOkqrEPEtjy2J+u9qx2ClIdazwtzPtbc164w4VARh3BsHwd/0fLb5TpAuaEIIbHxNADG1Bu4DgRCxEhZ9iuvauS7p2dK0sS0=</SignatureValue><KeyInfo xmlns="http://www.w3.org/2000/09/xmldsig#"><KeyValue><RSAKeyValue><Modulus>wRSGFs73V0JMKVVRCX9pEVmluvNojvtDvzHduZ+pX458q9THGbti8zEty6ydF7nxVFCRriONFm6w+PtcZhRT+eXMb21jzY6biII4BXdh91BmVZ96FyYROMnHS6zjfK7+oDbsVV8XWkZ11DiHa+9wySxQcc4fBd23xGYpo52p2fc=</Modulus><Exponent>AQAB</Exponent></RSAKeyValue></KeyValue></KeyInfo><Object Id="Sitecore.SFMC" xmlns="http://www.w3.org/2000/09/xmldsig#"><module xmlns=""><idref>20180806215615</idref><name>Sitecore.SFMC</name><count>1</count><expiration>20190831T000000</expiration><version>9</version><comment /><licenseagreement>?</licenseagreement></module></Object></Signature></signedlicense>